symbol,min_spread,phi,open_mult,rho,zeta,theta_kappa,classifier_threshold,train_sharpe,test_sharpe,test_pnl,total_pnl,avg_daily_pnl,profitable_days,test_days,pnl_std
ADANIPORTS26JUNFUT,0.1,0.001,2.0,0.2,0.3,1.0,0.4,1.4339,5.4325,23543.11,5322.32,1064.46,3,4,23961.48
ADANIPORTS26JUNFUT,0.1,0.001,2.0,0.2,0.3,1.0,0.5,0.9604,5.4075,22462.17,1706.42,341.28,3,4,24914.33
ADANIPORTS26JUNFUT,0.1,0.001,2.0,0.2,0.3,1.0,0.6,-1.7982,5.5225,22513.85,-12151.5,-2430.3,3,4,24485.29
ADANIPORTS26JUNFUT,0.1,0.001,2.0,0.2,0.3,1.5,0.4,-8.1685,4.5725,-27193.01,-54387.65,-10877.53,2,4,21112.51
ADANIPORTS26JUNFUT,0.1,0.001,2.0,0.2,0.3,1.5,0.5,-6.4567,4.675,-14500.81,-41783.02,-8356.6,2,4,18594.28
ADANIPORTS26JUNFUT,0.1,0.001,2.0,0.2,0.3,1.5,0.6,-1.4072,4.7825,-6156.97,-27938.33,-5587.67,2,4,21084.86
ADANIPORTS26JUNFUT,0.1,0.001,2.0,0.2,0.3,2.0,0.4,-23.0126,4.1,-97226.88,-157656.4,-31531.28,0,4,15617.33
ADANIPORTS26JUNFUT,0.1,0.001,2.0,0.2,0.3,2.0,0.5,-26.9204,3.855,-122536.71,-184005.26,-36801.05,0,4,15307.48
ADANIPORTS26JUNFUT,0.1,0.001,2.0,0.2,0.3,2.0,0.6,-27.0256,3.945,-118893.77,-175133.49,-35026.7,0,4,15543.52
ADANIPORTS26JUNFUT,0.1,0.001,2.0,0.2,0.5,1.0,0.4,1.9366,5.4775,28071.0,10689.32,2137.86,3,4,22872.06
ADANIPORTS26JUNFUT,0.1,0.001,2.0,0.2,0.5,1.0,0.5,1.4181,5.4375,26676.78,6764.89,1352.98,3,4,23818.19
ADANIPORTS26JUNFUT,0.1,0.001,2.0,0.2,0.5,1.0,0.6,-1.7982,5.52,22586.29,-12079.06,-2415.81,3,4,24491.25
ADANIPORTS26JUNFUT,0.1,0.001,2.0,0.2,0.5,1.5,0.4,-8.036,4.625,-22961.26,-50165.39,-10033.08,2,4,20945.69
ADANIPORTS26JUNFUT,0.1,0.001,2.0,0.2,0.5,1.5,0.5,-4.9271,4.8025,-6815.42,-34107.12,-6821.42,2,4,19197.37
ADANIPORTS26JUNFUT,0.1,0.001,2.0,0.2,0.5,1.5,0.6,-1.4072,4.7875,-5378.36,-27159.72,-5431.94,2,4,20903.35
ADANIPORTS26JUNFUT,0.1,0.001,2.0,0.2,0.5,2.0,0.4,-23.8397,4.1,-97241.15,-155370.1,-31074.02,0,4,14767.17
ADANIPORTS26JUNFUT,0.1,0.001,2.0,0.2,0.5,2.0,0.5,-26.9283,3.855,-122550.97,-184024.27,-36804.85,0,4,15305.44
ADANIPORTS26JUNFUT,0.1,0.001,2.0,0.2,0.5,2.0,0.6,-27.0256,3.945,-118898.53,-175138.25,-35027.65,0,4,15544.08
ADANIPORTS26JUNFUT,0.1,0.001,2.0,0.2,1.0,1.0,0.4,1.6394,5.39,25850.68,8423.72,1684.74,3,4,21898.17
ADANIPORTS26JUNFUT,0.1,0.001,2.0,0.2,1.0,1.0,0.5,1.3976,5.39,26695.18,6742.76,1348.55,3,4,23615.12
ADANIPORTS26JUNFUT,0.1,0.001,2.0,0.2,1.0,1.0,0.6,-1.7979,5.5175,22581.54,-12079.07,-2415.81,3,4,24490.83
ADANIPORTS26JUNFUT,0.1,0.001,2.0,0.2,1.0,1.5,0.4,-5.8312,4.8525,-5284.03,-27214.25,-5442.85,2,4,17021.36
ADANIPORTS26JUNFUT,0.1,0.001,2.0,0.2,1.0,1.5,0.5,-4.1448,4.805,-6421.39,-28429.68,-5685.94,2,4,18280.9
ADANIPORTS26JUNFUT,0.1,0.001,2.0,0.2,1.0,1.5,0.6,-1.387,4.79,-4979.57,-26760.93,-5352.19,2,4,21002.38
ADANIPORTS26JUNFUT,0.1,0.001,2.0,0.2,1.0,2.0,0.4,-23.8404,4.1,-97250.65,-155393.86,-31078.77,0,4,14771.25
ADANIPORTS26JUNFUT,0.1,0.001,2.0,0.2,1.0,2.0,0.5,-26.9259,3.855,-122546.23,-184014.78,-36802.96,0,4,15303.44
ADANIPORTS26JUNFUT,0.1,0.001,2.0,0.2,1.0,2.0,0.6,-27.0181,3.945,-118893.78,-175133.5,-35026.7,0,4,15545.35
ADANIPORTS26JUNFUT,0.1,0.001,2.0,0.3,0.3,1.0,0.4,1.4339,5.4325,23543.11,5322.32,1064.46,3,4,23961.48
ADANIPORTS26JUNFUT,0.1,0.001,2.0,0.3,0.3,1.0,0.5,0.9604,5.4075,22462.17,1706.42,341.28,3,4,24914.33
ADANIPORTS26JUNFUT,0.1,0.001,2.0,0.3,0.3,1.0,0.6,-1.7982,5.5225,22513.85,-12151.5,-2430.3,3,4,24485.29
ADANIPORTS26JUNFUT,0.1,0.001,2.0,0.3,0.3,1.5,0.4,-8.1685,4.5725,-27193.01,-54387.65,-10877.53,2,4,21112.51
ADANIPORTS26JUNFUT,0.1,0.001,2.0,0.3,0.3,1.5,0.5,-6.4567,4.675,-14500.81,-41783.02,-8356.6,2,4,18594.28
ADANIPORTS26JUNFUT,0.1,0.001,2.0,0.3,0.3,1.5,0.6,-1.4072,4.7825,-6156.97,-27938.33,-5587.67,2,4,21084.86
ADANIPORTS26JUNFUT,0.1,0.001,2.0,0.3,0.3,2.0,0.4,-23.0126,4.1,-97226.88,-157656.4,-31531.28,0,4,15617.33
ADANIPORTS26JUNFUT,0.1,0.001,2.0,0.3,0.3,2.0,0.5,-26.9204,3.855,-122536.71,-184005.26,-36801.05,0,4,15307.48
ADANIPORTS26JUNFUT,0.1,0.001,2.0,0.3,0.3,2.0,0.6,-27.0256,3.945,-118893.77,-175133.49,-35026.7,0,4,15543.52
ADANIPORTS26JUNFUT,0.1,0.001,2.0,0.3,0.5,1.0,0.4,1.9366,5.4775,28071.0,10689.32,2137.86,3,4,22872.06
ADANIPORTS26JUNFUT,0.1,0.001,2.0,0.3,0.5,1.0,0.5,1.4181,5.4375,26676.78,6764.89,1352.98,3,4,23818.19
ADANIPORTS26JUNFUT,0.1,0.001,2.0,0.3,0.5,1.0,0.6,-1.7982,5.52,22586.29,-12079.06,-2415.81,3,4,24491.25
ADANIPORTS26JUNFUT,0.1,0.001,2.0,0.3,0.5,1.5,0.4,-8.036,4.625,-22961.26,-50165.39,-10033.08,2,4,20945.69
ADANIPORTS26JUNFUT,0.1,0.001,2.0,0.3,0.5,1.5,0.5,-4.9271,4.8025,-6815.42,-34107.12,-6821.42,2,4,19197.37
ADANIPORTS26JUNFUT,0.1,0.001,2.0,0.3,0.5,1.5,0.6,-1.4072,4.7875,-5378.36,-27159.72,-5431.94,2,4,20903.35
ADANIPORTS26JUNFUT,0.1,0.001,2.0,0.3,0.5,2.0,0.4,-23.8397,4.1,-97241.15,-155370.1,-31074.02,0,4,14767.17
ADANIPORTS26JUNFUT,0.1,0.001,2.0,0.3,0.5,2.0,0.5,-26.9283,3.855,-122550.97,-184024.27,-36804.85,0,4,15305.44
ADANIPORTS26JUNFUT,0.1,0.001,2.0,0.3,0.5,2.0,0.6,-27.0256,3.945,-118898.53,-175138.25,-35027.65,0,4,15544.08
ADANIPORTS26JUNFUT,0.1,0.001,2.0,0.3,1.0,1.0,0.4,1.6394,5.39,25850.68,8423.72,1684.74,3,4,21898.17
ADANIPORTS26JUNFUT,0.1,0.001,2.0,0.3,1.0,1.0,0.5,1.3976,5.39,26695.18,6742.76,1348.55,3,4,23615.12
ADANIPORTS26JUNFUT,0.1,0.001,2.0,0.3,1.0,1.0,0.6,-1.7979,5.5175,22581.54,-12079.07,-2415.81,3,4,24490.83
ADANIPORTS26JUNFUT,0.1,0.001,2.0,0.3,1.0,1.5,0.4,-5.8312,4.8525,-5284.03,-27214.25,-5442.85,2,4,17021.36
ADANIPORTS26JUNFUT,0.1,0.001,2.0,0.3,1.0,1.5,0.5,-4.1448,4.805,-6421.39,-28429.68,-5685.94,2,4,18280.9
ADANIPORTS26JUNFUT,0.1,0.001,2.0,0.3,1.0,1.5,0.6,-1.387,4.79,-4979.57,-26760.93,-5352.19,2,4,21002.38
ADANIPORTS26JUNFUT,0.1,0.001,2.0,0.3,1.0,2.0,0.4,-23.8404,4.1,-97250.65,-155393.86,-31078.77,0,4,14771.25
ADANIPORTS26JUNFUT,0.1,0.001,2.0,0.3,1.0,2.0,0.5,-26.9259,3.855,-122546.23,-184014.78,-36802.96,0,4,15303.44
ADANIPORTS26JUNFUT,0.1,0.001,2.0,0.3,1.0,2.0,0.6,-27.0181,3.945,-118893.78,-175133.5,-35026.7,0,4,15545.35
ADANIPORTS26JUNFUT,0.1,0.001,2.0,0.5,0.3,1.0,0.4,1.4339,5.4325,23543.11,5322.32,1064.46,3,4,23961.48
ADANIPORTS26JUNFUT,0.1,0.001,2.0,0.5,0.3,1.0,0.5,0.9604,5.4075,22462.17,1706.42,341.28,3,4,24914.33
ADANIPORTS26JUNFUT,0.1,0.001,2.0,0.5,0.3,1.0,0.6,-1.7982,5.5225,22513.85,-12151.5,-2430.3,3,4,24485.29
ADANIPORTS26JUNFUT,0.1,0.001,2.0,0.5,0.3,1.5,0.4,-8.1685,4.5725,-27193.01,-54387.65,-10877.53,2,4,21112.51
ADANIPORTS26JUNFUT,0.1,0.001,2.0,0.5,0.3,1.5,0.5,-6.4567,4.675,-14500.81,-41783.02,-8356.6,2,4,18594.28
ADANIPORTS26JUNFUT,0.1,0.001,2.0,0.5,0.3,1.5,0.6,-1.4072,4.7825,-6156.97,-27938.33,-5587.67,2,4,21084.86
ADANIPORTS26JUNFUT,0.1,0.001,2.0,0.5,0.3,2.0,0.4,-23.0126,4.1,-97226.88,-157656.4,-31531.28,0,4,15617.33
ADANIPORTS26JUNFUT,0.1,0.001,2.0,0.5,0.3,2.0,0.5,-26.9204,3.855,-122536.71,-184005.26,-36801.05,0,4,15307.48
ADANIPORTS26JUNFUT,0.1,0.001,2.0,0.5,0.3,2.0,0.6,-27.0256,3.945,-118893.77,-175133.49,-35026.7,0,4,15543.52
ADANIPORTS26JUNFUT,0.1,0.001,2.0,0.5,0.5,1.0,0.4,1.9366,5.4775,28071.0,10689.32,2137.86,3,4,22872.06
ADANIPORTS26JUNFUT,0.1,0.001,2.0,0.5,0.5,1.0,0.5,1.4181,5.4375,26676.78,6764.89,1352.98,3,4,23818.19
ADANIPORTS26JUNFUT,0.1,0.001,2.0,0.5,0.5,1.0,0.6,-1.7982,5.52,22586.29,-12079.06,-2415.81,3,4,24491.25
ADANIPORTS26JUNFUT,0.1,0.001,2.0,0.5,0.5,1.5,0.4,-8.0356,4.625,-22956.51,-50160.65,-10032.13,2,4,20947.1
ADANIPORTS26JUNFUT,0.1,0.001,2.0,0.5,0.5,1.5,0.5,-4.9268,4.8025,-6810.67,-34102.38,-6820.48,2,4,19198.74
ADANIPORTS26JUNFUT,0.1,0.001,2.0,0.5,0.5,1.5,0.6,-1.407,4.7875,-5373.61,-27154.97,-5430.99,2,4,20904.5
ADANIPORTS26JUNFUT,0.1,0.001,2.0,0.5,0.5,2.0,0.4,-23.8397,4.1,-97241.15,-155370.1,-31074.02,0,4,14767.17
ADANIPORTS26JUNFUT,0.1,0.001,2.0,0.5,0.5,2.0,0.5,-26.9283,3.855,-122550.97,-184024.27,-36804.85,0,4,15305.44
ADANIPORTS26JUNFUT,0.1,0.001,2.0,0.5,0.5,2.0,0.6,-27.0256,3.945,-118898.53,-175138.25,-35027.65,0,4,15544.08
ADANIPORTS26JUNFUT,0.1,0.001,2.0,0.5,1.0,1.0,0.4,1.6394,5.39,25850.68,8423.72,1684.74,3,4,21898.17
ADANIPORTS26JUNFUT,0.1,0.001,2.0,0.5,1.0,1.0,0.5,1.3976,5.39,26695.18,6742.76,1348.55,3,4,23615.12
ADANIPORTS26JUNFUT,0.1,0.001,2.0,0.5,1.0,1.0,0.6,-1.7979,5.5175,22586.28,-12074.32,-2414.86,3,4,24491.22
ADANIPORTS26JUNFUT,0.1,0.001,2.0,0.5,1.0,1.5,0.4,-5.8312,4.8525,-5284.03,-27214.25,-5442.85,2,4,17021.36
ADANIPORTS26JUNFUT,0.1,0.001,2.0,0.5,1.0,1.5,0.5,-4.1448,4.805,-6421.39,-28429.68,-5685.94,2,4,18280.9
ADANIPORTS26JUNFUT,0.1,0.001,2.0,0.5,1.0,1.5,0.6,-1.387,4.79,-4979.57,-26760.93,-5352.19,2,4,21002.38
ADANIPORTS26JUNFUT,0.1,0.001,2.0,0.5,1.0,2.0,0.4,-23.8404,4.1,-97250.65,-155393.86,-31078.77,0,4,14771.25
ADANIPORTS26JUNFUT,0.1,0.001,2.0,0.5,1.0,2.0,0.5,-26.9259,3.855,-122546.23,-184014.78,-36802.96,0,4,15303.44
ADANIPORTS26JUNFUT,0.1,0.001,2.0,0.5,1.0,2.0,0.6,-27.0181,3.945,-118893.78,-175133.5,-35026.7,0,4,15545.35
ADANIENT26JUNFUT,0.1,0.001,2.0,0.2,0.3,1.0,0.4,-8.1825,3.665,-169383.29,-142069.1,-28413.82,2,4,46994.01
ADANIENT26JUNFUT,0.1,0.001,2.0,0.2,0.3,1.0,0.5,-5.6653,4.005,-158845.08,-112855.03,-22571.01,2,4,46985.72
ADANIENT26JUNFUT,0.1,0.001,2.0,0.2,0.3,1.0,0.6,-5.9777,3.9875,-155123.56,-109845.74,-21969.15,2,4,46942.74
ADANIENT26JUNFUT,0.1,0.001,2.0,0.2,0.3,1.5,0.4,-91.0317,3.655,-239822.4,-302339.19,-60467.84,0,4,9301.42
ADANIENT26JUNFUT,0.1,0.001,2.0,0.2,0.3,1.5,0.5,-92.0042,3.755,-238112.08,-292328.3,-58465.66,0,4,7857.23
ADANIENT26JUNFUT,0.1,0.001,2.0,0.2,0.3,1.5,0.6,-102.1125,3.6775,-244850.0,-299591.56,-59918.31,0,4,6968.38
ADANIENT26JUNFUT,0.1,0.001,2.0,0.2,0.3,2.0,0.4,-3075.7302,3.315,-271725.01,-344941.67,-68988.33,0,4,11716.21
ADANIENT26JUNFUT,0.1,0.001,2.0,0.2,0.3,2.0,0.5,-146.7561,3.05,-295088.98,-373907.97,-74781.59,0,4,13889.4
ADANIENT26JUNFUT,0.1,0.001,2.0,0.2,0.3,2.0,0.6,-145.4151,3.0125,-300331.08,-378599.77,-75719.95,0,4,13928.84
ADANIENT26JUNFUT,0.1,0.001,2.0,0.2,0.5,1.0,0.4,-7.8379,3.6825,-167103.3,-137196.67,-27439.33,2,4,47511.89
ADANIENT26JUNFUT,0.1,0.001,2.0,0.2,0.5,1.0,0.5,-5.7815,3.955,-163120.92,-116812.77,-23362.55,2,4,47885.81
ADANIENT26JUNFUT,0.1,0.001,2.0,0.2,0.5,1.0,0.6,-5.9773,3.9875,-155123.56,-109842.65,-21968.53,2,4,46943.62
ADANIENT26JUNFUT,0.1,0.001,2.0,0.2,0.5,1.5,0.4,-85.7894,3.64,-241107.18,-303630.15,-60726.03,0,4,9773.89
ADANIENT26JUNFUT,0.1,0.001,2.0,0.2,0.5,1.5,0.5,-91.9644,3.755,-238112.08,-292319.04,-58463.81,0,4,7857.42
ADANIENT26JUNFUT,0.1,0.001,2.0,0.2,0.5,1.5,0.6,-102.1125,3.6775,-244850.0,-299591.56,-59918.31,0,4,6968.38
ADANIENT26JUNFUT,0.1,0.001,2.0,0.2,0.5,2.0,0.4,-212.2839,3.1825,-281299.02,-354518.78,-70903.76,0,4,12935.7
ADANIENT26JUNFUT,0.1,0.001,2.0,0.2,0.5,2.0,0.5,-146.794,3.05,-295079.72,-373901.8,-74780.36,0,4,13888.68
ADANIENT26JUNFUT,0.1,0.001,2.0,0.2,0.5,2.0,0.6,-145.4675,3.0125,-300327.99,-378599.77,-75719.95,0,4,13928.21
ADANIENT26JUNFUT,0.1,0.001,2.0,0.2,1.0,1.0,0.4,-7.8372,3.6825,-167109.49,-137196.69,-27439.34,2,4,47511.45
ADANIENT26JUNFUT,0.1,0.001,2.0,0.2,1.0,1.0,0.5,-5.782,3.955,-163120.93,-116818.95,-23363.79,2,4,47883.1
ADANIENT26JUNFUT,0.1,0.001,2.0,0.2,1.0,1.0,0.6,-5.9781,3.9875,-155123.57,-109848.84,-21969.77,2,4,46941.85
ADANIENT26JUNFUT,0.1,0.001,2.0,0.2,1.0,1.5,0.4,-84.3545,3.64,-241125.72,-303138.3,-60627.66,0,4,9757.92
ADANIENT26JUNFUT,0.1,0.001,2.0,0.2,1.0,1.5,0.5,-91.9581,3.755,-238124.44,-292331.4,-58466.28,0,4,7857.78
ADANIENT26JUNFUT,0.1,0.001,2.0,0.2,1.0,1.5,0.6,-102.1047,3.6775,-244859.27,-299600.83,-59920.17,0,4,6968.59
ADANIENT26JUNFUT,0.1,0.001,2.0,0.2,1.0,2.0,0.4,-212.3609,3.1825,-281302.12,-354521.87,-70904.37,0,4,12931.46
ADANIENT26JUNFUT,0.1,0.001,2.0,0.2,1.0,2.0,0.5,-146.795,3.05,-295085.9,-373907.98,-74781.6,0,4,13886.87
ADANIENT26JUNFUT,0.1,0.001,2.0,0.2,1.0,2.0,0.6,-145.4675,3.0125,-300331.08,-378602.86,-75720.57,0,4,13927.15
ADANIENT26JUNFUT,0.1,0.001,2.0,0.3,0.3,1.0,0.4,-8.1825,3.665,-169383.29,-142069.1,-28413.82,2,4,46994.01
ADANIENT26JUNFUT,0.1,0.001,2.0,0.3,0.3,1.0,0.5,-5.6653,4.005,-158845.08,-112855.03,-22571.01,2,4,46985.72
ADANIENT26JUNFUT,0.1,0.001,2.0,0.3,0.3,1.0,0.6,-5.9777,3.9875,-155123.56,-109845.74,-21969.15,2,4,46942.74
ADANIENT26JUNFUT,0.1,0.001,2.0,0.3,0.3,1.5,0.4,-91.0317,3.655,-239822.4,-302339.19,-60467.84,0,4,9301.42
ADANIENT26JUNFUT,0.1,0.001,2.0,0.3,0.3,1.5,0.5,-92.0042,3.755,-238112.08,-292328.3,-58465.66,0,4,7857.23
ADANIENT26JUNFUT,0.1,0.001,2.0,0.3,0.3,1.5,0.6,-102.1125,3.6775,-244850.0,-299591.56,-59918.31,0,4,6968.38
ADANIENT26JUNFUT,0.1,0.001,2.0,0.3,0.3,2.0,0.4,-3075.7302,3.315,-271725.01,-344941.67,-68988.33,0,4,11716.21
ADANIENT26JUNFUT,0.1,0.001,2.0,0.3,0.3,2.0,0.5,-146.7561,3.05,-295088.98,-373907.97,-74781.59,0,4,13889.4
ADANIENT26JUNFUT,0.1,0.001,2.0,0.3,0.3,2.0,0.6,-145.4151,3.0125,-300331.08,-378599.77,-75719.95,0,4,13928.84
ADANIENT26JUNFUT,0.1,0.001,2.0,0.3,0.5,1.0,0.4,-7.8379,3.6825,-167103.3,-137196.67,-27439.33,2,4,47511.89
ADANIENT26JUNFUT,0.1,0.001,2.0,0.3,0.5,1.0,0.5,-5.7815,3.955,-163120.92,-116812.77,-23362.55,2,4,47885.81
ADANIENT26JUNFUT,0.1,0.001,2.0,0.3,0.5,1.0,0.6,-5.9773,3.9875,-155123.56,-109842.65,-21968.53,2,4,46943.62
ADANIENT26JUNFUT,0.1,0.001,2.0,0.3,0.5,1.5,0.4,-85.7894,3.64,-241107.18,-303630.15,-60726.03,0,4,9773.89
ADANIENT26JUNFUT,0.1,0.001,2.0,0.3,0.5,1.5,0.5,-91.9644,3.755,-238112.08,-292319.04,-58463.81,0,4,7857.42
ADANIENT26JUNFUT,0.1,0.001,2.0,0.3,0.5,1.5,0.6,-102.1125,3.6775,-244850.0,-299591.56,-59918.31,0,4,6968.38
ADANIENT26JUNFUT,0.1,0.001,2.0,0.3,0.5,2.0,0.4,-212.2839,3.1825,-281299.02,-354518.78,-70903.76,0,4,12935.7
ADANIENT26JUNFUT,0.1,0.001,2.0,0.3,0.5,2.0,0.5,-146.794,3.05,-295079.72,-373901.8,-74780.36,0,4,13888.68
ADANIENT26JUNFUT,0.1,0.001,2.0,0.3,0.5,2.0,0.6,-145.4675,3.0125,-300327.99,-378599.77,-75719.95,0,4,13928.21
ADANIENT26JUNFUT,0.1,0.001,2.0,0.3,1.0,1.0,0.4,-7.8372,3.6825,-167109.49,-137196.69,-27439.34,2,4,47511.45
ADANIENT26JUNFUT,0.1,0.001,2.0,0.3,1.0,1.0,0.5,-5.782,3.955,-163120.93,-116818.95,-23363.79,2,4,47883.1
ADANIENT26JUNFUT,0.1,0.001,2.0,0.3,1.0,1.0,0.6,-5.9781,3.9875,-155123.57,-109848.84,-21969.77,2,4,46941.85
ADANIENT26JUNFUT,0.1,0.001,2.0,0.3,1.0,1.5,0.4,-84.3545,3.64,-241125.72,-303138.3,-60627.66,0,4,9757.92
ADANIENT26JUNFUT,0.1,0.001,2.0,0.3,1.0,1.5,0.5,-91.9581,3.755,-238124.44,-292331.4,-58466.28,0,4,7857.78
ADANIENT26JUNFUT,0.1,0.001,2.0,0.3,1.0,1.5,0.6,-102.1047,3.6775,-244859.27,-299600.83,-59920.17,0,4,6968.59
ADANIENT26JUNFUT,0.1,0.001,2.0,0.3,1.0,2.0,0.4,-212.3609,3.1825,-281302.12,-354521.87,-70904.37,0,4,12931.46
ADANIENT26JUNFUT,0.1,0.001,2.0,0.3,1.0,2.0,0.5,-146.795,3.05,-295085.9,-373907.98,-74781.6,0,4,13886.87
ADANIENT26JUNFUT,0.1,0.001,2.0,0.3,1.0,2.0,0.6,-145.4675,3.0125,-300331.08,-378602.86,-75720.57,0,4,13927.15
ADANIENT26JUNFUT,0.1,0.001,2.0,0.5,0.3,1.0,0.4,-8.1825,3.665,-169383.29,-142069.1,-28413.82,2,4,46994.01
ADANIENT26JUNFUT,0.1,0.001,2.0,0.5,0.3,1.0,0.5,-5.6653,4.005,-158845.08,-112855.03,-22571.01,2,4,46985.72
ADANIENT26JUNFUT,0.1,0.001,2.0,0.5,0.3,1.0,0.6,-5.9777,3.9875,-155123.56,-109845.74,-21969.15,2,4,46942.74
ADANIENT26JUNFUT,0.1,0.001,2.0,0.5,0.3,1.5,0.4,-91.0317,3.655,-239822.4,-302339.19,-60467.84,0,4,9301.42
ADANIENT26JUNFUT,0.1,0.001,2.0,0.5,0.3,1.5,0.5,-92.0042,3.755,-238112.08,-292328.3,-58465.66,0,4,7857.23
ADANIENT26JUNFUT,0.1,0.001,2.0,0.5,0.3,1.5,0.6,-102.1125,3.6775,-244850.0,-299591.56,-59918.31,0,4,6968.38
ADANIENT26JUNFUT,0.1,0.001,2.0,0.5,0.3,2.0,0.4,-3075.7302,3.315,-271725.01,-344941.67,-68988.33,0,4,11716.21
ADANIENT26JUNFUT,0.1,0.001,2.0,0.5,0.3,2.0,0.5,-146.7344,3.05,-295088.98,-373904.88,-74780.98,0,4,13889.22
ADANIENT26JUNFUT,0.1,0.001,2.0,0.5,0.3,2.0,0.6,-145.3888,3.0125,-300331.08,-378596.68,-75719.34,0,4,13928.73
ADANIENT26JUNFUT,0.1,0.001,2.0,0.5,0.5,1.0,0.4,-7.8379,3.6825,-167103.3,-137196.67,-27439.33,2,4,47511.89
ADANIENT26JUNFUT,0.1,0.001,2.0,0.5,0.5,1.0,0.5,-5.7815,3.955,-163120.92,-116812.77,-23362.55,2,4,47885.81
ADANIENT26JUNFUT,0.1,0.001,2.0,0.5,0.5,1.0,0.6,-5.9773,3.9875,-155123.56,-109842.65,-21968.53,2,4,46943.62
ADANIENT26JUNFUT,0.1,0.001,2.0,0.5,0.5,1.5,0.4,-85.7894,3.64,-241107.18,-303630.15,-60726.03,0,4,9773.89
ADANIENT26JUNFUT,0.1,0.001,2.0,0.5,0.5,1.5,0.5,-91.9644,3.755,-238112.08,-292319.04,-58463.81,0,4,7857.42
ADANIENT26JUNFUT,0.1,0.001,2.0,0.5,0.5,1.5,0.6,-102.1125,3.6775,-244850.0,-299591.56,-59918.31,0,4,6968.38
ADANIENT26JUNFUT,0.1,0.001,2.0,0.5,0.5,2.0,0.4,-212.2839,3.1825,-281299.02,-354518.78,-70903.76,0,4,12935.7
ADANIENT26JUNFUT,0.1,0.001,2.0,0.5,0.5,2.0,0.5,-146.794,3.05,-295079.72,-373901.8,-74780.36,0,4,13888.68
ADANIENT26JUNFUT,0.1,0.001,2.0,0.5,0.5,2.0,0.6,-145.4675,3.0125,-300327.99,-378599.77,-75719.95,0,4,13928.21
ADANIENT26JUNFUT,0.1,0.001,2.0,0.5,1.0,1.0,0.4,-7.8372,3.6825,-167109.49,-137196.69,-27439.34,2,4,47511.45
ADANIENT26JUNFUT,0.1,0.001,2.0,0.5,1.0,1.0,0.5,-5.782,3.955,-163120.93,-116818.95,-23363.79,2,4,47883.1
ADANIENT26JUNFUT,0.1,0.001,2.0,0.5,1.0,1.0,0.6,-5.9781,3.9875,-155123.57,-109848.84,-21969.77,2,4,46941.85
ADANIENT26JUNFUT,0.1,0.001,2.0,0.5,1.0,1.5,0.4,-84.3545,3.64,-241125.72,-303138.3,-60627.66,0,4,9757.92
ADANIENT26JUNFUT,0.1,0.001,2.0,0.5,1.0,1.5,0.5,-91.9581,3.755,-238124.44,-292331.4,-58466.28,0,4,7857.78
ADANIENT26JUNFUT,0.1,0.001,2.0,0.5,1.0,1.5,0.6,-102.1047,3.6775,-244859.27,-299600.83,-59920.17,0,4,6968.59
ADANIENT26JUNFUT,0.1,0.001,2.0,0.5,1.0,2.0,0.4,-212.3609,3.1825,-281302.12,-354521.87,-70904.37,0,4,12931.46
ADANIENT26JUNFUT,0.1,0.001,2.0,0.5,1.0,2.0,0.5,-146.795,3.05,-295085.9,-373907.98,-74781.6,0,4,13886.87
ADANIENT26JUNFUT,0.1,0.001,2.0,0.5,1.0,2.0,0.6,-145.4675,3.0125,-300331.08,-378602.86,-75720.57,0,4,13927.15
ASIANPAINT26JUNFUT,0.1,0.001,2.0,0.2,0.3,1.0,0.4,-0.0887,2.47,-237372.8,-218432.76,-43686.55,2,4,64580.35
ASIANPAINT26JUNFUT,0.1,0.001,2.0,0.2,0.3,1.0,0.5,3.2336,2.5575,-232898.77,-213927.97,-42785.59,2,4,63666.12
ASIANPAINT26JUNFUT,0.1,0.001,2.0,0.2,0.3,1.0,0.6,19.9971,2.395,-234553.22,-218548.89,-43709.78,2,4,64590.44
ASIANPAINT26JUNFUT,0.1,0.001,2.0,0.2,0.3,1.5,0.4,-6.5582,2.0525,-328446.64,-309742.16,-61948.43,1,4,87551.39
ASIANPAINT26JUNFUT,0.1,0.001,2.0,0.2,0.3,1.5,0.5,-6.5872,1.875,-330875.7,-312171.22,-62434.24,1,4,86612.78
ASIANPAINT26JUNFUT,0.1,0.001,2.0,0.2,0.3,1.5,0.6,-6.6862,1.8875,-333568.4,-315658.49,-63131.7,1,4,87354.44
ASIANPAINT26JUNFUT,0.1,0.001,2.0,0.2,0.3,2.0,0.4,-12.1928,2.4075,-333236.16,-337151.3,-67430.26,0,4,83050.86
ASIANPAINT26JUNFUT,0.1,0.001,2.0,0.2,0.3,2.0,0.5,-12.1099,2.33,-344955.61,-348870.75,-69774.15,0,4,87650.02
ASIANPAINT26JUNFUT,0.1,0.001,2.0,0.2,0.3,2.0,0.6,-12.2054,2.36,-336728.78,-340636.42,-68127.28,0,4,86133.19
ASIANPAINT26JUNFUT,0.1,0.001,2.0,0.2,0.5,1.0,0.4,-0.1188,2.43,-241190.24,-222250.21,-44450.04,2,4,65130.07
ASIANPAINT26JUNFUT,0.1,0.001,2.0,0.2,0.5,1.0,0.5,3.2515,2.6175,-231400.21,-212429.41,-42485.88,2,4,63420.7
ASIANPAINT26JUNFUT,0.1,0.001,2.0,0.2,0.5,1.0,0.6,20.0133,2.4425,-232754.16,-216749.84,-43349.97,2,4,64350.06
ASIANPAINT26JUNFUT,0.1,0.001,2.0,0.2,0.5,1.5,0.4,-6.3692,2.09,-326864.09,-308154.61,-61630.92,1,4,87694.21
ASIANPAINT26JUNFUT,0.1,0.001,2.0,0.2,0.5,1.5,0.5,-6.3944,1.91,-329290.64,-310581.16,-62116.23,1,4,86759.46
ASIANPAINT26JUNFUT,0.1,0.001,2.0,0.2,0.5,1.5,0.6,-6.6862,1.8875,-333565.9,-315655.99,-63131.2,1,4,87353.5
ASIANPAINT26JUNFUT,0.1,0.001,2.0,0.2,0.5,2.0,0.4,-12.1929,2.41,-333208.68,-337123.82,-67424.76,0,4,83043.31
ASIANPAINT26JUNFUT,0.1,0.001,2.0,0.2,0.5,2.0,0.5,-12.1099,2.33,-344943.12,-348858.26,-69771.65,0,4,87647.29
ASIANPAINT26JUNFUT,0.1,0.001,2.0,0.2,0.5,2.0,0.6,-12.2054,2.36,-336726.29,-340633.93,-68126.79,0,4,86133.29
ASIANPAINT26JUNFUT,0.1,0.001,2.0,0.2,1.0,1.0,0.4,-0.1293,2.3625,-250470.4,-231530.37,-46306.07,2,4,68377.18
ASIANPAINT26JUNFUT,0.1,0.001,2.0,0.2,1.0,1.0,0.5,3.249,2.6175,-231395.22,-212424.41,-42484.88,2,4,63418.34
ASIANPAINT26JUNFUT,0.1,0.001,2.0,0.2,1.0,1.0,0.6,20.0133,2.4425,-232749.16,-216744.84,-43348.97,2,4,64348.42
ASIANPAINT26JUNFUT,0.1,0.001,2.0,0.2,1.0,1.5,0.4,-6.3691,2.09,-326849.1,-308139.62,-61627.92,1,4,87690.33
ASIANPAINT26JUNFUT,0.1,0.001,2.0,0.2,1.0,1.5,0.5,-6.3944,1.91,-329288.14,-310578.66,-62115.73,1,4,86759.37
ASIANPAINT26JUNFUT,0.1,0.001,2.0,0.2,1.0,1.5,0.6,-6.6862,1.89,-333563.41,-315653.49,-63130.7,1,4,87353.44
ASIANPAINT26JUNFUT,0.1,0.001,2.0,0.2,1.0,2.0,0.4,-12.1634,2.2975,-345987.38,-349902.51,-69980.5,0,4,86720.93
ASIANPAINT26JUNFUT,0.1,0.001,2.0,0.2,1.0,2.0,0.5,-12.1511,2.2875,-348059.71,-351974.85,-70394.97,0,4,87514.91
ASIANPAINT26JUNFUT,0.1,0.001,2.0,0.2,1.0,2.0,0.6,-12.2469,2.32,-339845.38,-343753.02,-68750.6,0,4,86023.95
ASIANPAINT26JUNFUT,0.1,0.001,2.0,0.3,0.3,1.0,0.4,-0.0887,2.47,-237372.8,-218432.76,-43686.55,2,4,64580.35
ASIANPAINT26JUNFUT,0.1,0.001,2.0,0.3,0.3,1.0,0.5,3.2336,2.5575,-232898.77,-213927.97,-42785.59,2,4,63666.12
ASIANPAINT26JUNFUT,0.1,0.001,2.0,0.3,0.3,1.0,0.6,19.9971,2.395,-234553.22,-218548.89,-43709.78,2,4,64590.44
ASIANPAINT26JUNFUT,0.1,0.001,2.0,0.3,0.3,1.5,0.4,-6.5582,2.0525,-328446.64,-309742.16,-61948.43,1,4,87551.39
ASIANPAINT26JUNFUT,0.1,0.001,2.0,0.3,0.3,1.5,0.5,-6.5872,1.875,-330875.7,-312171.22,-62434.24,1,4,86612.78
ASIANPAINT26JUNFUT,0.1,0.001,2.0,0.3,0.3,1.5,0.6,-6.6862,1.8875,-333568.4,-315658.49,-63131.7,1,4,87354.44
ASIANPAINT26JUNFUT,0.1,0.001,2.0,0.3,0.3,2.0,0.4,-12.1928,2.4075,-333236.16,-337151.3,-67430.26,0,4,83050.86
ASIANPAINT26JUNFUT,0.1,0.001,2.0,0.3,0.3,2.0,0.5,-12.1099,2.33,-344955.61,-348870.75,-69774.15,0,4,87650.02
ASIANPAINT26JUNFUT,0.1,0.001,2.0,0.3,0.3,2.0,0.6,-12.2054,2.36,-336728.78,-340636.42,-68127.28,0,4,86133.19
ASIANPAINT26JUNFUT,0.1,0.001,2.0,0.3,0.5,1.0,0.4,-0.1173,2.435,-240202.71,-221262.67,-44252.53,2,4,64787.68
ASIANPAINT26JUNFUT,0.1,0.001,2.0,0.3,0.5,1.0,0.5,3.2515,2.6175,-231400.21,-212429.41,-42485.88,2,4,63420.7
ASIANPAINT26JUNFUT,0.1,0.001,2.0,0.3,0.5,1.0,0.6,20.0133,2.4425,-232754.16,-216749.84,-43349.97,2,4,64350.06
ASIANPAINT26JUNFUT,0.1,0.001,2.0,0.3,0.5,1.5,0.4,-6.3692,2.09,-326864.09,-308154.61,-61630.92,1,4,87694.21
ASIANPAINT26JUNFUT,0.1,0.001,2.0,0.3,0.5,1.5,0.5,-6.3944,1.91,-329290.64,-310581.16,-62116.23,1,4,86759.46
ASIANPAINT26JUNFUT,0.1,0.001,2.0,0.3,0.5,1.5,0.6,-6.6862,1.8875,-333565.9,-315655.99,-63131.2,1,4,87353.5
ASIANPAINT26JUNFUT,0.1,0.001,2.0,0.3,0.5,2.0,0.4,-12.1929,2.41,-333208.68,-337123.82,-67424.76,0,4,83043.31
ASIANPAINT26JUNFUT,0.1,0.001,2.0,0.3,0.5,2.0,0.5,-12.1099,2.33,-344943.12,-348858.26,-69771.65,0,4,87647.29
ASIANPAINT26JUNFUT,0.1,0.001,2.0,0.3,0.5,2.0,0.6,-12.2054,2.36,-336726.29,-340633.93,-68126.79,0,4,86133.29
ASIANPAINT26JUNFUT,0.1,0.001,2.0,0.3,1.0,1.0,0.4,-0.1293,2.3625,-250470.4,-231530.37,-46306.07,2,4,68377.18
ASIANPAINT26JUNFUT,0.1,0.001,2.0,0.3,1.0,1.0,0.5,3.249,2.6175,-231395.22,-212424.41,-42484.88,2,4,63418.34
ASIANPAINT26JUNFUT,0.1,0.001,2.0,0.3,1.0,1.0,0.6,20.0133,2.4425,-232749.16,-216744.84,-43348.97,2,4,64348.42
ASIANPAINT26JUNFUT,0.1,0.001,2.0,0.3,1.0,1.5,0.4,-6.3691,2.09,-326849.1,-308139.62,-61627.92,1,4,87690.33
ASIANPAINT26JUNFUT,0.1,0.001,2.0,0.3,1.0,1.5,0.5,-6.3944,1.91,-329288.14,-310578.66,-62115.73,1,4,86759.37
ASIANPAINT26JUNFUT,0.1,0.001,2.0,0.3,1.0,1.5,0.6,-6.6862,1.89,-333563.41,-315653.49,-63130.7,1,4,87353.44
ASIANPAINT26JUNFUT,0.1,0.001,2.0,0.3,1.0,2.0,0.4,-12.1634,2.2975,-345987.38,-349902.51,-69980.5,0,4,86720.93
ASIANPAINT26JUNFUT,0.1,0.001,2.0,0.3,1.0,2.0,0.5,-12.1511,2.2875,-348059.71,-351974.85,-70394.97,0,4,87514.91
ASIANPAINT26JUNFUT,0.1,0.001,2.0,0.3,1.0,2.0,0.6,-12.2469,2.32,-339845.38,-343753.02,-68750.6,0,4,86023.95
ASIANPAINT26JUNFUT,0.1,0.001,2.0,0.5,0.3,1.0,0.4,-0.0887,2.47,-237372.8,-218432.76,-43686.55,2,4,64580.35
ASIANPAINT26JUNFUT,0.1,0.001,2.0,0.5,0.3,1.0,0.5,3.2336,2.5575,-232898.77,-213927.97,-42785.59,2,4,63666.12
ASIANPAINT26JUNFUT,0.1,0.001,2.0,0.5,0.3,1.0,0.6,19.9971,2.395,-234553.22,-218548.89,-43709.78,2,4,64590.44
ASIANPAINT26JUNFUT,0.1,0.001,2.0,0.5,0.3,1.5,0.4,-6.5582,2.0525,-328446.64,-309742.16,-61948.43,1,4,87551.39
ASIANPAINT26JUNFUT,0.1,0.001,2.0,0.5,0.3,1.5,0.5,-6.5872,1.875,-330875.7,-312171.22,-62434.24,1,4,86612.78
ASIANPAINT26JUNFUT,0.1,0.001,2.0,0.5,0.3,1.5,0.6,-6.6862,1.8875,-333568.4,-315658.49,-63131.7,1,4,87354.44
ASIANPAINT26JUNFUT,0.1,0.001,2.0,0.5,0.3,2.0,0.4,-12.1928,2.4075,-333236.16,-337151.3,-67430.26,0,4,83050.86
ASIANPAINT26JUNFUT,0.1,0.001,2.0,0.5,0.3,2.0,0.5,-12.1099,2.33,-344955.61,-348870.75,-69774.15,0,4,87650.02
ASIANPAINT26JUNFUT,0.1,0.001,2.0,0.5,0.3,2.0,0.6,-12.2054,2.36,-336728.78,-340636.42,-68127.28,0,4,86133.19
ASIANPAINT26JUNFUT,0.1,0.001,2.0,0.5,0.5,1.0,0.4,-0.1173,2.435,-240202.71,-221262.67,-44252.53,2,4,64787.68
ASIANPAINT26JUNFUT,0.1,0.001,2.0,0.5,0.5,1.0,0.5,3.2515,2.6175,-231400.21,-212429.41,-42485.88,2,4,63420.7
ASIANPAINT26JUNFUT,0.1,0.001,2.0,0.5,0.5,1.0,0.6,20.0133,2.4425,-232754.16,-216749.84,-43349.97,2,4,64350.06
ASIANPAINT26JUNFUT,0.1,0.001,2.0,0.5,0.5,1.5,0.4,-6.3692,2.09,-326864.09,-308154.61,-61630.92,1,4,87694.21
ASIANPAINT26JUNFUT,0.1,0.001,2.0,0.5,0.5,1.5,0.5,-6.3944,1.91,-329290.64,-310581.16,-62116.23,1,4,86759.46
ASIANPAINT26JUNFUT,0.1,0.001,2.0,0.5,0.5,1.5,0.6,-6.6862,1.8875,-333565.9,-315655.99,-63131.2,1,4,87353.5
ASIANPAINT26JUNFUT,0.1,0.001,2.0,0.5,0.5,2.0,0.4,-12.1929,2.41,-333208.68,-337123.82,-67424.76,0,4,83043.31
ASIANPAINT26JUNFUT,0.1,0.001,2.0,0.5,0.5,2.0,0.5,-12.1099,2.33,-344943.12,-348858.26,-69771.65,0,4,87647.29
ASIANPAINT26JUNFUT,0.1,0.001,2.0,0.5,0.5,2.0,0.6,-12.2054,2.36,-336726.29,-340633.93,-68126.79,0,4,86133.29
ASIANPAINT26JUNFUT,0.1,0.001,2.0,0.5,1.0,1.0,0.4,-0.1293,2.3625,-250470.4,-231530.37,-46306.07,2,4,68377.18
ASIANPAINT26JUNFUT,0.1,0.001,2.0,0.5,1.0,1.0,0.5,3.249,2.6175,-231395.22,-212424.41,-42484.88,2,4,63418.34
ASIANPAINT26JUNFUT,0.1,0.001,2.0,0.5,1.0,1.0,0.6,20.0133,2.4425,-232749.16,-216744.84,-43348.97,2,4,64348.42
ASIANPAINT26JUNFUT,0.1,0.001,2.0,0.5,1.0,1.5,0.4,-6.3691,2.09,-326849.1,-308139.62,-61627.92,1,4,87690.33
ASIANPAINT26JUNFUT,0.1,0.001,2.0,0.5,1.0,1.5,0.5,-6.3944,1.91,-329288.14,-310578.66,-62115.73,1,4,86759.37
ASIANPAINT26JUNFUT,0.1,0.001,2.0,0.5,1.0,1.5,0.6,-6.6862,1.89,-333563.41,-315653.49,-63130.7,1,4,87353.44
ASIANPAINT26JUNFUT,0.1,0.001,2.0,0.5,1.0,2.0,0.4,-12.1634,2.2975,-345987.38,-349902.51,-69980.5,0,4,86720.93
ASIANPAINT26JUNFUT,0.1,0.001,2.0,0.5,1.0,2.0,0.5,-12.1511,2.2875,-348059.71,-351974.85,-70394.97,0,4,87514.91
ASIANPAINT26JUNFUT,0.1,0.001,2.0,0.5,1.0,2.0,0.6,-12.2469,2.32,-339845.38,-343753.02,-68750.6,0,4,86023.95
ALKEM26JUNFUT,0.1,0.001,2.0,0.2,0.3,1.0,0.4,-13.5456,0.825,-243828.19,-268557.12,-53711.42,1,4,57212.6
ALKEM26JUNFUT,0.1,0.001,2.0,0.2,0.3,1.0,0.5,-13.573,0.8375,-242526.96,-267255.89,-53451.18,1,4,56889.24
ALKEM26JUNFUT,0.1,0.001,2.0,0.2,0.3,1.0,0.6,-13.4846,0.795,-245410.46,-266873.35,-53374.67,1,4,56521.24
ALKEM26JUNFUT,0.1,0.001,2.0,0.2,0.3,1.5,0.4,-14.0222,0.9,-250480.52,-280117.24,-56023.45,1,4,57899.09
ALKEM26JUNFUT,0.1,0.001,2.0,0.2,0.3,1.5,0.5,-14.0226,0.9,-250464.27,-280100.99,-56020.2,1,4,57894.81
ALKEM26JUNFUT,0.1,0.001,2.0,0.2,0.3,1.5,0.6,-14.024,0.9,-250413.04,-280049.77,-56009.95,1,4,57881.61
ALKEM26JUNFUT,0.1,0.001,2.0,0.2,0.3,2.0,0.4,-13.9303,1.1225,-242357.35,-272060.29,-54412.06,1,4,58490.79
ALKEM26JUNFUT,0.1,0.001,2.0,0.2,0.3,2.0,0.5,-13.9303,1.1225,-242357.35,-272060.29,-54412.06,1,4,58490.79
ALKEM26JUNFUT,0.1,0.001,2.0,0.2,0.3,2.0,0.6,-13.9303,1.1225,-242356.1,-272059.04,-54411.81,1,4,58490.42
ALKEM26JUNFUT,0.1,0.001,2.0,0.2,0.5,1.0,0.4,-13.5456,0.825,-243830.69,-268559.62,-53711.92,1,4,57213.26
ALKEM26JUNFUT,0.1,0.001,2.0,0.2,0.5,1.0,0.5,-13.573,0.8375,-242528.21,-267257.14,-53451.43,1,4,56889.57
ALKEM26JUNFUT,0.1,0.001,2.0,0.2,0.5,1.0,0.6,-13.4846,0.795,-245411.71,-266874.6,-53374.92,1,4,56521.58
ALKEM26JUNFUT,0.1,0.001,2.0,0.2,0.5,1.5,0.4,-14.0223,0.9,-250483.02,-280119.74,-56023.95,1,4,57899.2
ALKEM26JUNFUT,0.1,0.001,2.0,0.2,0.5,1.5,0.5,-14.0226,0.9,-250464.27,-280100.99,-56020.2,1,4,57894.81
ALKEM26JUNFUT,0.1,0.001,2.0,0.2,0.5,1.5,0.6,-14.024,0.9,-250413.04,-280049.77,-56009.95,1,4,57881.61
ALKEM26JUNFUT,0.1,0.001,2.0,0.2,0.5,2.0,0.4,-13.9303,1.1225,-242357.35,-272060.29,-54412.06,1,4,58490.79
ALKEM26JUNFUT,0.1,0.001,2.0,0.2,0.5,2.0,0.5,-13.9303,1.1225,-242357.35,-272060.29,-54412.06,1,4,58490.79
ALKEM26JUNFUT,0.1,0.001,2.0,0.2,0.5,2.0,0.6,-13.9303,1.1225,-242356.1,-272059.04,-54411.81,1,4,58490.42
ALKEM26JUNFUT,0.1,0.001,2.0,0.2,1.0,1.0,0.4,-13.5456,0.825,-243830.69,-268559.62,-53711.92,1,4,57213.26
ALKEM26JUNFUT,0.1,0.001,2.0,0.2,1.0,1.0,0.5,-13.573,0.8375,-242528.21,-267257.14,-53451.43,1,4,56889.57
ALKEM26JUNFUT,0.1,0.001,2.0,0.2,1.0,1.0,0.6,-13.4846,0.795,-245411.71,-266874.6,-53374.92,1,4,56521.58
ALKEM26JUNFUT,0.1,0.001,2.0,0.2,1.0,1.5,0.4,-14.0223,0.9,-250483.02,-280119.74,-56023.95,1,4,57899.2
ALKEM26JUNFUT,0.1,0.001,2.0,0.2,1.0,1.5,0.5,-14.0225,0.9,-250465.52,-280102.24,-56020.45,1,4,57895.19
ALKEM26JUNFUT,0.1,0.001,2.0,0.2,1.0,1.5,0.6,-14.024,0.9,-250413.04,-280049.77,-56009.95,1,4,57881.61
ALKEM26JUNFUT,0.1,0.001,2.0,0.2,1.0,2.0,0.4,-13.9303,1.1225,-242357.35,-272060.29,-54412.06,1,4,58490.79
ALKEM26JUNFUT,0.1,0.001,2.0,0.2,1.0,2.0,0.5,-13.9303,1.1225,-242357.35,-272060.29,-54412.06,1,4,58490.79
ALKEM26JUNFUT,0.1,0.001,2.0,0.2,1.0,2.0,0.6,-13.9303,1.1225,-242356.1,-272059.04,-54411.81,1,4,58490.42
ALKEM26JUNFUT,0.1,0.001,2.0,0.3,0.3,1.0,0.4,-13.5456,0.825,-243828.19,-268557.12,-53711.42,1,4,57212.6
ALKEM26JUNFUT,0.1,0.001,2.0,0.3,0.3,1.0,0.5,-13.573,0.8375,-242526.96,-267255.89,-53451.18,1,4,56889.24
ALKEM26JUNFUT,0.1,0.001,2.0,0.3,0.3,1.0,0.6,-13.4846,0.795,-245410.46,-266873.35,-53374.67,1,4,56521.24
ALKEM26JUNFUT,0.1,0.001,2.0,0.3,0.3,1.5,0.4,-14.0222,0.9,-250480.52,-280117.24,-56023.45,1,4,57899.09
ALKEM26JUNFUT,0.1,0.001,2.0,0.3,0.3,1.5,0.5,-14.0226,0.9,-250464.27,-280100.99,-56020.2,1,4,57894.81
ALKEM26JUNFUT,0.1,0.001,2.0,0.3,0.3,1.5,0.6,-14.024,0.9,-250413.04,-280049.77,-56009.95,1,4,57881.61
ALKEM26JUNFUT,0.1,0.001,2.0,0.3,0.3,2.0,0.4,-13.9303,1.1225,-242357.35,-272060.29,-54412.06,1,4,58490.79
ALKEM26JUNFUT,0.1,0.001,2.0,0.3,0.3,2.0,0.5,-13.9303,1.1225,-242357.35,-272060.29,-54412.06,1,4,58490.79
ALKEM26JUNFUT,0.1,0.001,2.0,0.3,0.3,2.0,0.6,-13.9303,1.1225,-242356.1,-272059.04,-54411.81,1,4,58490.42
ALKEM26JUNFUT,0.1,0.001,2.0,0.3,0.5,1.0,0.4,-13.5456,0.825,-243830.69,-268559.62,-53711.92,1,4,57213.26
ALKEM26JUNFUT,0.1,0.001,2.0,0.3,0.5,1.0,0.5,-13.573,0.8375,-242528.21,-267257.14,-53451.43,1,4,56889.57
ALKEM26JUNFUT,0.1,0.001,2.0,0.3,0.5,1.0,0.6,-13.4846,0.795,-245411.71,-266874.6,-53374.92,1,4,56521.58
ALKEM26JUNFUT,0.1,0.001,2.0,0.3,0.5,1.5,0.4,-14.0223,0.9,-250483.02,-280119.74,-56023.95,1,4,57899.2
ALKEM26JUNFUT,0.1,0.001,2.0,0.3,0.5,1.5,0.5,-14.0226,0.9,-250464.27,-280100.99,-56020.2,1,4,57894.81
ALKEM26JUNFUT,0.1,0.001,2.0,0.3,0.5,1.5,0.6,-14.024,0.9,-250413.04,-280049.77,-56009.95,1,4,57881.61
ALKEM26JUNFUT,0.1,0.001,2.0,0.3,0.5,2.0,0.4,-13.9303,1.1225,-242357.35,-272060.29,-54412.06,1,4,58490.79
ALKEM26JUNFUT,0.1,0.001,2.0,0.3,0.5,2.0,0.5,-13.9303,1.1225,-242357.35,-272060.29,-54412.06,1,4,58490.79
ALKEM26JUNFUT,0.1,0.001,2.0,0.3,0.5,2.0,0.6,-13.9303,1.1225,-242356.1,-272059.04,-54411.81,1,4,58490.42
ALKEM26JUNFUT,0.1,0.001,2.0,0.3,1.0,1.0,0.4,-13.5456,0.825,-243830.69,-268559.62,-53711.92,1,4,57213.26
ALKEM26JUNFUT,0.1,0.001,2.0,0.3,1.0,1.0,0.5,-13.573,0.8375,-242528.21,-267257.14,-53451.43,1,4,56889.57
ALKEM26JUNFUT,0.1,0.001,2.0,0.3,1.0,1.0,0.6,-13.4846,0.795,-245411.71,-266874.6,-53374.92,1,4,56521.58
ALKEM26JUNFUT,0.1,0.001,2.0,0.3,1.0,1.5,0.4,-14.0223,0.9,-250483.02,-280119.74,-56023.95,1,4,57899.2
ALKEM26JUNFUT,0.1,0.001,2.0,0.3,1.0,1.5,0.5,-14.0225,0.9,-250465.52,-280102.24,-56020.45,1,4,57895.19
ALKEM26JUNFUT,0.1,0.001,2.0,0.3,1.0,1.5,0.6,-14.024,0.9,-250413.04,-280049.77,-56009.95,1,4,57881.61
ALKEM26JUNFUT,0.1,0.001,2.0,0.3,1.0,2.0,0.4,-13.9303,1.1225,-242357.35,-272060.29,-54412.06,1,4,58490.79
ALKEM26JUNFUT,0.1,0.001,2.0,0.3,1.0,2.0,0.5,-13.9303,1.1225,-242357.35,-272060.29,-54412.06,1,4,58490.79
ALKEM26JUNFUT,0.1,0.001,2.0,0.3,1.0,2.0,0.6,-13.9303,1.1225,-242356.1,-272059.04,-54411.81,1,4,58490.42
ALKEM26JUNFUT,0.1,0.001,2.0,0.5,0.3,1.0,0.4,-13.5456,0.825,-243828.19,-268557.12,-53711.42,1,4,57212.6
ALKEM26JUNFUT,0.1,0.001,2.0,0.5,0.3,1.0,0.5,-13.573,0.8375,-242526.96,-267255.89,-53451.18,1,4,56889.24
ALKEM26JUNFUT,0.1,0.001,2.0,0.5,0.3,1.0,0.6,-13.4846,0.795,-245410.46,-266873.35,-53374.67,1,4,56521.24
ALKEM26JUNFUT,0.1,0.001,2.0,0.5,0.3,1.5,0.4,-14.0222,0.9,-250480.52,-280117.24,-56023.45,1,4,57899.09
ALKEM26JUNFUT,0.1,0.001,2.0,0.5,0.3,1.5,0.5,-14.0226,0.9,-250464.27,-280100.99,-56020.2,1,4,57894.81
ALKEM26JUNFUT,0.1,0.001,2.0,0.5,0.3,1.5,0.6,-14.024,0.9,-250413.04,-280049.77,-56009.95,1,4,57881.61
ALKEM26JUNFUT,0.1,0.001,2.0,0.5,0.3,2.0,0.4,-13.9303,1.1225,-242357.35,-272060.29,-54412.06,1,4,58490.79
ALKEM26JUNFUT,0.1,0.001,2.0,0.5,0.3,2.0,0.5,-13.9303,1.1225,-242357.35,-272060.29,-54412.06,1,4,58490.79
ALKEM26JUNFUT,0.1,0.001,2.0,0.5,0.3,2.0,0.6,-13.9303,1.1225,-242356.1,-272059.04,-54411.81,1,4,58490.42
ALKEM26JUNFUT,0.1,0.001,2.0,0.5,0.5,1.0,0.4,-13.5456,0.825,-243830.69,-268559.62,-53711.92,1,4,57213.26
ALKEM26JUNFUT,0.1,0.001,2.0,0.5,0.5,1.0,0.5,-13.573,0.8375,-242528.21,-267257.14,-53451.43,1,4,56889.57
ALKEM26JUNFUT,0.1,0.001,2.0,0.5,0.5,1.0,0.6,-13.4846,0.795,-245411.71,-266874.6,-53374.92,1,4,56521.58
ALKEM26JUNFUT,0.1,0.001,2.0,0.5,0.5,1.5,0.4,-14.0223,0.9,-250483.02,-280119.74,-56023.95,1,4,57899.2
ALKEM26JUNFUT,0.1,0.001,2.0,0.5,0.5,1.5,0.5,-14.0226,0.9,-250464.27,-280100.99,-56020.2,1,4,57894.81
ALKEM26JUNFUT,0.1,0.001,2.0,0.5,0.5,1.5,0.6,-14.024,0.9,-250413.04,-280049.77,-56009.95,1,4,57881.61
ALKEM26JUNFUT,0.1,0.001,2.0,0.5,0.5,2.0,0.4,-13.9303,1.1225,-242357.35,-272060.29,-54412.06,1,4,58490.79
ALKEM26JUNFUT,0.1,0.001,2.0,0.5,0.5,2.0,0.5,-13.9303,1.1225,-242357.35,-272060.29,-54412.06,1,4,58490.79
ALKEM26JUNFUT,0.1,0.001,2.0,0.5,0.5,2.0,0.6,-13.9303,1.1225,-242356.1,-272059.04,-54411.81,1,4,58490.42
ALKEM26JUNFUT,0.1,0.001,2.0,0.5,1.0,1.0,0.4,-13.5456,0.825,-243830.69,-268559.62,-53711.92,1,4,57213.26
ALKEM26JUNFUT,0.1,0.001,2.0,0.5,1.0,1.0,0.5,-13.573,0.8375,-242528.21,-267257.14,-53451.43,1,4,56889.57
ALKEM26JUNFUT,0.1,0.001,2.0,0.5,1.0,1.0,0.6,-13.4846,0.795,-245411.71,-266874.6,-53374.92,1,4,56521.58
ALKEM26JUNFUT,0.1,0.001,2.0,0.5,1.0,1.5,0.4,-14.0223,0.9,-250483.02,-280119.74,-56023.95,1,4,57899.2
ALKEM26JUNFUT,0.1,0.001,2.0,0.5,1.0,1.5,0.5,-14.0225,0.9,-250465.52,-280102.24,-56020.45,1,4,57895.19
ALKEM26JUNFUT,0.1,0.001,2.0,0.5,1.0,1.5,0.6,-14.024,0.9,-250413.04,-280049.77,-56009.95,1,4,57881.61
ALKEM26JUNFUT,0.1,0.001,2.0,0.5,1.0,2.0,0.4,-13.9303,1.1225,-242357.35,-272060.29,-54412.06,1,4,58490.79
ALKEM26JUNFUT,0.1,0.001,2.0,0.5,1.0,2.0,0.5,-13.9303,1.1225,-242357.35,-272060.29,-54412.06,1,4,58490.79
ALKEM26JUNFUT,0.1,0.001,2.0,0.5,1.0,2.0,0.6,-13.9303,1.1225,-242356.1,-272059.04,-54411.81,1,4,58490.42
APOLLOHOSP26JUNFUT,0.1,0.001,2.0,0.2,0.3,1.0,0.4,6.0595,4.68,-27122.11,58002.45,11600.49,1,4,37056.15
APOLLOHOSP26JUNFUT,0.1,0.001,2.0,0.2,0.3,1.0,0.5,6.0596,4.68,-27117.54,58007.02,11601.4,1,4,37055.77
APOLLOHOSP26JUNFUT,0.1,0.001,2.0,0.2,0.3,1.0,0.6,6.0603,4.68,-27093.79,58030.77,11606.15,1,4,37053.73
APOLLOHOSP26JUNFUT,0.1,0.001,2.0,0.2,0.3,1.5,0.4,6.0822,4.71,-21551.34,63530.72,12706.14,2,4,36709.9
APOLLOHOSP26JUNFUT,0.1,0.001,2.0,0.2,0.3,1.5,0.5,6.0822,4.71,-21551.34,63530.72,12706.14,2,4,36709.9
APOLLOHOSP26JUNFUT,0.1,0.001,2.0,0.2,0.3,1.5,0.6,6.0822,4.71,-21551.34,63530.72,12706.14,2,4,36709.9
APOLLOHOSP26JUNFUT,0.1,0.001,2.0,0.2,0.3,2.0,0.4,6.0822,4.71,-21551.34,63530.72,12706.14,2,4,36709.9
APOLLOHOSP26JUNFUT,0.1,0.001,2.0,0.2,0.3,2.0,0.5,6.0822,4.71,-21551.34,63530.72,12706.14,2,4,36709.9
APOLLOHOSP26JUNFUT,0.1,0.001,2.0,0.2,0.3,2.0,0.6,6.0822,4.71,-21551.34,63530.72,12706.14,2,4,36709.9
APOLLOHOSP26JUNFUT,0.1,0.001,2.0,0.2,0.5,1.0,0.4,6.0595,4.68,-27123.36,58001.2,11600.24,1,4,37056.25
APOLLOHOSP26JUNFUT,0.1,0.001,2.0,0.2,0.5,1.0,0.5,6.0596,4.68,-27118.79,58005.77,11601.15,1,4,37055.88
APOLLOHOSP26JUNFUT,0.1,0.001,2.0,0.2,0.5,1.0,0.6,6.0603,4.68,-27093.79,58030.77,11606.15,1,4,37053.73
APOLLOHOSP26JUNFUT,0.1,0.001,2.0,0.2,0.5,1.5,0.4,6.0822,4.71,-21551.34,63530.72,12706.14,2,4,36709.9
APOLLOHOSP26JUNFUT,0.1,0.001,2.0,0.2,0.5,1.5,0.5,6.0822,4.71,-21551.34,63530.72,12706.14,2,4,36709.9
APOLLOHOSP26JUNFUT,0.1,0.001,2.0,0.2,0.5,1.5,0.6,6.0822,4.71,-21551.34,63530.72,12706.14,2,4,36709.9
APOLLOHOSP26JUNFUT,0.1,0.001,2.0,0.2,0.5,2.0,0.4,6.0822,4.71,-21551.34,63530.72,12706.14,2,4,36709.9
APOLLOHOSP26JUNFUT,0.1,0.001,2.0,0.2,0.5,2.0,0.5,6.0822,4.71,-21551.34,63530.72,12706.14,2,4,36709.9
APOLLOHOSP26JUNFUT,0.1,0.001,2.0,0.2,0.5,2.0,0.6,6.0822,4.71,-21551.34,63530.72,12706.14,2,4,36709.9
APOLLOHOSP26JUNFUT,0.1,0.001,2.0,0.2,1.0,1.0,0.4,6.0595,4.68,-27123.36,58001.2,11600.24,1,4,37056.25
APOLLOHOSP26JUNFUT,0.1,0.001,2.0,0.2,1.0,1.0,0.5,6.0596,4.68,-27118.79,58005.77,11601.15,1,4,37055.88
APOLLOHOSP26JUNFUT,0.1,0.001,2.0,0.2,1.0,1.0,0.6,6.0603,4.68,-27093.79,58030.77,11606.15,1,4,37053.73
APOLLOHOSP26JUNFUT,0.1,0.001,2.0,0.2,1.0,1.5,0.4,6.0822,4.71,-21551.34,63530.72,12706.14,2,4,36709.9
APOLLOHOSP26JUNFUT,0.1,0.001,2.0,0.2,1.0,1.5,0.5,6.0822,4.71,-21551.34,63530.72,12706.14,2,4,36709.9
APOLLOHOSP26JUNFUT,0.1,0.001,2.0,0.2,1.0,1.5,0.6,6.0822,4.71,-21551.34,63530.72,12706.14,2,4,36709.9
APOLLOHOSP26JUNFUT,0.1,0.001,2.0,0.2,1.0,2.0,0.4,6.0822,4.71,-21551.34,63530.72,12706.14,2,4,36709.9
APOLLOHOSP26JUNFUT,0.1,0.001,2.0,0.2,1.0,2.0,0.5,6.0822,4.71,-21551.34,63530.72,12706.14,2,4,36709.9
APOLLOHOSP26JUNFUT,0.1,0.001,2.0,0.2,1.0,2.0,0.6,6.0822,4.71,-21551.34,63530.72,12706.14,2,4,36709.9
APOLLOHOSP26JUNFUT,0.1,0.001,2.0,0.3,0.3,1.0,0.4,6.0595,4.68,-27122.11,58002.45,11600.49,1,4,37056.15
APOLLOHOSP26JUNFUT,0.1,0.001,2.0,0.3,0.3,1.0,0.5,6.0596,4.68,-27117.54,58007.02,11601.4,1,4,37055.77
APOLLOHOSP26JUNFUT,0.1,0.001,2.0,0.3,0.3,1.0,0.6,6.0603,4.68,-27093.79,58030.77,11606.15,1,4,37053.73
APOLLOHOSP26JUNFUT,0.1,0.001,2.0,0.3,0.3,1.5,0.4,6.0822,4.71,-21551.34,63530.72,12706.14,2,4,36709.9
APOLLOHOSP26JUNFUT,0.1,0.001,2.0,0.3,0.3,1.5,0.5,6.0822,4.71,-21551.34,63530.72,12706.14,2,4,36709.9
APOLLOHOSP26JUNFUT,0.1,0.001,2.0,0.3,0.3,1.5,0.6,6.0822,4.71,-21551.34,63530.72,12706.14,2,4,36709.9
APOLLOHOSP26JUNFUT,0.1,0.001,2.0,0.3,0.3,2.0,0.4,6.0822,4.71,-21551.34,63530.72,12706.14,2,4,36709.9
APOLLOHOSP26JUNFUT,0.1,0.001,2.0,0.3,0.3,2.0,0.5,6.0822,4.71,-21551.34,63530.72,12706.14,2,4,36709.9
APOLLOHOSP26JUNFUT,0.1,0.001,2.0,0.3,0.3,2.0,0.6,6.0822,4.71,-21551.34,63530.72,12706.14,2,4,36709.9
APOLLOHOSP26JUNFUT,0.1,0.001,2.0,0.3,0.5,1.0,0.4,6.0595,4.68,-27123.36,58001.2,11600.24,1,4,37056.25
APOLLOHOSP26JUNFUT,0.1,0.001,2.0,0.3,0.5,1.0,0.5,6.0596,4.68,-27118.79,58005.77,11601.15,1,4,37055.88
APOLLOHOSP26JUNFUT,0.1,0.001,2.0,0.3,0.5,1.0,0.6,6.0603,4.68,-27093.79,58030.77,11606.15,1,4,37053.73
APOLLOHOSP26JUNFUT,0.1,0.001,2.0,0.3,0.5,1.5,0.4,6.0822,4.71,-21551.34,63530.72,12706.14,2,4,36709.9
APOLLOHOSP26JUNFUT,0.1,0.001,2.0,0.3,0.5,1.5,0.5,6.0822,4.71,-21551.34,63530.72,12706.14,2,4,36709.9
APOLLOHOSP26JUNFUT,0.1,0.001,2.0,0.3,0.5,1.5,0.6,6.0822,4.71,-21551.34,63530.72,12706.14,2,4,36709.9
APOLLOHOSP26JUNFUT,0.1,0.001,2.0,0.3,0.5,2.0,0.4,6.0822,4.71,-21551.34,63530.72,12706.14,2,4,36709.9
APOLLOHOSP26JUNFUT,0.1,0.001,2.0,0.3,0.5,2.0,0.5,6.0822,4.71,-21551.34,63530.72,12706.14,2,4,36709.9
APOLLOHOSP26JUNFUT,0.1,0.001,2.0,0.3,0.5,2.0,0.6,6.0822,4.71,-21551.34,63530.72,12706.14,2,4,36709.9
APOLLOHOSP26JUNFUT,0.1,0.001,2.0,0.3,1.0,1.0,0.4,6.0595,4.68,-27123.36,58001.2,11600.24,1,4,37056.25
APOLLOHOSP26JUNFUT,0.1,0.001,2.0,0.3,1.0,1.0,0.5,6.0596,4.68,-27118.79,58005.77,11601.15,1,4,37055.88
APOLLOHOSP26JUNFUT,0.1,0.001,2.0,0.3,1.0,1.0,0.6,6.0603,4.68,-27093.79,58030.77,11606.15,1,4,37053.73
APOLLOHOSP26JUNFUT,0.1,0.001,2.0,0.3,1.0,1.5,0.4,6.0822,4.71,-21551.34,63530.72,12706.14,2,4,36709.9
APOLLOHOSP26JUNFUT,0.1,0.001,2.0,0.3,1.0,1.5,0.5,6.0822,4.71,-21551.34,63530.72,12706.14,2,4,36709.9
APOLLOHOSP26JUNFUT,0.1,0.001,2.0,0.3,1.0,1.5,0.6,6.0822,4.71,-21551.34,63530.72,12706.14,2,4,36709.9
APOLLOHOSP26JUNFUT,0.1,0.001,2.0,0.3,1.0,2.0,0.4,6.0822,4.71,-21551.34,63530.72,12706.14,2,4,36709.9
APOLLOHOSP26JUNFUT,0.1,0.001,2.0,0.3,1.0,2.0,0.5,6.0822,4.71,-21551.34,63530.72,12706.14,2,4,36709.9
APOLLOHOSP26JUNFUT,0.1,0.001,2.0,0.3,1.0,2.0,0.6,6.0822,4.71,-21551.34,63530.72,12706.14,2,4,36709.9
APOLLOHOSP26JUNFUT,0.1,0.001,2.0,0.5,0.3,1.0,0.4,6.0595,4.68,-27122.11,58002.45,11600.49,1,4,37056.15
APOLLOHOSP26JUNFUT,0.1,0.001,2.0,0.5,0.3,1.0,0.5,6.0596,4.68,-27117.54,58007.02,11601.4,1,4,37055.77
APOLLOHOSP26JUNFUT,0.1,0.001,2.0,0.5,0.3,1.0,0.6,6.0603,4.68,-27093.79,58030.77,11606.15,1,4,37053.73
APOLLOHOSP26JUNFUT,0.1,0.001,2.0,0.5,0.3,1.5,0.4,6.0822,4.71,-21551.34,63530.72,12706.14,2,4,36709.9
APOLLOHOSP26JUNFUT,0.1,0.001,2.0,0.5,0.3,1.5,0.5,6.0822,4.71,-21551.34,63530.72,12706.14,2,4,36709.9
APOLLOHOSP26JUNFUT,0.1,0.001,2.0,0.5,0.3,1.5,0.6,6.0822,4.71,-21551.34,63530.72,12706.14,2,4,36709.9
APOLLOHOSP26JUNFUT,0.1,0.001,2.0,0.5,0.3,2.0,0.4,6.0822,4.71,-21551.34,63530.72,12706.14,2,4,36709.9
APOLLOHOSP26JUNFUT,0.1,0.001,2.0,0.5,0.3,2.0,0.5,6.0822,4.71,-21551.34,63530.72,12706.14,2,4,36709.9
APOLLOHOSP26JUNFUT,0.1,0.001,2.0,0.5,0.3,2.0,0.6,6.0822,4.71,-21551.34,63530.72,12706.14,2,4,36709.9
APOLLOHOSP26JUNFUT,0.1,0.001,2.0,0.5,0.5,1.0,0.4,6.0595,4.68,-27123.36,58001.2,11600.24,1,4,37056.25
APOLLOHOSP26JUNFUT,0.1,0.001,2.0,0.5,0.5,1.0,0.5,6.0596,4.68,-27118.79,58005.77,11601.15,1,4,37055.88
APOLLOHOSP26JUNFUT,0.1,0.001,2.0,0.5,0.5,1.0,0.6,6.0603,4.68,-27093.79,58030.77,11606.15,1,4,37053.73
APOLLOHOSP26JUNFUT,0.1,0.001,2.0,0.5,0.5,1.5,0.4,6.0822,4.71,-21551.34,63530.72,12706.14,2,4,36709.9
APOLLOHOSP26JUNFUT,0.1,0.001,2.0,0.5,0.5,1.5,0.5,6.0822,4.71,-21551.34,63530.72,12706.14,2,4,36709.9
APOLLOHOSP26JUNFUT,0.1,0.001,2.0,0.5,0.5,1.5,0.6,6.0822,4.71,-21551.34,63530.72,12706.14,2,4,36709.9
APOLLOHOSP26JUNFUT,0.1,0.001,2.0,0.5,0.5,2.0,0.4,6.0822,4.71,-21551.34,63530.72,12706.14,2,4,36709.9
APOLLOHOSP26JUNFUT,0.1,0.001,2.0,0.5,0.5,2.0,0.5,6.0822,4.71,-21551.34,63530.72,12706.14,2,4,36709.9
APOLLOHOSP26JUNFUT,0.1,0.001,2.0,0.5,0.5,2.0,0.6,6.0822,4.71,-21551.34,63530.72,12706.14,2,4,36709.9
APOLLOHOSP26JUNFUT,0.1,0.001,2.0,0.5,1.0,1.0,0.4,6.0595,4.68,-27123.36,58001.2,11600.24,1,4,37056.25
APOLLOHOSP26JUNFUT,0.1,0.001,2.0,0.5,1.0,1.0,0.5,6.0596,4.68,-27118.79,58005.77,11601.15,1,4,37055.88
APOLLOHOSP26JUNFUT,0.1,0.001,2.0,0.5,1.0,1.0,0.6,6.0603,4.68,-27093.79,58030.77,11606.15,1,4,37053.73
APOLLOHOSP26JUNFUT,0.1,0.001,2.0,0.5,1.0,1.5,0.4,6.0822,4.71,-21551.34,63530.72,12706.14,2,4,36709.9
APOLLOHOSP26JUNFUT,0.1,0.001,2.0,0.5,1.0,1.5,0.5,6.0822,4.71,-21551.34,63530.72,12706.14,2,4,36709.9
APOLLOHOSP26JUNFUT,0.1,0.001,2.0,0.5,1.0,1.5,0.6,6.0822,4.71,-21551.34,63530.72,12706.14,2,4,36709.9
APOLLOHOSP26JUNFUT,0.1,0.001,2.0,0.5,1.0,2.0,0.4,6.0822,4.71,-21551.34,63530.72,12706.14,2,4,36709.9
APOLLOHOSP26JUNFUT,0.1,0.001,2.0,0.5,1.0,2.0,0.5,6.0822,4.71,-21551.34,63530.72,12706.14,2,4,36709.9
APOLLOHOSP26JUNFUT,0.1,0.001,2.0,0.5,1.0,2.0,0.6,6.0822,4.71,-21551.34,63530.72,12706.14,2,4,36709.9
AUROPHARMA26JUNFUT,0.1,0.001,2.0,0.2,0.3,1.0,0.4,-38.2316,3.1325,-33702.2,-68766.95,-13753.39,2,4,38095.29
AUROPHARMA26JUNFUT,0.1,0.001,2.0,0.2,0.3,1.0,0.5,-38.182,3.135,-33773.74,-68838.49,-13767.7,2,4,38023.06
AUROPHARMA26JUNFUT,0.1,0.001,2.0,0.2,0.3,1.0,0.6,-27.7978,2.4775,-47230.77,-80177.38,-16035.48,1,4,39823.25
AUROPHARMA26JUNFUT,0.1,0.001,2.0,0.2,0.3,1.5,0.4,-19.3425,2.3,-54254.36,-98045.26,-19609.05,1,4,60805.38
AUROPHARMA26JUNFUT,0.1,0.001,2.0,0.2,0.3,1.5,0.5,-19.341,2.2975,-54683.11,-98474.01,-19694.8,1,4,60660.01
AUROPHARMA26JUNFUT,0.1,0.001,2.0,0.2,0.3,1.5,0.6,-18.9829,2.3425,-52168.49,-95953.89,-19190.78,1,4,61270.15
AUROPHARMA26JUNFUT,0.1,0.001,2.0,0.2,0.3,2.0,0.4,-71.074,1.445,-142888.0,-210527.21,-42105.44,1,4,29113.69
AUROPHARMA26JUNFUT,0.1,0.001,2.0,0.2,0.3,2.0,0.5,-70.1752,1.4425,-143120.67,-210759.88,-42151.98,1,4,29176.21
AUROPHARMA26JUNFUT,0.1,0.001,2.0,0.2,0.3,2.0,0.6,-58.1336,1.27,-155219.17,-221687.49,-44337.5,1,4,29332.21
AUROPHARMA26JUNFUT,0.1,0.001,2.0,0.2,0.5,1.0,0.4,-38.2319,3.1175,-34257.73,-69322.48,-13864.5,2,4,38016.81
AUROPHARMA26JUNFUT,0.1,0.001,2.0,0.2,0.5,1.0,0.5,-38.1823,3.12,-34329.26,-69394.01,-13878.8,2,4,37944.39
AUROPHARMA26JUNFUT,0.1,0.001,2.0,0.2,0.5,1.0,0.6,-27.7978,2.4775,-47230.77,-80177.38,-16035.48,1,4,39823.25
AUROPHARMA26JUNFUT,0.1,0.001,2.0,0.2,0.5,1.5,0.4,-19.3434,2.2975,-54727.1,-98518.0,-19703.6,1,4,60652.12
AUROPHARMA26JUNFUT,0.1,0.001,2.0,0.2,0.5,1.5,0.5,-19.342,2.2975,-54699.61,-98490.51,-19698.1,1,4,60657.99
AUROPHARMA26JUNFUT,0.1,0.001,2.0,0.2,0.5,1.5,0.6,-18.9839,2.3425,-52179.49,-95964.89,-19192.98,1,4,61269.91
AUROPHARMA26JUNFUT,0.1,0.001,2.0,0.2,0.5,2.0,0.4,-71.073,1.445,-142882.51,-210521.71,-42104.34,1,4,29114.24
AUROPHARMA26JUNFUT,0.1,0.001,2.0,0.2,0.5,2.0,0.5,-70.1742,1.4425,-143115.17,-210754.38,-42150.88,1,4,29176.76
AUROPHARMA26JUNFUT,0.1,0.001,2.0,0.2,0.5,2.0,0.6,-58.1336,1.27,-155219.17,-221687.49,-44337.5,1,4,29332.21
AUROPHARMA26JUNFUT,0.1,0.001,2.0,0.2,1.0,1.0,0.4,-38.2217,3.1375,-33277.03,-68336.29,-13667.26,2,4,38154.74
AUROPHARMA26JUNFUT,0.1,0.001,2.0,0.2,1.0,1.0,0.5,-38.1722,3.14,-33348.57,-68407.82,-13681.56,2,4,38082.65
AUROPHARMA26JUNFUT,0.1,0.001,2.0,0.2,1.0,1.0,0.6,-27.7978,2.4775,-47230.77,-80177.38,-16035.48,1,4,39823.25
AUROPHARMA26JUNFUT,0.1,0.001,2.0,0.2,1.0,1.5,0.4,-19.3434,2.2975,-54727.1,-98518.0,-19703.6,1,4,60652.12
AUROPHARMA26JUNFUT,0.1,0.001,2.0,0.2,1.0,1.5,0.5,-19.342,2.2975,-54699.61,-98490.51,-19698.1,1,4,60657.99
AUROPHARMA26JUNFUT,0.1,0.001,2.0,0.2,1.0,1.5,0.6,-18.9839,2.3425,-52179.49,-95964.89,-19192.98,1,4,61269.91
AUROPHARMA26JUNFUT,0.1,0.001,2.0,0.2,1.0,2.0,0.4,-71.058,1.445,-142690.06,-210329.27,-42065.85,1,4,29131.29
AUROPHARMA26JUNFUT,0.1,0.001,2.0,0.2,1.0,2.0,0.5,-70.1587,1.4425,-142922.72,-210561.93,-42112.39,1,4,29193.83
AUROPHARMA26JUNFUT,0.1,0.001,2.0,0.2,1.0,2.0,0.6,-58.1306,1.2725,-155213.67,-221681.99,-44336.4,1,4,29332.46
AUROPHARMA26JUNFUT,0.1,0.001,2.0,0.3,0.3,1.0,0.4,-38.2316,3.1325,-33702.2,-68766.95,-13753.39,2,4,38095.29
AUROPHARMA26JUNFUT,0.1,0.001,2.0,0.3,0.3,1.0,0.5,-38.182,3.135,-33773.74,-68838.49,-13767.7,2,4,38023.06
AUROPHARMA26JUNFUT,0.1,0.001,2.0,0.3,0.3,1.0,0.6,-27.7978,2.4775,-47230.77,-80177.38,-16035.48,1,4,39823.25
AUROPHARMA26JUNFUT,0.1,0.001,2.0,0.3,0.3,1.5,0.4,-19.3425,2.3,-54254.36,-98045.26,-19609.05,1,4,60805.38
AUROPHARMA26JUNFUT,0.1,0.001,2.0,0.3,0.3,1.5,0.5,-19.341,2.2975,-54683.11,-98474.01,-19694.8,1,4,60660.01
AUROPHARMA26JUNFUT,0.1,0.001,2.0,0.3,0.3,1.5,0.6,-18.9829,2.3425,-52168.49,-95953.89,-19190.78,1,4,61270.15
AUROPHARMA26JUNFUT,0.1,0.001,2.0,0.3,0.3,2.0,0.4,-71.074,1.445,-142888.0,-210527.21,-42105.44,1,4,29113.69
AUROPHARMA26JUNFUT,0.1,0.001,2.0,0.3,0.3,2.0,0.5,-70.1752,1.4425,-143120.67,-210759.88,-42151.98,1,4,29176.21
AUROPHARMA26JUNFUT,0.1,0.001,2.0,0.3,0.3,2.0,0.6,-58.1336,1.27,-155219.17,-221687.49,-44337.5,1,4,29332.21
AUROPHARMA26JUNFUT,0.1,0.001,2.0,0.3,0.5,1.0,0.4,-38.2319,3.1175,-34257.73,-69322.48,-13864.5,2,4,38016.81
AUROPHARMA26JUNFUT,0.1,0.001,2.0,0.3,0.5,1.0,0.5,-38.1823,3.12,-34329.26,-69394.01,-13878.8,2,4,37944.39
AUROPHARMA26JUNFUT,0.1,0.001,2.0,0.3,0.5,1.0,0.6,-27.7978,2.4775,-47230.77,-80177.38,-16035.48,1,4,39823.25
AUROPHARMA26JUNFUT,0.1,0.001,2.0,0.3,0.5,1.5,0.4,-19.3434,2.2975,-54727.1,-98518.0,-19703.6,1,4,60652.12
AUROPHARMA26JUNFUT,0.1,0.001,2.0,0.3,0.5,1.5,0.5,-19.342,2.2975,-54699.61,-98490.51,-19698.1,1,4,60657.99
AUROPHARMA26JUNFUT,0.1,0.001,2.0,0.3,0.5,1.5,0.6,-18.9839,2.3425,-52179.49,-95964.89,-19192.98,1,4,61269.91
AUROPHARMA26JUNFUT,0.1,0.001,2.0,0.3,0.5,2.0,0.4,-71.073,1.445,-142882.51,-210521.71,-42104.34,1,4,29114.24
AUROPHARMA26JUNFUT,0.1,0.001,2.0,0.3,0.5,2.0,0.5,-70.1742,1.4425,-143115.17,-210754.38,-42150.88,1,4,29176.76
AUROPHARMA26JUNFUT,0.1,0.001,2.0,0.3,0.5,2.0,0.6,-58.1336,1.27,-155219.17,-221687.49,-44337.5,1,4,29332.21
AUROPHARMA26JUNFUT,0.1,0.001,2.0,0.3,1.0,1.0,0.4,-38.2217,3.1375,-33277.03,-68336.29,-13667.26,2,4,38154.74
AUROPHARMA26JUNFUT,0.1,0.001,2.0,0.3,1.0,1.0,0.5,-38.1722,3.14,-33348.57,-68407.82,-13681.56,2,4,38082.65
AUROPHARMA26JUNFUT,0.1,0.001,2.0,0.3,1.0,1.0,0.6,-27.7978,2.4775,-47230.77,-80177.38,-16035.48,1,4,39823.25
AUROPHARMA26JUNFUT,0.1,0.001,2.0,0.3,1.0,1.5,0.4,-19.3434,2.2975,-54727.1,-98518.0,-19703.6,1,4,60652.12
AUROPHARMA26JUNFUT,0.1,0.001,2.0,0.3,1.0,1.5,0.5,-19.342,2.2975,-54699.61,-98490.51,-19698.1,1,4,60657.99
AUROPHARMA26JUNFUT,0.1,0.001,2.0,0.3,1.0,1.5,0.6,-18.9839,2.3425,-52179.49,-95964.89,-19192.98,1,4,61269.91
AUROPHARMA26JUNFUT,0.1,0.001,2.0,0.3,1.0,2.0,0.4,-71.058,1.445,-142690.06,-210329.27,-42065.85,1,4,29131.29
AUROPHARMA26JUNFUT,0.1,0.001,2.0,0.3,1.0,2.0,0.5,-70.1587,1.4425,-142922.72,-210561.93,-42112.39,1,4,29193.83
AUROPHARMA26JUNFUT,0.1,0.001,2.0,0.3,1.0,2.0,0.6,-58.1306,1.2725,-155213.67,-221681.99,-44336.4,1,4,29332.46
AUROPHARMA26JUNFUT,0.1,0.001,2.0,0.5,0.3,1.0,0.4,-38.2316,3.1325,-33702.2,-68766.95,-13753.39,2,4,38095.29
AUROPHARMA26JUNFUT,0.1,0.001,2.0,0.5,0.3,1.0,0.5,-38.182,3.135,-33773.74,-68838.49,-13767.7,2,4,38023.06
AUROPHARMA26JUNFUT,0.1,0.001,2.0,0.5,0.3,1.0,0.6,-27.7978,2.4775,-47230.77,-80177.38,-16035.48,1,4,39823.25
AUROPHARMA26JUNFUT,0.1,0.001,2.0,0.5,0.3,1.5,0.4,-19.3425,2.3,-54254.36,-98045.26,-19609.05,1,4,60805.38
AUROPHARMA26JUNFUT,0.1,0.001,2.0,0.5,0.3,1.5,0.5,-19.341,2.2975,-54683.11,-98474.01,-19694.8,1,4,60660.01
AUROPHARMA26JUNFUT,0.1,0.001,2.0,0.5,0.3,1.5,0.6,-18.9829,2.3425,-52168.49,-95953.89,-19190.78,1,4,61270.15
AUROPHARMA26JUNFUT,0.1,0.001,2.0,0.5,0.3,2.0,0.4,-71.074,1.445,-142888.0,-210527.21,-42105.44,1,4,29113.69
AUROPHARMA26JUNFUT,0.1,0.001,2.0,0.5,0.3,2.0,0.5,-70.1752,1.4425,-143120.67,-210759.88,-42151.98,1,4,29176.21
AUROPHARMA26JUNFUT,0.1,0.001,2.0,0.5,0.3,2.0,0.6,-58.1336,1.27,-155219.17,-221687.49,-44337.5,1,4,29332.21
AUROPHARMA26JUNFUT,0.1,0.001,2.0,0.5,0.5,1.0,0.4,-38.2319,3.1325,-33707.7,-68772.46,-13754.49,2,4,38093.53
AUROPHARMA26JUNFUT,0.1,0.001,2.0,0.5,0.5,1.0,0.5,-38.1823,3.135,-33779.24,-68843.99,-13768.8,2,4,38021.3
AUROPHARMA26JUNFUT,0.1,0.001,2.0,0.5,0.5,1.0,0.6,-27.7978,2.4775,-47230.77,-80177.38,-16035.48,1,4,39823.25
AUROPHARMA26JUNFUT,0.1,0.001,2.0,0.5,0.5,1.5,0.4,-19.3427,2.2975,-54721.6,-98512.5,-19702.5,1,4,60652.32
AUROPHARMA26JUNFUT,0.1,0.001,2.0,0.5,0.5,1.5,0.5,-19.3412,2.2975,-54694.11,-98485.01,-19697.0,1,4,60658.19
AUROPHARMA26JUNFUT,0.1,0.001,2.0,0.5,0.5,1.5,0.6,-18.9832,2.3425,-52173.99,-95959.39,-19191.88,1,4,61270.1
AUROPHARMA26JUNFUT,0.1,0.001,2.0,0.5,0.5,2.0,0.4,-71.073,1.445,-142882.51,-210521.71,-42104.34,1,4,29114.24
AUROPHARMA26JUNFUT,0.1,0.001,2.0,0.5,0.5,2.0,0.5,-70.1742,1.4425,-143115.17,-210754.38,-42150.88,1,4,29176.76
AUROPHARMA26JUNFUT,0.1,0.001,2.0,0.5,0.5,2.0,0.6,-58.1336,1.27,-155219.17,-221687.49,-44337.5,1,4,29332.21
AUROPHARMA26JUNFUT,0.1,0.001,2.0,0.5,1.0,1.0,0.4,-38.2217,3.1375,-33277.03,-68336.29,-13667.26,2,4,38154.74
AUROPHARMA26JUNFUT,0.1,0.001,2.0,0.5,1.0,1.0,0.5,-38.1722,3.14,-33348.57,-68407.82,-13681.56,2,4,38082.65
AUROPHARMA26JUNFUT,0.1,0.001,2.0,0.5,1.0,1.0,0.6,-27.7978,2.4775,-47230.77,-80177.38,-16035.48,1,4,39823.25
AUROPHARMA26JUNFUT,0.1,0.001,2.0,0.5,1.0,1.5,0.4,-19.3434,2.2975,-54727.1,-98518.0,-19703.6,1,4,60652.12
AUROPHARMA26JUNFUT,0.1,0.001,2.0,0.5,1.0,1.5,0.5,-19.342,2.2975,-54699.61,-98490.51,-19698.1,1,4,60657.99
AUROPHARMA26JUNFUT,0.1,0.001,2.0,0.5,1.0,1.5,0.6,-18.9839,2.3425,-52179.49,-95964.89,-19192.98,1,4,61269.91
AUROPHARMA26JUNFUT,0.1,0.001,2.0,0.5,1.0,2.0,0.4,-71.058,1.445,-142690.06,-210329.27,-42065.85,1,4,29131.29
AUROPHARMA26JUNFUT,0.1,0.001,2.0,0.5,1.0,2.0,0.5,-70.1587,1.4425,-142922.72,-210561.93,-42112.39,1,4,29193.83
AUROPHARMA26JUNFUT,0.1,0.001,2.0,0.5,1.0,2.0,0.6,-58.1306,1.2725,-155213.67,-221681.99,-44336.4,1,4,29332.46
ASHOKLEY26JUNFUT,0.1,0.001,2.0,0.2,0.3,1.0,0.4,-1026.8027,0.0,-165.4,-222.21,-44.44,0,4,40.8
ASHOKLEY26JUNFUT,0.1,0.001,2.0,0.2,0.3,1.0,0.5,-1026.8027,0.0,-165.4,-222.21,-44.44,0,4,40.8
ASHOKLEY26JUNFUT,0.1,0.001,2.0,0.2,0.3,1.0,0.6,-1026.8027,0.0,-165.4,-222.21,-44.44,0,4,40.8
ASHOKLEY26JUNFUT,0.1,0.001,2.0,0.2,0.3,1.5,0.4,-26.2249,0.0,-1003.66,-1446.62,-289.32,0,4,290.62
ASHOKLEY26JUNFUT,0.1,0.001,2.0,0.2,0.3,1.5,0.5,-26.2249,0.0,-1003.66,-1446.62,-289.32,0,4,290.62
ASHOKLEY26JUNFUT,0.1,0.001,2.0,0.2,0.3,1.5,0.6,-26.2249,0.0,-1003.66,-1446.62,-289.32,0,4,290.62
ASHOKLEY26JUNFUT,0.1,0.001,2.0,0.2,0.3,2.0,0.4,-9.2811,-28.4025,-63384.52,-63827.2,-12765.44,0,4,23026.56
ASHOKLEY26JUNFUT,0.1,0.001,2.0,0.2,0.3,2.0,0.5,-9.2811,-28.4025,-63384.52,-63827.2,-12765.44,0,4,23026.56
ASHOKLEY26JUNFUT,0.1,0.001,2.0,0.2,0.3,2.0,0.6,-9.2811,-28.4025,-63384.52,-63827.2,-12765.44,0,4,23026.56
ASHOKLEY26JUNFUT,0.1,0.001,2.0,0.2,0.5,1.0,0.4,-1026.8027,0.0,-165.4,-222.21,-44.44,0,4,40.8
ASHOKLEY26JUNFUT,0.1,0.001,2.0,0.2,0.5,1.0,0.5,-1026.8027,0.0,-165.4,-222.21,-44.44,0,4,40.8
ASHOKLEY26JUNFUT,0.1,0.001,2.0,0.2,0.5,1.0,0.6,-1026.8027,0.0,-165.4,-222.21,-44.44,0,4,40.8
ASHOKLEY26JUNFUT,0.1,0.001,2.0,0.2,0.5,1.5,0.4,-26.2249,0.0,-1003.66,-1446.62,-289.32,0,4,290.62
ASHOKLEY26JUNFUT,0.1,0.001,2.0,0.2,0.5,1.5,0.5,-26.2249,0.0,-1003.66,-1446.62,-289.32,0,4,290.62
ASHOKLEY26JUNFUT,0.1,0.001,2.0,0.2,0.5,1.5,0.6,-26.2249,0.0,-1003.66,-1446.62,-289.32,0,4,290.62
ASHOKLEY26JUNFUT,0.1,0.001,2.0,0.2,0.5,2.0,0.4,-9.2811,-28.4025,-63384.52,-63827.2,-12765.44,0,4,23026.56
ASHOKLEY26JUNFUT,0.1,0.001,2.0,0.2,0.5,2.0,0.5,-9.2811,-28.4025,-63384.52,-63827.2,-12765.44,0,4,23026.56
ASHOKLEY26JUNFUT,0.1,0.001,2.0,0.2,0.5,2.0,0.6,-9.2811,-28.4025,-63384.52,-63827.2,-12765.44,0,4,23026.56
ASHOKLEY26JUNFUT,0.1,0.001,2.0,0.2,1.0,1.0,0.4,-1026.8027,0.0,-165.4,-222.21,-44.44,0,4,40.8
ASHOKLEY26JUNFUT,0.1,0.001,2.0,0.2,1.0,1.0,0.5,-1026.8027,0.0,-165.4,-222.21,-44.44,0,4,40.8
ASHOKLEY26JUNFUT,0.1,0.001,2.0,0.2,1.0,1.0,0.6,-1026.8027,0.0,-165.4,-222.21,-44.44,0,4,40.8
ASHOKLEY26JUNFUT,0.1,0.001,2.0,0.2,1.0,1.5,0.4,-26.2249,0.0,-1003.66,-1446.62,-289.32,0,4,290.62
ASHOKLEY26JUNFUT,0.1,0.001,2.0,0.2,1.0,1.5,0.5,-26.2249,0.0,-1003.66,-1446.62,-289.32,0,4,290.62
ASHOKLEY26JUNFUT,0.1,0.001,2.0,0.2,1.0,1.5,0.6,-26.2249,0.0,-1003.66,-1446.62,-289.32,0,4,290.62
ASHOKLEY26JUNFUT,0.1,0.001,2.0,0.2,1.0,2.0,0.4,-9.2811,-28.4025,-63384.52,-63827.2,-12765.44,0,4,23026.56
ASHOKLEY26JUNFUT,0.1,0.001,2.0,0.2,1.0,2.0,0.5,-9.2811,-28.4025,-63384.52,-63827.2,-12765.44,0,4,23026.56
ASHOKLEY26JUNFUT,0.1,0.001,2.0,0.2,1.0,2.0,0.6,-9.2811,-28.4025,-63384.52,-63827.2,-12765.44,0,4,23026.56
ASHOKLEY26JUNFUT,0.1,0.001,2.0,0.3,0.3,1.0,0.4,-1026.8027,0.0,-165.4,-222.21,-44.44,0,4,40.8
ASHOKLEY26JUNFUT,0.1,0.001,2.0,0.3,0.3,1.0,0.5,-1026.8027,0.0,-165.4,-222.21,-44.44,0,4,40.8
ASHOKLEY26JUNFUT,0.1,0.001,2.0,0.3,0.3,1.0,0.6,-1026.8027,0.0,-165.4,-222.21,-44.44,0,4,40.8
ASHOKLEY26JUNFUT,0.1,0.001,2.0,0.3,0.3,1.5,0.4,-26.2249,0.0,-1003.66,-1446.62,-289.32,0,4,290.62
ASHOKLEY26JUNFUT,0.1,0.001,2.0,0.3,0.3,1.5,0.5,-26.2249,0.0,-1003.66,-1446.62,-289.32,0,4,290.62
ASHOKLEY26JUNFUT,0.1,0.001,2.0,0.3,0.3,1.5,0.6,-26.2249,0.0,-1003.66,-1446.62,-289.32,0,4,290.62
ASHOKLEY26JUNFUT,0.1,0.001,2.0,0.3,0.3,2.0,0.4,-9.2811,-28.4025,-63384.52,-63827.2,-12765.44,0,4,23026.56
ASHOKLEY26JUNFUT,0.1,0.001,2.0,0.3,0.3,2.0,0.5,-9.2811,-28.4025,-63384.52,-63827.2,-12765.44,0,4,23026.56
ASHOKLEY26JUNFUT,0.1,0.001,2.0,0.3,0.3,2.0,0.6,-9.2811,-28.4025,-63384.52,-63827.2,-12765.44,0,4,23026.56
ASHOKLEY26JUNFUT,0.1,0.001,2.0,0.3,0.5,1.0,0.4,-1026.8027,0.0,-165.4,-222.21,-44.44,0,4,40.8
ASHOKLEY26JUNFUT,0.1,0.001,2.0,0.3,0.5,1.0,0.5,-1026.8027,0.0,-165.4,-222.21,-44.44,0,4,40.8
ASHOKLEY26JUNFUT,0.1,0.001,2.0,0.3,0.5,1.0,0.6,-1026.8027,0.0,-165.4,-222.21,-44.44,0,4,40.8
ASHOKLEY26JUNFUT,0.1,0.001,2.0,0.3,0.5,1.5,0.4,-26.2249,0.0,-1003.66,-1446.62,-289.32,0,4,290.62
ASHOKLEY26JUNFUT,0.1,0.001,2.0,0.3,0.5,1.5,0.5,-26.2249,0.0,-1003.66,-1446.62,-289.32,0,4,290.62
ASHOKLEY26JUNFUT,0.1,0.001,2.0,0.3,0.5,1.5,0.6,-26.2249,0.0,-1003.66,-1446.62,-289.32,0,4,290.62
ASHOKLEY26JUNFUT,0.1,0.001,2.0,0.3,0.5,2.0,0.4,-9.2811,-28.4025,-63384.52,-63827.2,-12765.44,0,4,23026.56
ASHOKLEY26JUNFUT,0.1,0.001,2.0,0.3,0.5,2.0,0.5,-9.2811,-28.4025,-63384.52,-63827.2,-12765.44,0,4,23026.56
ASHOKLEY26JUNFUT,0.1,0.001,2.0,0.3,0.5,2.0,0.6,-9.2811,-28.4025,-63384.52,-63827.2,-12765.44,0,4,23026.56
ASHOKLEY26JUNFUT,0.1,0.001,2.0,0.3,1.0,1.0,0.4,-1026.8027,0.0,-165.4,-222.21,-44.44,0,4,40.8
ASHOKLEY26JUNFUT,0.1,0.001,2.0,0.3,1.0,1.0,0.5,-1026.8027,0.0,-165.4,-222.21,-44.44,0,4,40.8
ASHOKLEY26JUNFUT,0.1,0.001,2.0,0.3,1.0,1.0,0.6,-1026.8027,0.0,-165.4,-222.21,-44.44,0,4,40.8
ASHOKLEY26JUNFUT,0.1,0.001,2.0,0.3,1.0,1.5,0.4,-26.2249,0.0,-1003.66,-1446.62,-289.32,0,4,290.62
ASHOKLEY26JUNFUT,0.1,0.001,2.0,0.3,1.0,1.5,0.5,-26.2249,0.0,-1003.66,-1446.62,-289.32,0,4,290.62
ASHOKLEY26JUNFUT,0.1,0.001,2.0,0.3,1.0,1.5,0.6,-26.2249,0.0,-1003.66,-1446.62,-289.32,0,4,290.62
ASHOKLEY26JUNFUT,0.1,0.001,2.0,0.3,1.0,2.0,0.4,-9.2811,-28.4025,-63384.52,-63827.2,-12765.44,0,4,23026.56
ASHOKLEY26JUNFUT,0.1,0.001,2.0,0.3,1.0,2.0,0.5,-9.2811,-28.4025,-63384.52,-63827.2,-12765.44,0,4,23026.56
ASHOKLEY26JUNFUT,0.1,0.001,2.0,0.3,1.0,2.0,0.6,-9.2811,-28.4025,-63384.52,-63827.2,-12765.44,0,4,23026.56
ASHOKLEY26JUNFUT,0.1,0.001,2.0,0.5,0.3,1.0,0.4,-1026.8027,0.0,-165.4,-222.21,-44.44,0,4,40.8
ASHOKLEY26JUNFUT,0.1,0.001,2.0,0.5,0.3,1.0,0.5,-1026.8027,0.0,-165.4,-222.21,-44.44,0,4,40.8
ASHOKLEY26JUNFUT,0.1,0.001,2.0,0.5,0.3,1.0,0.6,-1026.8027,0.0,-165.4,-222.21,-44.44,0,4,40.8
ASHOKLEY26JUNFUT,0.1,0.001,2.0,0.5,0.3,1.5,0.4,-26.2249,0.0,-1003.66,-1446.62,-289.32,0,4,290.62
ASHOKLEY26JUNFUT,0.1,0.001,2.0,0.5,0.3,1.5,0.5,-26.2249,0.0,-1003.66,-1446.62,-289.32,0,4,290.62
ASHOKLEY26JUNFUT,0.1,0.001,2.0,0.5,0.3,1.5,0.6,-26.2249,0.0,-1003.66,-1446.62,-289.32,0,4,290.62
ASHOKLEY26JUNFUT,0.1,0.001,2.0,0.5,0.3,2.0,0.4,-9.2811,-28.4025,-63384.52,-63827.2,-12765.44,0,4,23026.56
ASHOKLEY26JUNFUT,0.1,0.001,2.0,0.5,0.3,2.0,0.5,-9.2811,-28.4025,-63384.52,-63827.2,-12765.44,0,4,23026.56
ASHOKLEY26JUNFUT,0.1,0.001,2.0,0.5,0.3,2.0,0.6,-9.2811,-28.4025,-63384.52,-63827.2,-12765.44,0,4,23026.56
ASHOKLEY26JUNFUT,0.1,0.001,2.0,0.5,0.5,1.0,0.4,-1026.8027,0.0,-165.4,-222.21,-44.44,0,4,40.8
ASHOKLEY26JUNFUT,0.1,0.001,2.0,0.5,0.5,1.0,0.5,-1026.8027,0.0,-165.4,-222.21,-44.44,0,4,40.8
ASHOKLEY26JUNFUT,0.1,0.001,2.0,0.5,0.5,1.0,0.6,-1026.8027,0.0,-165.4,-222.21,-44.44,0,4,40.8
ASHOKLEY26JUNFUT,0.1,0.001,2.0,0.5,0.5,1.5,0.4,-26.2249,0.0,-1003.66,-1446.62,-289.32,0,4,290.62
ASHOKLEY26JUNFUT,0.1,0.001,2.0,0.5,0.5,1.5,0.5,-26.2249,0.0,-1003.66,-1446.62,-289.32,0,4,290.62
ASHOKLEY26JUNFUT,0.1,0.001,2.0,0.5,0.5,1.5,0.6,-26.2249,0.0,-1003.66,-1446.62,-289.32,0,4,290.62
ASHOKLEY26JUNFUT,0.1,0.001,2.0,0.5,0.5,2.0,0.4,-9.2811,-28.4025,-63384.52,-63827.2,-12765.44,0,4,23026.56
ASHOKLEY26JUNFUT,0.1,0.001,2.0,0.5,0.5,2.0,0.5,-9.2811,-28.4025,-63384.52,-63827.2,-12765.44,0,4,23026.56
ASHOKLEY26JUNFUT,0.1,0.001,2.0,0.5,0.5,2.0,0.6,-9.2811,-28.4025,-63384.52,-63827.2,-12765.44,0,4,23026.56
ASHOKLEY26JUNFUT,0.1,0.001,2.0,0.5,1.0,1.0,0.4,-1026.8027,0.0,-165.4,-222.21,-44.44,0,4,40.8
ASHOKLEY26JUNFUT,0.1,0.001,2.0,0.5,1.0,1.0,0.5,-1026.8027,0.0,-165.4,-222.21,-44.44,0,4,40.8
ASHOKLEY26JUNFUT,0.1,0.001,2.0,0.5,1.0,1.0,0.6,-1026.8027,0.0,-165.4,-222.21,-44.44,0,4,40.8
ASHOKLEY26JUNFUT,0.1,0.001,2.0,0.5,1.0,1.5,0.4,-26.2249,0.0,-1003.66,-1446.62,-289.32,0,4,290.62
ASHOKLEY26JUNFUT,0.1,0.001,2.0,0.5,1.0,1.5,0.5,-26.2249,0.0,-1003.66,-1446.62,-289.32,0,4,290.62
ASHOKLEY26JUNFUT,0.1,0.001,2.0,0.5,1.0,1.5,0.6,-26.2249,0.0,-1003.66,-1446.62,-289.32,0,4,290.62
ASHOKLEY26JUNFUT,0.1,0.001,2.0,0.5,1.0,2.0,0.4,-9.2811,-28.4025,-63384.52,-63827.2,-12765.44,0,4,23026.56
ASHOKLEY26JUNFUT,0.1,0.001,2.0,0.5,1.0,2.0,0.5,-9.2811,-28.4025,-63384.52,-63827.2,-12765.44,0,4,23026.56
ASHOKLEY26JUNFUT,0.1,0.001,2.0,0.5,1.0,2.0,0.6,-9.2811,-28.4025,-63384.52,-63827.2,-12765.44,0,4,23026.56
BAJAJFINSV26JUNFUT,0.1,0.001,2.0,0.2,0.3,1.0,0.4,7.8385,5.3925,-9559.17,5364.51,1072.9,3,4,11019.53
BAJAJFINSV26JUNFUT,0.1,0.001,2.0,0.2,0.3,1.0,0.5,14.0975,5.185,-18587.78,-2862.2,-572.44,2,4,11654.05
BAJAJFINSV26JUNFUT,0.1,0.001,2.0,0.2,0.3,1.0,0.6,9.9777,4.9025,-27351.36,-11833.75,-2366.75,2,4,11610.96
BAJAJFINSV26JUNFUT,0.1,0.001,2.0,0.2,0.3,1.5,0.4,-31.4678,3.7775,-166597.83,-200362.33,-40072.47,0,4,19380.17
BAJAJFINSV26JUNFUT,0.1,0.001,2.0,0.2,0.3,1.5,0.5,-34.9618,4.1125,-159247.75,-193012.25,-38602.45,0,4,17622.96
BAJAJFINSV26JUNFUT,0.1,0.001,2.0,0.2,0.3,1.5,0.6,-30.1262,4.23,-156654.95,-188723.59,-37744.72,0,4,20413.53
BAJAJFINSV26JUNFUT,0.1,0.001,2.0,0.2,0.3,2.0,0.4,-30.3912,4.025,-173861.23,-197445.56,-39489.11,0,4,14454.82
BAJAJFINSV26JUNFUT,0.1,0.001,2.0,0.2,0.3,2.0,0.5,-30.3093,4.0625,-171581.29,-194733.97,-38946.79,0,4,14103.41
BAJAJFINSV26JUNFUT,0.1,0.001,2.0,0.2,0.3,2.0,0.6,-33.4582,3.875,-173179.12,-200949.89,-40189.98,0,4,13721.89
BAJAJFINSV26JUNFUT,0.1,0.001,2.0,0.2,0.5,1.0,0.4,7.8719,5.3725,-10059.53,4410.45,882.09,3,4,11012.17
BAJAJFINSV26JUNFUT,0.1,0.001,2.0,0.2,0.5,1.0,0.5,14.5952,5.165,-19091.14,-3819.25,-763.85,2,4,11644.02
BAJAJFINSV26JUNFUT,0.1,0.001,2.0,0.2,0.5,1.0,0.6,9.948,4.89,-27789.66,-12272.04,-2454.41,2,4,11704.12
BAJAJFINSV26JUNFUT,0.1,0.001,2.0,0.2,0.5,1.5,0.4,-31.516,3.8875,-164443.95,-198211.44,-39642.29,0,4,19563.69
BAJAJFINSV26JUNFUT,0.1,0.001,2.0,0.2,0.5,1.5,0.5,-35.0214,4.2275,-156844.86,-190612.36,-38122.47,0,4,17891.06
BAJAJFINSV26JUNFUT,0.1,0.001,2.0,0.2,0.5,1.5,0.6,-30.1252,4.23,-156657.95,-188726.59,-37745.32,0,4,20414.29
BAJAJFINSV26JUNFUT,0.1,0.001,2.0,0.2,0.5,2.0,0.4,-30.3896,4.025,-173846.24,-197427.57,-39485.51,0,4,14453.08
BAJAJFINSV26JUNFUT,0.1,0.001,2.0,0.2,0.5,2.0,0.5,-30.3058,4.0625,-171578.3,-194727.97,-38945.59,0,4,14104.08
BAJAJFINSV26JUNFUT,0.1,0.001,2.0,0.2,0.5,2.0,0.6,-33.4582,3.875,-173179.12,-200949.89,-40189.98,0,4,13721.89
BAJAJFINSV26JUNFUT,0.1,0.001,2.0,0.2,1.0,1.0,0.4,7.8122,5.37,-10108.85,4361.12,872.22,3,4,11008.48
BAJAJFINSV26JUNFUT,0.1,0.001,2.0,0.2,1.0,1.0,0.5,14.4759,5.16,-19134.46,-3862.58,-772.52,2,4,11637.14
BAJAJFINSV26JUNFUT,0.1,0.001,2.0,0.2,1.0,1.0,0.6,9.9482,4.89,-27786.66,-12269.04,-2453.81,2,4,11703.47
BAJAJFINSV26JUNFUT,0.1,0.001,2.0,0.2,1.0,1.5,0.4,-31.5087,3.89,-164389.95,-198160.44,-39632.09,0,4,19578.48
BAJAJFINSV26JUNFUT,0.1,0.001,2.0,0.2,1.0,1.5,0.5,-35.0133,4.23,-156790.86,-190561.36,-38112.27,0,4,17905.4
BAJAJFINSV26JUNFUT,0.1,0.001,2.0,0.2,1.0,1.5,0.6,-30.1276,4.2275,-156657.95,-188726.59,-37745.32,0,4,20413.3
BAJAJFINSV26JUNFUT,0.1,0.001,2.0,0.2,1.0,2.0,0.4,-30.3886,4.0275,-173843.25,-197424.58,-39484.92,0,4,14453.67
BAJAJFINSV26JUNFUT,0.1,0.001,2.0,0.2,1.0,2.0,0.5,-30.3049,4.0625,-171575.3,-194724.98,-38945.0,0,4,14104.59
BAJAJFINSV26JUNFUT,0.1,0.001,2.0,0.2,1.0,2.0,0.6,-33.4567,3.875,-173173.12,-200943.89,-40188.78,0,4,13722.12
BAJAJFINSV26JUNFUT,0.1,0.001,2.0,0.3,0.3,1.0,0.4,7.8385,5.3925,-9559.17,5364.51,1072.9,3,4,11019.53
BAJAJFINSV26JUNFUT,0.1,0.001,2.0,0.3,0.3,1.0,0.5,14.0975,5.185,-18587.78,-2862.2,-572.44,2,4,11654.05
BAJAJFINSV26JUNFUT,0.1,0.001,2.0,0.3,0.3,1.0,0.6,9.9777,4.9025,-27351.36,-11833.75,-2366.75,2,4,11610.96
BAJAJFINSV26JUNFUT,0.1,0.001,2.0,0.3,0.3,1.5,0.4,-31.4678,3.7775,-166597.83,-200362.33,-40072.47,0,4,19380.17
BAJAJFINSV26JUNFUT,0.1,0.001,2.0,0.3,0.3,1.5,0.5,-34.9618,4.1125,-159247.75,-193012.25,-38602.45,0,4,17622.96
BAJAJFINSV26JUNFUT,0.1,0.001,2.0,0.3,0.3,1.5,0.6,-30.1262,4.23,-156654.95,-188723.59,-37744.72,0,4,20413.53
BAJAJFINSV26JUNFUT,0.1,0.001,2.0,0.3,0.3,2.0,0.4,-30.3912,4.025,-173861.23,-197445.56,-39489.11,0,4,14454.82
BAJAJFINSV26JUNFUT,0.1,0.001,2.0,0.3,0.3,2.0,0.5,-30.3093,4.0625,-171581.29,-194733.97,-38946.79,0,4,14103.41
BAJAJFINSV26JUNFUT,0.1,0.001,2.0,0.3,0.3,2.0,0.6,-33.4582,3.875,-173179.12,-200949.89,-40189.98,0,4,13721.89
BAJAJFINSV26JUNFUT,0.1,0.001,2.0,0.3,0.5,1.0,0.4,7.8719,5.3725,-10059.53,4410.45,882.09,3,4,11012.17
BAJAJFINSV26JUNFUT,0.1,0.001,2.0,0.3,0.5,1.0,0.5,14.5952,5.165,-19091.14,-3819.25,-763.85,2,4,11644.02
BAJAJFINSV26JUNFUT,0.1,0.001,2.0,0.3,0.5,1.0,0.6,9.948,4.89,-27789.66,-12272.04,-2454.41,2,4,11704.12
BAJAJFINSV26JUNFUT,0.1,0.001,2.0,0.3,0.5,1.5,0.4,-31.516,3.8875,-164443.95,-198211.44,-39642.29,0,4,19563.69
BAJAJFINSV26JUNFUT,0.1,0.001,2.0,0.3,0.5,1.5,0.5,-35.0214,4.2275,-156844.86,-190612.36,-38122.47,0,4,17891.06
BAJAJFINSV26JUNFUT,0.1,0.001,2.0,0.3,0.5,1.5,0.6,-30.1252,4.23,-156657.95,-188726.59,-37745.32,0,4,20414.29
BAJAJFINSV26JUNFUT,0.1,0.001,2.0,0.3,0.5,2.0,0.4,-30.3896,4.025,-173846.24,-197427.57,-39485.51,0,4,14453.08
BAJAJFINSV26JUNFUT,0.1,0.001,2.0,0.3,0.5,2.0,0.5,-30.3058,4.0625,-171578.3,-194727.97,-38945.59,0,4,14104.08
BAJAJFINSV26JUNFUT,0.1,0.001,2.0,0.3,0.5,2.0,0.6,-33.4582,3.875,-173179.12,-200949.89,-40189.98,0,4,13721.89
BAJAJFINSV26JUNFUT,0.1,0.001,2.0,0.3,1.0,1.0,0.4,7.8122,5.37,-10108.85,4361.12,872.22,3,4,11008.48
BAJAJFINSV26JUNFUT,0.1,0.001,2.0,0.3,1.0,1.0,0.5,14.4759,5.16,-19134.46,-3862.58,-772.52,2,4,11637.14
BAJAJFINSV26JUNFUT,0.1,0.001,2.0,0.3,1.0,1.0,0.6,9.9482,4.89,-27786.66,-12269.04,-2453.81,2,4,11703.47
BAJAJFINSV26JUNFUT,0.1,0.001,2.0,0.3,1.0,1.5,0.4,-31.5087,3.89,-164389.95,-198160.44,-39632.09,0,4,19578.48
BAJAJFINSV26JUNFUT,0.1,0.001,2.0,0.3,1.0,1.5,0.5,-35.0133,4.23,-156790.86,-190561.36,-38112.27,0,4,17905.4
BAJAJFINSV26JUNFUT,0.1,0.001,2.0,0.3,1.0,1.5,0.6,-30.1276,4.2275,-156657.95,-188726.59,-37745.32,0,4,20413.3
BAJAJFINSV26JUNFUT,0.1,0.001,2.0,0.3,1.0,2.0,0.4,-30.3886,4.0275,-173843.25,-197424.58,-39484.92,0,4,14453.67
BAJAJFINSV26JUNFUT,0.1,0.001,2.0,0.3,1.0,2.0,0.5,-30.3049,4.0625,-171575.3,-194724.98,-38945.0,0,4,14104.59
BAJAJFINSV26JUNFUT,0.1,0.001,2.0,0.3,1.0,2.0,0.6,-33.4567,3.875,-173173.12,-200943.89,-40188.78,0,4,13722.12
BAJAJFINSV26JUNFUT,0.1,0.001,2.0,0.5,0.3,1.0,0.4,7.8385,5.3925,-9559.17,5364.51,1072.9,3,4,11019.53
BAJAJFINSV26JUNFUT,0.1,0.001,2.0,0.5,0.3,1.0,0.5,14.0975,5.185,-18587.78,-2862.2,-572.44,2,4,11654.05
BAJAJFINSV26JUNFUT,0.1,0.001,2.0,0.5,0.3,1.0,0.6,9.9777,4.9025,-27351.36,-11833.75,-2366.75,2,4,11610.96
BAJAJFINSV26JUNFUT,0.1,0.001,2.0,0.5,0.3,1.5,0.4,-31.4678,3.7775,-166597.83,-200362.33,-40072.47,0,4,19380.17
BAJAJFINSV26JUNFUT,0.1,0.001,2.0,0.5,0.3,1.5,0.5,-34.9618,4.1125,-159247.75,-193012.25,-38602.45,0,4,17622.96
BAJAJFINSV26JUNFUT,0.1,0.001,2.0,0.5,0.3,1.5,0.6,-30.1262,4.23,-156654.95,-188723.59,-37744.72,0,4,20413.53
BAJAJFINSV26JUNFUT,0.1,0.001,2.0,0.5,0.3,2.0,0.4,-30.3912,4.025,-173861.23,-197445.56,-39489.11,0,4,14454.82
BAJAJFINSV26JUNFUT,0.1,0.001,2.0,0.5,0.3,2.0,0.5,-30.3093,4.0625,-171581.29,-194733.97,-38946.79,0,4,14103.41
BAJAJFINSV26JUNFUT,0.1,0.001,2.0,0.5,0.3,2.0,0.6,-33.4582,3.875,-173179.12,-200949.89,-40189.98,0,4,13721.89
BAJAJFINSV26JUNFUT,0.1,0.001,2.0,0.5,0.5,1.0,0.4,7.8719,5.3725,-10059.53,4410.45,882.09,3,4,11012.17
BAJAJFINSV26JUNFUT,0.1,0.001,2.0,0.5,0.5,1.0,0.5,14.5952,5.165,-19091.14,-3819.25,-763.85,2,4,11644.02
BAJAJFINSV26JUNFUT,0.1,0.001,2.0,0.5,0.5,1.0,0.6,9.948,4.89,-27789.66,-12272.04,-2454.41,2,4,11704.12
BAJAJFINSV26JUNFUT,0.1,0.001,2.0,0.5,0.5,1.5,0.4,-31.516,3.8875,-164443.95,-198211.44,-39642.29,0,4,19563.69
BAJAJFINSV26JUNFUT,0.1,0.001,2.0,0.5,0.5,1.5,0.5,-35.0214,4.2275,-156844.86,-190612.36,-38122.47,0,4,17891.06
BAJAJFINSV26JUNFUT,0.1,0.001,2.0,0.5,0.5,1.5,0.6,-30.1252,4.23,-156657.95,-188726.59,-37745.32,0,4,20414.29
BAJAJFINSV26JUNFUT,0.1,0.001,2.0,0.5,0.5,2.0,0.4,-30.3896,4.025,-173846.24,-197427.57,-39485.51,0,4,14453.08
BAJAJFINSV26JUNFUT,0.1,0.001,2.0,0.5,0.5,2.0,0.5,-30.3058,4.0625,-171578.3,-194727.97,-38945.59,0,4,14104.08
BAJAJFINSV26JUNFUT,0.1,0.001,2.0,0.5,0.5,2.0,0.6,-33.4582,3.875,-173179.12,-200949.89,-40189.98,0,4,13721.89
BAJAJFINSV26JUNFUT,0.1,0.001,2.0,0.5,1.0,1.0,0.4,7.8122,5.37,-10108.85,4361.12,872.22,3,4,11008.48
BAJAJFINSV26JUNFUT,0.1,0.001,2.0,0.5,1.0,1.0,0.5,14.4759,5.16,-19134.46,-3862.58,-772.52,2,4,11637.14
BAJAJFINSV26JUNFUT,0.1,0.001,2.0,0.5,1.0,1.0,0.6,9.9482,4.89,-27786.66,-12269.04,-2453.81,2,4,11703.47
BAJAJFINSV26JUNFUT,0.1,0.001,2.0,0.5,1.0,1.5,0.4,-31.5087,3.89,-164389.95,-198160.44,-39632.09,0,4,19578.48
BAJAJFINSV26JUNFUT,0.1,0.001,2.0,0.5,1.0,1.5,0.5,-35.0133,4.23,-156790.86,-190561.36,-38112.27,0,4,17905.4
BAJAJFINSV26JUNFUT,0.1,0.001,2.0,0.5,1.0,1.5,0.6,-30.1276,4.2275,-156657.95,-188726.59,-37745.32,0,4,20413.3
BAJAJFINSV26JUNFUT,0.1,0.001,2.0,0.5,1.0,2.0,0.4,-30.3886,4.0275,-173840.25,-197421.58,-39484.32,0,4,14453.13
BAJAJFINSV26JUNFUT,0.1,0.001,2.0,0.5,1.0,2.0,0.5,-30.3049,4.0625,-171572.3,-194721.98,-38944.4,0,4,14104.09
BAJAJFINSV26JUNFUT,0.1,0.001,2.0,0.5,1.0,2.0,0.6,-33.4567,3.875,-173173.12,-200943.89,-40188.78,0,4,13722.12
BAJAJHLDNG26JUNFUT,0.05,0.0005,1.0,0.2,0.3,1.0,0.4,-15.3213,3.535,6526.91,-3212.3,-642.46,2,4,26399.0
BAJAJHLDNG26JUNFUT,0.05,0.0005,1.0,0.2,0.3,1.0,0.5,-15.3213,3.535,6526.91,-3212.3,-642.46,2,4,26399.0
BAJAJHLDNG26JUNFUT,0.05,0.0005,1.0,0.2,0.3,1.0,0.6,-15.3213,3.535,6526.91,-3212.3,-642.46,2,4,26399.0
BAJAJHLDNG26JUNFUT,0.05,0.0005,1.0,0.2,0.3,1.5,0.4,-15.3213,3.535,6526.91,-3212.3,-642.46,2,4,26399.0
BAJAJHLDNG26JUNFUT,0.05,0.0005,1.0,0.2,0.3,1.5,0.5,-15.3213,3.535,6526.91,-3212.3,-642.46,2,4,26399.0
BAJAJHLDNG26JUNFUT,0.05,0.0005,1.0,0.2,0.3,1.5,0.6,-15.3213,3.535,6526.91,-3212.3,-642.46,2,4,26399.0
BAJAJHLDNG26JUNFUT,0.05,0.0005,1.0,0.2,0.3,2.0,0.4,-15.3213,3.535,6526.91,-3212.3,-642.46,2,4,26399.0
BAJAJHLDNG26JUNFUT,0.05,0.0005,1.0,0.2,0.3,2.0,0.5,-15.3213,3.535,6526.91,-3212.3,-642.46,2,4,26399.0
BAJAJHLDNG26JUNFUT,0.05,0.0005,1.0,0.2,0.3,2.0,0.6,-15.3213,3.535,6526.91,-3212.3,-642.46,2,4,26399.0
BAJAJHLDNG26JUNFUT,0.05,0.0005,1.0,0.2,0.5,1.0,0.4,-15.3213,3.535,6526.91,-3212.3,-642.46,2,4,26399.0
BAJAJHLDNG26JUNFUT,0.05,0.0005,1.0,0.2,0.5,1.0,0.5,-15.3213,3.535,6526.91,-3212.3,-642.46,2,4,26399.0
BAJAJHLDNG26JUNFUT,0.05,0.0005,1.0,0.2,0.5,1.0,0.6,-15.3213,3.535,6526.91,-3212.3,-642.46,2,4,26399.0
BAJAJHLDNG26JUNFUT,0.05,0.0005,1.0,0.2,0.5,1.5,0.4,-15.3213,3.535,6526.91,-3212.3,-642.46,2,4,26399.0
BAJAJHLDNG26JUNFUT,0.05,0.0005,1.0,0.2,0.5,1.5,0.5,-15.3213,3.535,6526.91,-3212.3,-642.46,2,4,26399.0
BAJAJHLDNG26JUNFUT,0.05,0.0005,1.0,0.2,0.5,1.5,0.6,-15.3213,3.535,6526.91,-3212.3,-642.46,2,4,26399.0
BAJAJHLDNG26JUNFUT,0.05,0.0005,1.0,0.2,0.5,2.0,0.4,-15.3213,3.535,6526.91,-3212.3,-642.46,2,4,26399.0
BAJAJHLDNG26JUNFUT,0.05,0.0005,1.0,0.2,0.5,2.0,0.5,-15.3213,3.535,6526.91,-3212.3,-642.46,2,4,26399.0
BAJAJHLDNG26JUNFUT,0.05,0.0005,1.0,0.2,0.5,2.0,0.6,-15.3213,3.535,6526.91,-3212.3,-642.46,2,4,26399.0
BAJAJHLDNG26JUNFUT,0.05,0.0005,1.0,0.2,1.0,1.0,0.4,-15.3213,3.535,6526.91,-3212.3,-642.46,2,4,26399.0
BAJAJHLDNG26JUNFUT,0.05,0.0005,1.0,0.2,1.0,1.0,0.5,-15.3213,3.535,6526.91,-3212.3,-642.46,2,4,26399.0
BAJAJHLDNG26JUNFUT,0.05,0.0005,1.0,0.2,1.0,1.0,0.6,-15.3213,3.535,6526.91,-3212.3,-642.46,2,4,26399.0
BAJAJHLDNG26JUNFUT,0.05,0.0005,1.0,0.2,1.0,1.5,0.4,-15.3213,3.535,6526.91,-3212.3,-642.46,2,4,26399.0
BAJAJHLDNG26JUNFUT,0.05,0.0005,1.0,0.2,1.0,1.5,0.5,-15.3213,3.535,6526.91,-3212.3,-642.46,2,4,26399.0
BAJAJHLDNG26JUNFUT,0.05,0.0005,1.0,0.2,1.0,1.5,0.6,-15.3213,3.535,6526.91,-3212.3,-642.46,2,4,26399.0
BAJAJHLDNG26JUNFUT,0.05,0.0005,1.0,0.2,1.0,2.0,0.4,-15.3213,3.535,6526.91,-3212.3,-642.46,2,4,26399.0
BAJAJHLDNG26JUNFUT,0.05,0.0005,1.0,0.2,1.0,2.0,0.5,-15.3213,3.535,6526.91,-3212.3,-642.46,2,4,26399.0
BAJAJHLDNG26JUNFUT,0.05,0.0005,1.0,0.2,1.0,2.0,0.6,-15.3213,3.535,6526.91,-3212.3,-642.46,2,4,26399.0
BAJAJHLDNG26JUNFUT,0.05,0.0005,1.0,0.3,0.3,1.0,0.4,-15.3213,3.535,6526.91,-3212.3,-642.46,2,4,26399.0
BAJAJHLDNG26JUNFUT,0.05,0.0005,1.0,0.3,0.3,1.0,0.5,-15.3213,3.535,6526.91,-3212.3,-642.46,2,4,26399.0
BAJAJHLDNG26JUNFUT,0.05,0.0005,1.0,0.3,0.3,1.0,0.6,-15.3213,3.535,6526.91,-3212.3,-642.46,2,4,26399.0
BAJAJHLDNG26JUNFUT,0.05,0.0005,1.0,0.3,0.3,1.5,0.4,-15.3213,3.535,6526.91,-3212.3,-642.46,2,4,26399.0
BAJAJHLDNG26JUNFUT,0.05,0.0005,1.0,0.3,0.3,1.5,0.5,-15.3213,3.535,6526.91,-3212.3,-642.46,2,4,26399.0
BAJAJHLDNG26JUNFUT,0.05,0.0005,1.0,0.3,0.3,1.5,0.6,-15.3213,3.535,6526.91,-3212.3,-642.46,2,4,26399.0
BAJAJHLDNG26JUNFUT,0.05,0.0005,1.0,0.3,0.3,2.0,0.4,-15.3213,3.535,6526.91,-3212.3,-642.46,2,4,26399.0
BAJAJHLDNG26JUNFUT,0.05,0.0005,1.0,0.3,0.3,2.0,0.5,-15.3213,3.535,6526.91,-3212.3,-642.46,2,4,26399.0
BAJAJHLDNG26JUNFUT,0.05,0.0005,1.0,0.3,0.3,2.0,0.6,-15.3213,3.535,6526.91,-3212.3,-642.46,2,4,26399.0
BAJAJHLDNG26JUNFUT,0.05,0.0005,1.0,0.3,0.5,1.0,0.4,-15.3213,3.535,6526.91,-3212.3,-642.46,2,4,26399.0
BAJAJHLDNG26JUNFUT,0.05,0.0005,1.0,0.3,0.5,1.0,0.5,-15.3213,3.535,6526.91,-3212.3,-642.46,2,4,26399.0
BAJAJHLDNG26JUNFUT,0.05,0.0005,1.0,0.3,0.5,1.0,0.6,-15.3213,3.535,6526.91,-3212.3,-642.46,2,4,26399.0
BAJAJHLDNG26JUNFUT,0.05,0.0005,1.0,0.3,0.5,1.5,0.4,-15.3213,3.535,6526.91,-3212.3,-642.46,2,4,26399.0
BAJAJHLDNG26JUNFUT,0.05,0.0005,1.0,0.3,0.5,1.5,0.5,-15.3213,3.535,6526.91,-3212.3,-642.46,2,4,26399.0
BAJAJHLDNG26JUNFUT,0.05,0.0005,1.0,0.3,0.5,1.5,0.6,-15.3213,3.535,6526.91,-3212.3,-642.46,2,4,26399.0
BAJAJHLDNG26JUNFUT,0.05,0.0005,1.0,0.3,0.5,2.0,0.4,-15.3213,3.535,6526.91,-3212.3,-642.46,2,4,26399.0
BAJAJHLDNG26JUNFUT,0.05,0.0005,1.0,0.3,0.5,2.0,0.5,-15.3213,3.535,6526.91,-3212.3,-642.46,2,4,26399.0
BAJAJHLDNG26JUNFUT,0.05,0.0005,1.0,0.3,0.5,2.0,0.6,-15.3213,3.535,6526.91,-3212.3,-642.46,2,4,26399.0
BAJAJHLDNG26JUNFUT,0.05,0.0005,1.0,0.3,1.0,1.0,0.4,-15.3213,3.535,6526.91,-3212.3,-642.46,2,4,26399.0
BAJAJHLDNG26JUNFUT,0.05,0.0005,1.0,0.3,1.0,1.0,0.5,-15.3213,3.535,6526.91,-3212.3,-642.46,2,4,26399.0
BAJAJHLDNG26JUNFUT,0.05,0.0005,1.0,0.3,1.0,1.0,0.6,-15.3213,3.535,6526.91,-3212.3,-642.46,2,4,26399.0
BAJAJHLDNG26JUNFUT,0.05,0.0005,1.0,0.3,1.0,1.5,0.4,-15.3213,3.535,6526.91,-3212.3,-642.46,2,4,26399.0
BAJAJHLDNG26JUNFUT,0.05,0.0005,1.0,0.3,1.0,1.5,0.5,-15.3213,3.535,6526.91,-3212.3,-642.46,2,4,26399.0
BAJAJHLDNG26JUNFUT,0.05,0.0005,1.0,0.3,1.0,1.5,0.6,-15.3213,3.535,6526.91,-3212.3,-642.46,2,4,26399.0
BAJAJHLDNG26JUNFUT,0.05,0.0005,1.0,0.3,1.0,2.0,0.4,-15.3213,3.535,6526.91,-3212.3,-642.46,2,4,26399.0
BAJAJHLDNG26JUNFUT,0.05,0.0005,1.0,0.3,1.0,2.0,0.5,-15.3213,3.535,6526.91,-3212.3,-642.46,2,4,26399.0
BAJAJHLDNG26JUNFUT,0.05,0.0005,1.0,0.3,1.0,2.0,0.6,-15.3213,3.535,6526.91,-3212.3,-642.46,2,4,26399.0
BAJAJHLDNG26JUNFUT,0.05,0.0005,1.0,0.5,0.3,1.0,0.4,-15.3213,3.535,6526.91,-3212.3,-642.46,2,4,26399.0
BAJAJHLDNG26JUNFUT,0.05,0.0005,1.0,0.5,0.3,1.0,0.5,-15.3213,3.535,6526.91,-3212.3,-642.46,2,4,26399.0
BAJAJHLDNG26JUNFUT,0.05,0.0005,1.0,0.5,0.3,1.0,0.6,-15.3213,3.535,6526.91,-3212.3,-642.46,2,4,26399.0
BAJAJHLDNG26JUNFUT,0.05,0.0005,1.0,0.5,0.3,1.5,0.4,-15.3213,3.535,6526.91,-3212.3,-642.46,2,4,26399.0
BAJAJHLDNG26JUNFUT,0.05,0.0005,1.0,0.5,0.3,1.5,0.5,-15.3213,3.535,6526.91,-3212.3,-642.46,2,4,26399.0
BAJAJHLDNG26JUNFUT,0.05,0.0005,1.0,0.5,0.3,1.5,0.6,-15.3213,3.535,6526.91,-3212.3,-642.46,2,4,26399.0
BAJAJHLDNG26JUNFUT,0.05,0.0005,1.0,0.5,0.3,2.0,0.4,-15.3213,3.535,6526.91,-3212.3,-642.46,2,4,26399.0
BAJAJHLDNG26JUNFUT,0.05,0.0005,1.0,0.5,0.3,2.0,0.5,-15.3213,3.535,6526.91,-3212.3,-642.46,2,4,26399.0
BAJAJHLDNG26JUNFUT,0.05,0.0005,1.0,0.5,0.3,2.0,0.6,-15.3213,3.535,6526.91,-3212.3,-642.46,2,4,26399.0
BAJAJHLDNG26JUNFUT,0.05,0.0005,1.0,0.5,0.5,1.0,0.4,-15.3213,3.535,6526.91,-3212.3,-642.46,2,4,26399.0
BAJAJHLDNG26JUNFUT,0.05,0.0005,1.0,0.5,0.5,1.0,0.5,-15.3213,3.535,6526.91,-3212.3,-642.46,2,4,26399.0
BAJAJHLDNG26JUNFUT,0.05,0.0005,1.0,0.5,0.5,1.0,0.6,-15.3213,3.535,6526.91,-3212.3,-642.46,2,4,26399.0
BAJAJHLDNG26JUNFUT,0.05,0.0005,1.0,0.5,0.5,1.5,0.4,-15.3213,3.535,6526.91,-3212.3,-642.46,2,4,26399.0
BAJAJHLDNG26JUNFUT,0.05,0.0005,1.0,0.5,0.5,1.5,0.5,-15.3213,3.535,6526.91,-3212.3,-642.46,2,4,26399.0
BAJAJHLDNG26JUNFUT,0.05,0.0005,1.0,0.5,0.5,1.5,0.6,-15.3213,3.535,6526.91,-3212.3,-642.46,2,4,26399.0
BAJAJHLDNG26JUNFUT,0.05,0.0005,1.0,0.5,0.5,2.0,0.4,-15.3213,3.535,6526.91,-3212.3,-642.46,2,4,26399.0
BAJAJHLDNG26JUNFUT,0.05,0.0005,1.0,0.5,0.5,2.0,0.5,-15.3213,3.535,6526.91,-3212.3,-642.46,2,4,26399.0
BAJAJHLDNG26JUNFUT,0.05,0.0005,1.0,0.5,0.5,2.0,0.6,-15.3213,3.535,6526.91,-3212.3,-642.46,2,4,26399.0
BAJAJHLDNG26JUNFUT,0.05,0.0005,1.0,0.5,1.0,1.0,0.4,-15.3213,3.535,6526.91,-3212.3,-642.46,2,4,26399.0
BAJAJHLDNG26JUNFUT,0.05,0.0005,1.0,0.5,1.0,1.0,0.5,-15.3213,3.535,6526.91,-3212.3,-642.46,2,4,26399.0
BAJAJHLDNG26JUNFUT,0.05,0.0005,1.0,0.5,1.0,1.0,0.6,-15.3213,3.535,6526.91,-3212.3,-642.46,2,4,26399.0
BAJAJHLDNG26JUNFUT,0.05,0.0005,1.0,0.5,1.0,1.5,0.4,-15.3213,3.535,6526.91,-3212.3,-642.46,2,4,26399.0
BAJAJHLDNG26JUNFUT,0.05,0.0005,1.0,0.5,1.0,1.5,0.5,-15.3213,3.535,6526.91,-3212.3,-642.46,2,4,26399.0
BAJAJHLDNG26JUNFUT,0.05,0.0005,1.0,0.5,1.0,1.5,0.6,-15.3213,3.535,6526.91,-3212.3,-642.46,2,4,26399.0
BAJAJHLDNG26JUNFUT,0.05,0.0005,1.0,0.5,1.0,2.0,0.4,-15.3213,3.535,6526.91,-3212.3,-642.46,2,4,26399.0
BAJAJHLDNG26JUNFUT,0.05,0.0005,1.0,0.5,1.0,2.0,0.5,-15.3213,3.535,6526.91,-3212.3,-642.46,2,4,26399.0
BAJAJHLDNG26JUNFUT,0.05,0.0005,1.0,0.5,1.0,2.0,0.6,-15.3213,3.535,6526.91,-3212.3,-642.46,2,4,26399.0
AXISBANK26JUNFUT,0.05,0.0005,3.0,0.2,0.3,1.0,0.4,-2.0974,3.74,-34335.29,-36106.96,-7221.39,2,4,32491.04
AXISBANK26JUNFUT,0.05,0.0005,3.0,0.2,0.3,1.0,0.5,-0.601,2.42,-33074.07,-33177.86,-6635.57,2,4,30307.93
AXISBANK26JUNFUT,0.05,0.0005,3.0,0.2,0.3,1.0,0.6,7.7773,2.5075,-31408.16,-20275.98,-4055.2,3,4,30981.98
AXISBANK26JUNFUT,0.05,0.0005,3.0,0.2,0.3,1.5,0.4,-86.9449,4.355,14181.68,-15218.37,-3043.67,1,4,41396.45
AXISBANK26JUNFUT,0.05,0.0005,3.0,0.2,0.3,1.5,0.5,-56.4675,4.1725,8065.82,-27374.84,-5474.97,1,4,41316.96
AXISBANK26JUNFUT,0.05,0.0005,3.0,0.2,0.3,1.5,0.6,-91.3865,3.76,-4100.59,-39430.83,-7886.17,1,4,41813.48
AXISBANK26JUNFUT,0.05,0.0005,3.0,0.2,0.3,2.0,0.4,-28.4439,3.99,-74195.01,-140218.78,-28043.76,1,4,80826.07
AXISBANK26JUNFUT,0.05,0.0005,3.0,0.2,0.3,2.0,0.5,-28.8254,3.8,-80260.83,-144130.64,-28826.13,1,4,79888.43
AXISBANK26JUNFUT,0.05,0.0005,3.0,0.2,0.3,2.0,0.6,-27.9139,4.0325,-61663.94,-125907.27,-25181.45,1,4,77502.02
AXISBANK26JUNFUT,0.05,0.0005,3.0,0.2,0.5,1.0,0.4,-2.0974,3.7375,-34341.54,-36113.21,-7222.64,2,4,32489.48
AXISBANK26JUNFUT,0.05,0.0005,3.0,0.2,0.5,1.0,0.5,-0.0799,2.5225,-31945.88,-32049.67,-6409.93,2,4,30381.91
AXISBANK26JUNFUT,0.05,0.0005,3.0,0.2,0.5,1.0,0.6,7.7901,2.51,-31401.92,-20269.73,-4053.95,3,4,30982.31
AXISBANK26JUNFUT,0.05,0.0005,3.0,0.2,0.5,1.5,0.4,-87.7594,4.3525,13955.34,-15438.46,-3087.69,1,4,41413.75
AXISBANK26JUNFUT,0.05,0.0005,3.0,0.2,0.5,1.5,0.5,-56.6395,4.1725,7845.74,-27588.67,-5517.73,1,4,41335.44
AXISBANK26JUNFUT,0.05,0.0005,3.0,0.2,0.5,1.5,0.6,-91.4128,3.7525,-4028.3,-39358.54,-7871.71,1,4,41804.82
AXISBANK26JUNFUT,0.05,0.0005,3.0,0.2,0.5,2.0,0.4,-28.4444,3.99,-74195.03,-140218.8,-28043.76,1,4,80822.93
AXISBANK26JUNFUT,0.05,0.0005,3.0,0.2,0.5,2.0,0.5,-28.8248,3.8,-80267.09,-144136.89,-28827.38,1,4,79889.24
AXISBANK26JUNFUT,0.05,0.0005,3.0,0.2,0.5,2.0,0.6,-27.9134,4.0325,-61657.7,-125901.03,-25180.21,1,4,77507.63
AXISBANK26JUNFUT,0.05,0.0005,3.0,0.2,1.0,1.0,0.4,-2.0974,3.7375,-34341.54,-36113.21,-7222.64,2,4,32493.31
AXISBANK26JUNFUT,0.05,0.0005,3.0,0.2,1.0,1.0,0.5,-0.0798,2.5225,-31945.89,-32049.68,-6409.94,2,4,30385.75
AXISBANK26JUNFUT,0.05,0.0005,3.0,0.2,1.0,1.0,0.6,7.7901,2.51,-31395.67,-20263.48,-4052.7,3,4,30983.82
AXISBANK26JUNFUT,0.05,0.0005,3.0,0.2,1.0,1.5,0.4,-88.2327,4.35,13959.52,-15391.68,-3078.34,1,4,41408.14
AXISBANK26JUNFUT,0.05,0.0005,3.0,0.2,1.0,1.5,0.5,-56.812,4.1625,7824.93,-27566.88,-5513.38,1,4,41331.18
AXISBANK26JUNFUT,0.05,0.0005,3.0,0.2,1.0,1.5,0.6,-96.4652,3.7525,-4028.3,-38827.0,-7765.4,1,4,41735.48
AXISBANK26JUNFUT,0.05,0.0005,3.0,0.2,1.0,2.0,0.4,-28.4538,3.99,-74213.79,-140237.56,-28047.51,1,4,80820.11
AXISBANK26JUNFUT,0.05,0.0005,3.0,0.2,1.0,2.0,0.5,-28.8246,3.8075,-79935.83,-143805.63,-28761.13,1,4,80015.38
AXISBANK26JUNFUT,0.05,0.0005,3.0,0.2,1.0,2.0,0.6,-27.9085,4.04,-61320.2,-125563.52,-25112.7,1,4,77634.69
AXISBANK26JUNFUT,0.05,0.0005,3.0,0.3,0.3,1.0,0.4,-2.0974,3.74,-34335.29,-36106.96,-7221.39,2,4,32491.04
AXISBANK26JUNFUT,0.05,0.0005,3.0,0.3,0.3,1.0,0.5,-0.601,2.42,-33074.07,-33177.86,-6635.57,2,4,30307.93
AXISBANK26JUNFUT,0.05,0.0005,3.0,0.3,0.3,1.0,0.6,7.7773,2.5075,-31408.16,-20275.98,-4055.2,3,4,30981.98
AXISBANK26JUNFUT,0.05,0.0005,3.0,0.3,0.3,1.5,0.4,-86.9449,4.355,14181.68,-15218.37,-3043.67,1,4,41396.45
AXISBANK26JUNFUT,0.05,0.0005,3.0,0.3,0.3,1.5,0.5,-56.4675,4.1725,8065.82,-27374.84,-5474.97,1,4,41316.96
AXISBANK26JUNFUT,0.05,0.0005,3.0,0.3,0.3,1.5,0.6,-91.3865,3.76,-4100.59,-39430.83,-7886.17,1,4,41813.48
AXISBANK26JUNFUT,0.05,0.0005,3.0,0.3,0.3,2.0,0.4,-28.4439,3.99,-74195.01,-140218.78,-28043.76,1,4,80826.07
AXISBANK26JUNFUT,0.05,0.0005,3.0,0.3,0.3,2.0,0.5,-28.8254,3.8,-80260.83,-144130.64,-28826.13,1,4,79888.43
AXISBANK26JUNFUT,0.05,0.0005,3.0,0.3,0.3,2.0,0.6,-27.9139,4.0325,-61663.94,-125907.27,-25181.45,1,4,77502.02
AXISBANK26JUNFUT,0.05,0.0005,3.0,0.3,0.5,1.0,0.4,-2.0974,3.7375,-34341.54,-36113.21,-7222.64,2,4,32489.48
AXISBANK26JUNFUT,0.05,0.0005,3.0,0.3,0.5,1.0,0.5,-0.0799,2.5225,-31945.88,-32049.67,-6409.93,2,4,30381.91
AXISBANK26JUNFUT,0.05,0.0005,3.0,0.3,0.5,1.0,0.6,7.7901,2.51,-31401.92,-20269.73,-4053.95,3,4,30982.31
AXISBANK26JUNFUT,0.05,0.0005,3.0,0.3,0.5,1.5,0.4,-87.7594,4.3525,13955.34,-15438.46,-3087.69,1,4,41413.75
AXISBANK26JUNFUT,0.05,0.0005,3.0,0.3,0.5,1.5,0.5,-56.6395,4.1725,7845.74,-27588.67,-5517.73,1,4,41335.44
AXISBANK26JUNFUT,0.05,0.0005,3.0,0.3,0.5,1.5,0.6,-91.4128,3.7525,-4028.3,-39358.54,-7871.71,1,4,41804.82
AXISBANK26JUNFUT,0.05,0.0005,3.0,0.3,0.5,2.0,0.4,-28.4444,3.99,-74195.03,-140218.8,-28043.76,1,4,80822.93
AXISBANK26JUNFUT,0.05,0.0005,3.0,0.3,0.5,2.0,0.5,-28.8248,3.8,-80267.09,-144136.89,-28827.38,1,4,79889.24
AXISBANK26JUNFUT,0.05,0.0005,3.0,0.3,0.5,2.0,0.6,-27.9134,4.0325,-61657.7,-125901.03,-25180.21,1,4,77507.63
AXISBANK26JUNFUT,0.05,0.0005,3.0,0.3,1.0,1.0,0.4,-2.0974,3.7375,-34341.54,-36113.21,-7222.64,2,4,32493.31
AXISBANK26JUNFUT,0.05,0.0005,3.0,0.3,1.0,1.0,0.5,-0.0798,2.5225,-31945.89,-32049.68,-6409.94,2,4,30385.75
AXISBANK26JUNFUT,0.05,0.0005,3.0,0.3,1.0,1.0,0.6,7.7901,2.51,-31395.67,-20263.48,-4052.7,3,4,30983.82
AXISBANK26JUNFUT,0.05,0.0005,3.0,0.3,1.0,1.5,0.4,-88.2327,4.35,13959.52,-15391.68,-3078.34,1,4,41408.14
AXISBANK26JUNFUT,0.05,0.0005,3.0,0.3,1.0,1.5,0.5,-56.812,4.1625,7824.93,-27566.88,-5513.38,1,4,41331.18
AXISBANK26JUNFUT,0.05,0.0005,3.0,0.3,1.0,1.5,0.6,-96.4652,3.7525,-4028.3,-38827.0,-7765.4,1,4,41735.48
AXISBANK26JUNFUT,0.05,0.0005,3.0,0.3,1.0,2.0,0.4,-28.4538,3.99,-74213.79,-140237.56,-28047.51,1,4,80820.11
AXISBANK26JUNFUT,0.05,0.0005,3.0,0.3,1.0,2.0,0.5,-28.8246,3.8075,-79935.83,-143805.63,-28761.13,1,4,80015.38
AXISBANK26JUNFUT,0.05,0.0005,3.0,0.3,1.0,2.0,0.6,-27.9085,4.04,-61320.2,-125563.52,-25112.7,1,4,77634.69
AXISBANK26JUNFUT,0.05,0.0005,3.0,0.5,0.3,1.0,0.4,-2.0974,3.74,-34335.29,-36106.96,-7221.39,2,4,32491.04
AXISBANK26JUNFUT,0.05,0.0005,3.0,0.5,0.3,1.0,0.5,-0.601,2.42,-33074.07,-33177.86,-6635.57,2,4,30307.93
AXISBANK26JUNFUT,0.05,0.0005,3.0,0.5,0.3,1.0,0.6,7.7773,2.5075,-31408.16,-20275.98,-4055.2,3,4,30981.98
AXISBANK26JUNFUT,0.05,0.0005,3.0,0.5,0.3,1.5,0.4,-86.9449,4.355,14181.68,-15218.37,-3043.67,1,4,41396.45
AXISBANK26JUNFUT,0.05,0.0005,3.0,0.5,0.3,1.5,0.5,-56.4675,4.1725,8065.82,-27374.84,-5474.97,1,4,41316.96
AXISBANK26JUNFUT,0.05,0.0005,3.0,0.5,0.3,1.5,0.6,-91.3865,3.76,-4100.59,-39430.83,-7886.17,1,4,41813.48
AXISBANK26JUNFUT,0.05,0.0005,3.0,0.5,0.3,2.0,0.4,-28.4439,3.99,-74195.01,-140218.78,-28043.76,1,4,80826.07
AXISBANK26JUNFUT,0.05,0.0005,3.0,0.5,0.3,2.0,0.5,-28.8254,3.8,-80260.83,-144130.64,-28826.13,1,4,79888.43
AXISBANK26JUNFUT,0.05,0.0005,3.0,0.5,0.3,2.0,0.6,-27.9139,4.0325,-61663.94,-125907.27,-25181.45,1,4,77502.02
AXISBANK26JUNFUT,0.05,0.0005,3.0,0.5,0.5,1.0,0.4,-2.0974,3.7375,-34341.54,-36113.21,-7222.64,2,4,32489.48
AXISBANK26JUNFUT,0.05,0.0005,3.0,0.5,0.5,1.0,0.5,-0.0799,2.5225,-31945.88,-32049.67,-6409.93,2,4,30381.91
AXISBANK26JUNFUT,0.05,0.0005,3.0,0.5,0.5,1.0,0.6,7.7901,2.51,-31401.92,-20269.73,-4053.95,3,4,30982.31
AXISBANK26JUNFUT,0.05,0.0005,3.0,0.5,0.5,1.5,0.4,-87.7594,4.3525,13955.34,-15438.46,-3087.69,1,4,41413.75
AXISBANK26JUNFUT,0.05,0.0005,3.0,0.5,0.5,1.5,0.5,-56.6395,4.1725,7845.74,-27588.67,-5517.73,1,4,41335.44
AXISBANK26JUNFUT,0.05,0.0005,3.0,0.5,0.5,1.5,0.6,-91.4128,3.7525,-4028.3,-39358.54,-7871.71,1,4,41804.82
AXISBANK26JUNFUT,0.05,0.0005,3.0,0.5,0.5,2.0,0.4,-28.4444,3.99,-74195.03,-140218.8,-28043.76,1,4,80822.93
AXISBANK26JUNFUT,0.05,0.0005,3.0,0.5,0.5,2.0,0.5,-28.8248,3.8,-80267.09,-144136.89,-28827.38,1,4,79889.24
AXISBANK26JUNFUT,0.05,0.0005,3.0,0.5,0.5,2.0,0.6,-27.9134,4.0325,-61657.7,-125901.03,-25180.21,1,4,77507.63
AXISBANK26JUNFUT,0.05,0.0005,3.0,0.5,1.0,1.0,0.4,-2.0974,3.7375,-34341.54,-36113.21,-7222.64,2,4,32493.31
AXISBANK26JUNFUT,0.05,0.0005,3.0,0.5,1.0,1.0,0.5,-0.0798,2.5225,-31945.89,-32049.68,-6409.94,2,4,30385.75
AXISBANK26JUNFUT,0.05,0.0005,3.0,0.5,1.0,1.0,0.6,7.7901,2.51,-31395.67,-20263.48,-4052.7,3,4,30983.82
AXISBANK26JUNFUT,0.05,0.0005,3.0,0.5,1.0,1.5,0.4,-88.2327,4.35,13959.52,-15391.68,-3078.34,1,4,41408.14
AXISBANK26JUNFUT,0.05,0.0005,3.0,0.5,1.0,1.5,0.5,-56.812,4.1625,7824.93,-27566.88,-5513.38,1,4,41331.18
AXISBANK26JUNFUT,0.05,0.0005,3.0,0.5,1.0,1.5,0.6,-96.4652,3.7525,-4028.3,-38827.0,-7765.4,1,4,41735.48
AXISBANK26JUNFUT,0.05,0.0005,3.0,0.5,1.0,2.0,0.4,-28.4538,3.99,-74213.79,-140237.56,-28047.51,1,4,80820.11
AXISBANK26JUNFUT,0.05,0.0005,3.0,0.5,1.0,2.0,0.5,-28.8246,3.8075,-79935.83,-143805.63,-28761.13,1,4,80015.38
AXISBANK26JUNFUT,0.05,0.0005,3.0,0.5,1.0,2.0,0.6,-27.9085,4.04,-61320.2,-125563.52,-25112.7,1,4,77634.69
BAJAJ-AUTO26JUNFUT,0.1,0.001,2.0,0.2,0.3,1.0,0.4,-11.6025,3.58,-111719.98,-115456.29,-23091.26,1,4,61650.99
BAJAJ-AUTO26JUNFUT,0.1,0.001,2.0,0.2,0.3,1.0,0.5,-11.6025,3.58,-111719.98,-115456.29,-23091.26,1,4,61650.99
BAJAJ-AUTO26JUNFUT,0.1,0.001,2.0,0.2,0.3,1.0,0.6,-11.6022,3.58,-111719.98,-115454.8,-23090.96,1,4,61651.09
BAJAJ-AUTO26JUNFUT,0.1,0.001,2.0,0.2,0.3,1.5,0.4,-11.6486,3.615,-107383.19,-111124.0,-22224.8,1,4,60488.8
BAJAJ-AUTO26JUNFUT,0.1,0.001,2.0,0.2,0.3,1.5,0.5,-11.6486,3.615,-107383.19,-111124.0,-22224.8,1,4,60488.8
BAJAJ-AUTO26JUNFUT,0.1,0.001,2.0,0.2,0.3,1.5,0.6,-11.6486,3.615,-107383.19,-111124.0,-22224.8,1,4,60488.8
BAJAJ-AUTO26JUNFUT,0.1,0.001,2.0,0.2,0.3,2.0,0.4,-11.6486,3.615,-107383.19,-111124.0,-22224.8,1,4,60488.8
BAJAJ-AUTO26JUNFUT,0.1,0.001,2.0,0.2,0.3,2.0,0.5,-11.6486,3.615,-107383.19,-111124.0,-22224.8,1,4,60488.8
BAJAJ-AUTO26JUNFUT,0.1,0.001,2.0,0.2,0.3,2.0,0.6,-11.6486,3.615,-107383.19,-111124.0,-22224.8,1,4,60488.8
BAJAJ-AUTO26JUNFUT,0.1,0.001,2.0,0.2,0.5,1.0,0.4,-11.6025,3.58,-111719.98,-115456.29,-23091.26,1,4,61650.99
BAJAJ-AUTO26JUNFUT,0.1,0.001,2.0,0.2,0.5,1.0,0.5,-11.6025,3.58,-111719.98,-115456.29,-23091.26,1,4,61650.99
BAJAJ-AUTO26JUNFUT,0.1,0.001,2.0,0.2,0.5,1.0,0.6,-11.6022,3.58,-111719.98,-115454.8,-23090.96,1,4,61651.09
BAJAJ-AUTO26JUNFUT,0.1,0.001,2.0,0.2,0.5,1.5,0.4,-11.6486,3.615,-107383.19,-111124.0,-22224.8,1,4,60488.8
BAJAJ-AUTO26JUNFUT,0.1,0.001,2.0,0.2,0.5,1.5,0.5,-11.6486,3.615,-107383.19,-111124.0,-22224.8,1,4,60488.8
BAJAJ-AUTO26JUNFUT,0.1,0.001,2.0,0.2,0.5,1.5,0.6,-11.6486,3.615,-107383.19,-111124.0,-22224.8,1,4,60488.8
BAJAJ-AUTO26JUNFUT,0.1,0.001,2.0,0.2,0.5,2.0,0.4,-11.6486,3.615,-107383.19,-111124.0,-22224.8,1,4,60488.8
BAJAJ-AUTO26JUNFUT,0.1,0.001,2.0,0.2,0.5,2.0,0.5,-11.6486,3.615,-107383.19,-111124.0,-22224.8,1,4,60488.8
BAJAJ-AUTO26JUNFUT,0.1,0.001,2.0,0.2,0.5,2.0,0.6,-11.6486,3.615,-107383.19,-111124.0,-22224.8,1,4,60488.8
BAJAJ-AUTO26JUNFUT,0.1,0.001,2.0,0.2,1.0,1.0,0.4,-11.6025,3.58,-111719.98,-115456.29,-23091.26,1,4,61650.99
BAJAJ-AUTO26JUNFUT,0.1,0.001,2.0,0.2,1.0,1.0,0.5,-11.6025,3.58,-111719.98,-115456.29,-23091.26,1,4,61650.99
BAJAJ-AUTO26JUNFUT,0.1,0.001,2.0,0.2,1.0,1.0,0.6,-11.6022,3.58,-111719.98,-115454.8,-23090.96,1,4,61651.09
BAJAJ-AUTO26JUNFUT,0.1,0.001,2.0,0.2,1.0,1.5,0.4,-11.6486,3.615,-107383.19,-111124.0,-22224.8,1,4,60488.8
BAJAJ-AUTO26JUNFUT,0.1,0.001,2.0,0.2,1.0,1.5,0.5,-11.6486,3.615,-107383.19,-111124.0,-22224.8,1,4,60488.8
BAJAJ-AUTO26JUNFUT,0.1,0.001,2.0,0.2,1.0,1.5,0.6,-11.6486,3.615,-107383.19,-111124.0,-22224.8,1,4,60488.8
BAJAJ-AUTO26JUNFUT,0.1,0.001,2.0,0.2,1.0,2.0,0.4,-11.6486,3.615,-107383.19,-111124.0,-22224.8,1,4,60488.8
BAJAJ-AUTO26JUNFUT,0.1,0.001,2.0,0.2,1.0,2.0,0.5,-11.6486,3.615,-107383.19,-111124.0,-22224.8,1,4,60488.8
BAJAJ-AUTO26JUNFUT,0.1,0.001,2.0,0.2,1.0,2.0,0.6,-11.6486,3.615,-107383.19,-111124.0,-22224.8,1,4,60488.8
BAJAJ-AUTO26JUNFUT,0.1,0.001,2.0,0.3,0.3,1.0,0.4,-11.6025,3.58,-111719.98,-115456.29,-23091.26,1,4,61650.99
BAJAJ-AUTO26JUNFUT,0.1,0.001,2.0,0.3,0.3,1.0,0.5,-11.6025,3.58,-111719.98,-115456.29,-23091.26,1,4,61650.99
BAJAJ-AUTO26JUNFUT,0.1,0.001,2.0,0.3,0.3,1.0,0.6,-11.6022,3.58,-111719.98,-115454.8,-23090.96,1,4,61651.09
BAJAJ-AUTO26JUNFUT,0.1,0.001,2.0,0.3,0.3,1.5,0.4,-11.6486,3.615,-107383.19,-111124.0,-22224.8,1,4,60488.8
BAJAJ-AUTO26JUNFUT,0.1,0.001,2.0,0.3,0.3,1.5,0.5,-11.6486,3.615,-107383.19,-111124.0,-22224.8,1,4,60488.8
BAJAJ-AUTO26JUNFUT,0.1,0.001,2.0,0.3,0.3,1.5,0.6,-11.6486,3.615,-107383.19,-111124.0,-22224.8,1,4,60488.8
BAJAJ-AUTO26JUNFUT,0.1,0.001,2.0,0.3,0.3,2.0,0.4,-11.6486,3.615,-107383.19,-111124.0,-22224.8,1,4,60488.8
BAJAJ-AUTO26JUNFUT,0.1,0.001,2.0,0.3,0.3,2.0,0.5,-11.6486,3.615,-107383.19,-111124.0,-22224.8,1,4,60488.8
BAJAJ-AUTO26JUNFUT,0.1,0.001,2.0,0.3,0.3,2.0,0.6,-11.6486,3.615,-107383.19,-111124.0,-22224.8,1,4,60488.8
BAJAJ-AUTO26JUNFUT,0.1,0.001,2.0,0.3,0.5,1.0,0.4,-11.6025,3.58,-111719.98,-115456.29,-23091.26,1,4,61650.99
BAJAJ-AUTO26JUNFUT,0.1,0.001,2.0,0.3,0.5,1.0,0.5,-11.6025,3.58,-111719.98,-115456.29,-23091.26,1,4,61650.99
BAJAJ-AUTO26JUNFUT,0.1,0.001,2.0,0.3,0.5,1.0,0.6,-11.6022,3.58,-111719.98,-115454.8,-23090.96,1,4,61651.09
BAJAJ-AUTO26JUNFUT,0.1,0.001,2.0,0.3,0.5,1.5,0.4,-11.6486,3.615,-107383.19,-111124.0,-22224.8,1,4,60488.8
BAJAJ-AUTO26JUNFUT,0.1,0.001,2.0,0.3,0.5,1.5,0.5,-11.6486,3.615,-107383.19,-111124.0,-22224.8,1,4,60488.8
BAJAJ-AUTO26JUNFUT,0.1,0.001,2.0,0.3,0.5,1.5,0.6,-11.6486,3.615,-107383.19,-111124.0,-22224.8,1,4,60488.8
BAJAJ-AUTO26JUNFUT,0.1,0.001,2.0,0.3,0.5,2.0,0.4,-11.6486,3.615,-107383.19,-111124.0,-22224.8,1,4,60488.8
BAJAJ-AUTO26JUNFUT,0.1,0.001,2.0,0.3,0.5,2.0,0.5,-11.6486,3.615,-107383.19,-111124.0,-22224.8,1,4,60488.8
BAJAJ-AUTO26JUNFUT,0.1,0.001,2.0,0.3,0.5,2.0,0.6,-11.6486,3.615,-107383.19,-111124.0,-22224.8,1,4,60488.8
BAJAJ-AUTO26JUNFUT,0.1,0.001,2.0,0.3,1.0,1.0,0.4,-11.6025,3.58,-111719.98,-115456.29,-23091.26,1,4,61650.99
BAJAJ-AUTO26JUNFUT,0.1,0.001,2.0,0.3,1.0,1.0,0.5,-11.6025,3.58,-111719.98,-115456.29,-23091.26,1,4,61650.99
BAJAJ-AUTO26JUNFUT,0.1,0.001,2.0,0.3,1.0,1.0,0.6,-11.6022,3.58,-111719.98,-115454.8,-23090.96,1,4,61651.09
BAJAJ-AUTO26JUNFUT,0.1,0.001,2.0,0.3,1.0,1.5,0.4,-11.6486,3.615,-107383.19,-111124.0,-22224.8,1,4,60488.8
BAJAJ-AUTO26JUNFUT,0.1,0.001,2.0,0.3,1.0,1.5,0.5,-11.6486,3.615,-107383.19,-111124.0,-22224.8,1,4,60488.8
BAJAJ-AUTO26JUNFUT,0.1,0.001,2.0,0.3,1.0,1.5,0.6,-11.6486,3.615,-107383.19,-111124.0,-22224.8,1,4,60488.8
BAJAJ-AUTO26JUNFUT,0.1,0.001,2.0,0.3,1.0,2.0,0.4,-11.6486,3.615,-107383.19,-111124.0,-22224.8,1,4,60488.8
BAJAJ-AUTO26JUNFUT,0.1,0.001,2.0,0.3,1.0,2.0,0.5,-11.6486,3.615,-107383.19,-111124.0,-22224.8,1,4,60488.8
BAJAJ-AUTO26JUNFUT,0.1,0.001,2.0,0.3,1.0,2.0,0.6,-11.6486,3.615,-107383.19,-111124.0,-22224.8,1,4,60488.8
BAJAJ-AUTO26JUNFUT,0.1,0.001,2.0,0.5,0.3,1.0,0.4,-11.6025,3.58,-111719.98,-115456.29,-23091.26,1,4,61650.99
BAJAJ-AUTO26JUNFUT,0.1,0.001,2.0,0.5,0.3,1.0,0.5,-11.6025,3.58,-111719.98,-115456.29,-23091.26,1,4,61650.99
BAJAJ-AUTO26JUNFUT,0.1,0.001,2.0,0.5,0.3,1.0,0.6,-11.6022,3.58,-111719.98,-115454.8,-23090.96,1,4,61651.09
BAJAJ-AUTO26JUNFUT,0.1,0.001,2.0,0.5,0.3,1.5,0.4,-11.6486,3.615,-107383.19,-111124.0,-22224.8,1,4,60488.8
BAJAJ-AUTO26JUNFUT,0.1,0.001,2.0,0.5,0.3,1.5,0.5,-11.6486,3.615,-107383.19,-111124.0,-22224.8,1,4,60488.8
BAJAJ-AUTO26JUNFUT,0.1,0.001,2.0,0.5,0.3,1.5,0.6,-11.6486,3.615,-107383.19,-111124.0,-22224.8,1,4,60488.8
BAJAJ-AUTO26JUNFUT,0.1,0.001,2.0,0.5,0.3,2.0,0.4,-11.6486,3.615,-107383.19,-111124.0,-22224.8,1,4,60488.8
BAJAJ-AUTO26JUNFUT,0.1,0.001,2.0,0.5,0.3,2.0,0.5,-11.6486,3.615,-107383.19,-111124.0,-22224.8,1,4,60488.8
BAJAJ-AUTO26JUNFUT,0.1,0.001,2.0,0.5,0.3,2.0,0.6,-11.6486,3.615,-107383.19,-111124.0,-22224.8,1,4,60488.8
BAJAJ-AUTO26JUNFUT,0.1,0.001,2.0,0.5,0.5,1.0,0.4,-11.6025,3.58,-111719.98,-115456.29,-23091.26,1,4,61650.99
BAJAJ-AUTO26JUNFUT,0.1,0.001,2.0,0.5,0.5,1.0,0.5,-11.6025,3.58,-111719.98,-115456.29,-23091.26,1,4,61650.99
BAJAJ-AUTO26JUNFUT,0.1,0.001,2.0,0.5,0.5,1.0,0.6,-11.6022,3.58,-111719.98,-115454.8,-23090.96,1,4,61651.09
BAJAJ-AUTO26JUNFUT,0.1,0.001,2.0,0.5,0.5,1.5,0.4,-11.6486,3.615,-107383.19,-111124.0,-22224.8,1,4,60488.8
BAJAJ-AUTO26JUNFUT,0.1,0.001,2.0,0.5,0.5,1.5,0.5,-11.6486,3.615,-107383.19,-111124.0,-22224.8,1,4,60488.8
BAJAJ-AUTO26JUNFUT,0.1,0.001,2.0,0.5,0.5,1.5,0.6,-11.6486,3.615,-107383.19,-111124.0,-22224.8,1,4,60488.8
BAJAJ-AUTO26JUNFUT,0.1,0.001,2.0,0.5,0.5,2.0,0.4,-11.6486,3.615,-107383.19,-111124.0,-22224.8,1,4,60488.8
BAJAJ-AUTO26JUNFUT,0.1,0.001,2.0,0.5,0.5,2.0,0.5,-11.6486,3.615,-107383.19,-111124.0,-22224.8,1,4,60488.8
BAJAJ-AUTO26JUNFUT,0.1,0.001,2.0,0.5,0.5,2.0,0.6,-11.6486,3.615,-107383.19,-111124.0,-22224.8,1,4,60488.8
BAJAJ-AUTO26JUNFUT,0.1,0.001,2.0,0.5,1.0,1.0,0.4,-11.6025,3.58,-111719.98,-115456.29,-23091.26,1,4,61650.99
BAJAJ-AUTO26JUNFUT,0.1,0.001,2.0,0.5,1.0,1.0,0.5,-11.6025,3.58,-111719.98,-115456.29,-23091.26,1,4,61650.99
BAJAJ-AUTO26JUNFUT,0.1,0.001,2.0,0.5,1.0,1.0,0.6,-11.6022,3.58,-111719.98,-115454.8,-23090.96,1,4,61651.09
BAJAJ-AUTO26JUNFUT,0.1,0.001,2.0,0.5,1.0,1.5,0.4,-11.6486,3.615,-107383.19,-111124.0,-22224.8,1,4,60488.8
BAJAJ-AUTO26JUNFUT,0.1,0.001,2.0,0.5,1.0,1.5,0.5,-11.6486,3.615,-107383.19,-111124.0,-22224.8,1,4,60488.8
BAJAJ-AUTO26JUNFUT,0.1,0.001,2.0,0.5,1.0,1.5,0.6,-11.6486,3.615,-107383.19,-111124.0,-22224.8,1,4,60488.8
BAJAJ-AUTO26JUNFUT,0.1,0.001,2.0,0.5,1.0,2.0,0.4,-11.6486,3.615,-107383.19,-111124.0,-22224.8,1,4,60488.8
BAJAJ-AUTO26JUNFUT,0.1,0.001,2.0,0.5,1.0,2.0,0.5,-11.6486,3.615,-107383.19,-111124.0,-22224.8,1,4,60488.8
BAJAJ-AUTO26JUNFUT,0.1,0.001,2.0,0.5,1.0,2.0,0.6,-11.6486,3.615,-107383.19,-111124.0,-22224.8,1,4,60488.8
BDL26JUNFUT,0.05,0.005,3.0,0.2,0.3,1.0,0.4,1.7009,8.715,242040.97,145676.22,29135.24,4,4,66977.3
BDL26JUNFUT,0.05,0.005,3.0,0.2,0.3,1.0,0.5,1.7574,8.2825,249114.81,154104.39,30820.88,4,4,67636.5
BDL26JUNFUT,0.05,0.005,3.0,0.2,0.3,1.0,0.6,2.5243,8.3975,260937.37,169820.6,33964.12,4,4,67546.27
BDL26JUNFUT,0.05,0.005,3.0,0.2,0.3,1.5,0.4,-4.3384,7.0675,140978.86,-35087.01,-7017.4,3,4,88301.03
BDL26JUNFUT,0.05,0.005,3.0,0.2,0.3,1.5,0.5,-5.1637,6.615,122865.69,-53697.15,-10739.43,3,4,87024.8
BDL26JUNFUT,0.05,0.005,3.0,0.2,0.3,1.5,0.6,-5.0112,6.505,123548.91,-55961.92,-11192.38,3,4,87207.14
BDL26JUNFUT,0.05,0.005,3.0,0.2,0.3,2.0,0.4,-31.6776,3.76,-127230.63,-255600.82,-51120.16,1,4,50019.22
BDL26JUNFUT,0.05,0.005,3.0,0.2,0.3,2.0,0.5,-31.0409,3.71,-130621.81,-258962.26,-51792.45,1,4,49274.7
BDL26JUNFUT,0.05,0.005,3.0,0.2,0.3,2.0,0.6,-23.951,3.91,-114199.04,-242457.53,-48491.51,1,4,47635.61
BDL26JUNFUT,0.05,0.005,3.0,0.2,0.5,1.0,0.4,1.7294,8.7025,246726.81,149181.18,29836.24,4,4,67994.87
BDL26JUNFUT,0.05,0.005,3.0,0.2,0.5,1.0,0.5,1.6546,8.275,248515.33,152311.28,30462.26,4,4,68010.45
BDL26JUNFUT,0.05,0.005,3.0,0.2,0.5,1.0,0.6,2.5243,8.3975,260933.12,169816.34,33963.27,4,4,67545.62
BDL26JUNFUT,0.05,0.005,3.0,0.2,0.5,1.5,0.4,-4.3912,7.06,140436.31,-35629.56,-7125.91,3,4,88244.96
BDL26JUNFUT,0.05,0.005,3.0,0.2,0.5,1.5,0.5,-5.1606,6.62,123340.02,-53222.82,-10644.56,3,4,87055.14
BDL26JUNFUT,0.05,0.005,3.0,0.2,0.5,1.5,0.6,-5.0112,6.505,123548.91,-55961.93,-11192.39,3,4,87207.14
BDL26JUNFUT,0.05,0.005,3.0,0.2,0.5,2.0,0.4,-29.7349,3.815,-123431.01,-251801.2,-50360.24,1,4,49548.0
BDL26JUNFUT,0.05,0.005,3.0,0.2,0.5,2.0,0.5,-29.265,3.7625,-126809.43,-255149.88,-51029.98,1,4,48860.09
BDL26JUNFUT,0.05,0.005,3.0,0.2,0.5,2.0,0.6,-23.9502,3.9125,-114199.04,-242457.53,-48491.51,1,4,47635.38
BDL26JUNFUT,0.05,0.005,3.0,0.2,1.0,1.0,0.4,1.733,8.705,246858.48,149308.6,29861.72,4,4,68012.94
BDL26JUNFUT,0.05,0.005,3.0,0.2,1.0,1.0,0.5,1.6577,8.2725,248638.5,152430.2,30486.04,4,4,68031.49
BDL26JUNFUT,0.05,0.005,3.0,0.2,1.0,1.0,0.6,2.5241,8.3975,260937.36,169816.34,33963.27,4,4,67547.89
BDL26JUNFUT,0.05,0.005,3.0,0.2,1.0,1.5,0.4,-4.6082,6.965,137145.06,-38925.06,-7785.01,3,4,88083.4
BDL26JUNFUT,0.05,0.005,3.0,0.2,1.0,1.5,0.5,-5.1578,6.6275,123552.39,-53014.7,-10602.94,3,4,87084.24
BDL26JUNFUT,0.05,0.005,3.0,0.2,1.0,1.5,0.6,-5.0104,6.505,123561.64,-55944.94,-11188.99,3,4,87205.68
BDL26JUNFUT,0.05,0.005,3.0,0.2,1.0,2.0,0.4,-51.5012,3.5775,-145925.59,-274295.78,-54859.16,1,4,53850.17
BDL26JUNFUT,0.05,0.005,3.0,0.2,1.0,2.0,0.5,-29.2191,3.7925,-124768.3,-253108.75,-50621.75,1,4,49474.06
BDL26JUNFUT,0.05,0.005,3.0,0.2,1.0,2.0,0.6,-23.8811,3.9175,-113668.08,-241926.57,-48385.31,1,4,47639.32
BDL26JUNFUT,0.05,0.005,3.0,0.3,0.3,1.0,0.4,1.701,8.715,242045.21,145680.46,29136.09,4,4,66977.79
BDL26JUNFUT,0.05,0.005,3.0,0.3,0.3,1.0,0.5,1.7575,8.2825,249119.06,154108.63,30821.73,4,4,67637.17
BDL26JUNFUT,0.05,0.005,3.0,0.3,0.3,1.0,0.6,2.5243,8.3975,260937.37,169820.6,33964.12,4,4,67546.27
BDL26JUNFUT,0.05,0.005,3.0,0.3,0.3,1.5,0.4,-4.3383,7.0675,140983.11,-35082.76,-7016.55,3,4,88301.82
BDL26JUNFUT,0.05,0.005,3.0,0.3,0.3,1.5,0.5,-5.1637,6.615,122865.69,-53697.15,-10739.43,3,4,87024.8
BDL26JUNFUT,0.05,0.005,3.0,0.3,0.3,1.5,0.6,-5.0112,6.505,123548.91,-55961.92,-11192.38,3,4,87207.14
BDL26JUNFUT,0.05,0.005,3.0,0.3,0.3,2.0,0.4,-31.6776,3.76,-127230.63,-255600.82,-51120.16,1,4,50019.22
BDL26JUNFUT,0.05,0.005,3.0,0.3,0.3,2.0,0.5,-31.0409,3.71,-130621.81,-258962.26,-51792.45,1,4,49274.7
BDL26JUNFUT,0.05,0.005,3.0,0.3,0.3,2.0,0.6,-23.951,3.91,-114199.04,-242457.53,-48491.51,1,4,47635.61
BDL26JUNFUT,0.05,0.005,3.0,0.3,0.5,1.0,0.4,1.7294,8.7025,246726.81,149181.18,29836.24,4,4,67994.87
BDL26JUNFUT,0.05,0.005,3.0,0.3,0.5,1.0,0.5,1.6546,8.275,248515.33,152311.28,30462.26,4,4,68010.45
BDL26JUNFUT,0.05,0.005,3.0,0.3,0.5,1.0,0.6,2.5243,8.3975,260933.12,169816.34,33963.27,4,4,67545.62
BDL26JUNFUT,0.05,0.005,3.0,0.3,0.5,1.5,0.4,-4.3891,7.0625,140640.2,-35425.67,-7085.13,3,4,88269.94
BDL26JUNFUT,0.05,0.005,3.0,0.3,0.5,1.5,0.5,-5.1583,6.625,123543.91,-53018.93,-10603.79,3,4,87081.45
BDL26JUNFUT,0.05,0.005,3.0,0.3,0.5,1.5,0.6,-5.0112,6.505,123548.91,-55961.93,-11192.39,3,4,87207.14
BDL26JUNFUT,0.05,0.005,3.0,0.3,0.5,2.0,0.4,-29.7349,3.815,-123431.01,-251801.2,-50360.24,1,4,49548.0
BDL26JUNFUT,0.05,0.005,3.0,0.3,0.5,2.0,0.5,-29.265,3.7625,-126809.43,-255149.88,-51029.98,1,4,48860.09
BDL26JUNFUT,0.05,0.005,3.0,0.3,0.5,2.0,0.6,-23.9502,3.9125,-114199.04,-242457.53,-48491.51,1,4,47635.38
BDL26JUNFUT,0.05,0.005,3.0,0.3,1.0,1.0,0.4,1.733,8.705,246858.48,149308.6,29861.72,4,4,68012.94
BDL26JUNFUT,0.05,0.005,3.0,0.3,1.0,1.0,0.5,1.6577,8.2725,248638.5,152430.2,30486.04,4,4,68031.49
BDL26JUNFUT,0.05,0.005,3.0,0.3,1.0,1.0,0.6,2.5241,8.3975,260937.36,169816.34,33963.27,4,4,67547.89
BDL26JUNFUT,0.05,0.005,3.0,0.3,1.0,1.5,0.4,-4.6082,6.965,137145.06,-38925.06,-7785.01,3,4,88083.4
BDL26JUNFUT,0.05,0.005,3.0,0.3,1.0,1.5,0.5,-5.1578,6.6275,123552.39,-53014.7,-10602.94,3,4,87084.24
BDL26JUNFUT,0.05,0.005,3.0,0.3,1.0,1.5,0.6,-5.0104,6.505,123561.64,-55944.94,-11188.99,3,4,87205.68
BDL26JUNFUT,0.05,0.005,3.0,0.3,1.0,2.0,0.4,-51.5012,3.5775,-145925.59,-274295.78,-54859.16,1,4,53850.17
BDL26JUNFUT,0.05,0.005,3.0,0.3,1.0,2.0,0.5,-29.2191,3.7925,-124768.3,-253108.75,-50621.75,1,4,49474.06
BDL26JUNFUT,0.05,0.005,3.0,0.3,1.0,2.0,0.6,-23.8797,3.9175,-113663.83,-241922.32,-48384.46,1,4,47639.11
BDL26JUNFUT,0.05,0.005,3.0,0.5,0.3,1.0,0.4,1.701,8.715,242045.21,145680.46,29136.09,4,4,66977.79
BDL26JUNFUT,0.05,0.005,3.0,0.5,0.3,1.0,0.5,1.7575,8.2825,249119.06,154108.63,30821.73,4,4,67637.17
BDL26JUNFUT,0.05,0.005,3.0,0.5,0.3,1.0,0.6,2.5243,8.3975,260937.37,169820.6,33964.12,4,4,67546.27
BDL26JUNFUT,0.05,0.005,3.0,0.5,0.3,1.5,0.4,-4.3383,7.0675,140983.11,-35082.76,-7016.55,3,4,88301.82
BDL26JUNFUT,0.05,0.005,3.0,0.5,0.3,1.5,0.5,-5.1637,6.615,122865.69,-53697.15,-10739.43,3,4,87024.8
BDL26JUNFUT,0.05,0.005,3.0,0.5,0.3,1.5,0.6,-5.0112,6.505,123548.91,-55961.92,-11192.38,3,4,87207.14
BDL26JUNFUT,0.05,0.005,3.0,0.5,0.3,2.0,0.4,-31.6776,3.76,-127230.63,-255600.82,-51120.16,1,4,50019.22
BDL26JUNFUT,0.05,0.005,3.0,0.5,0.3,2.0,0.5,-31.0409,3.71,-130621.81,-258962.26,-51792.45,1,4,49274.7
BDL26JUNFUT,0.05,0.005,3.0,0.5,0.3,2.0,0.6,-23.951,3.91,-114199.04,-242457.53,-48491.51,1,4,47635.61
BDL26JUNFUT,0.05,0.005,3.0,0.5,0.5,1.0,0.4,1.7294,8.7025,246726.81,149181.18,29836.24,4,4,67994.87
BDL26JUNFUT,0.05,0.005,3.0,0.5,0.5,1.0,0.5,1.6546,8.275,248515.33,152311.28,30462.26,4,4,68010.45
BDL26JUNFUT,0.05,0.005,3.0,0.5,0.5,1.0,0.6,2.5244,8.3975,260937.36,169820.59,33964.12,4,4,67546.32
BDL26JUNFUT,0.05,0.005,3.0,0.5,0.5,1.5,0.4,-4.3891,7.0625,140640.2,-35425.67,-7085.13,3,4,88269.94
BDL26JUNFUT,0.05,0.005,3.0,0.5,0.5,1.5,0.5,-5.1583,6.625,123543.91,-53018.93,-10603.79,3,4,87081.45
BDL26JUNFUT,0.05,0.005,3.0,0.5,0.5,1.5,0.6,-5.0112,6.505,123548.91,-55961.93,-11192.39,3,4,87207.14
BDL26JUNFUT,0.05,0.005,3.0,0.5,0.5,2.0,0.4,-29.7349,3.815,-123431.01,-251801.2,-50360.24,1,4,49548.0
BDL26JUNFUT,0.05,0.005,3.0,0.5,0.5,2.0,0.5,-29.265,3.7625,-126809.43,-255149.88,-51029.98,1,4,48860.09
BDL26JUNFUT,0.05,0.005,3.0,0.5,0.5,2.0,0.6,-23.9502,3.9125,-114199.04,-242457.53,-48491.51,1,4,47635.38
BDL26JUNFUT,0.05,0.005,3.0,0.5,1.0,1.0,0.4,1.733,8.705,246858.48,149308.6,29861.72,4,4,68012.94
BDL26JUNFUT,0.05,0.005,3.0,0.5,1.0,1.0,0.5,1.6577,8.2725,248638.5,152430.2,30486.04,4,4,68031.49
BDL26JUNFUT,0.05,0.005,3.0,0.5,1.0,1.0,0.6,2.5241,8.3975,260937.36,169816.34,33963.27,4,4,67547.89
BDL26JUNFUT,0.05,0.005,3.0,0.5,1.0,1.5,0.4,-4.6077,6.965,137153.56,-38916.56,-7783.31,3,4,88083.91
BDL26JUNFUT,0.05,0.005,3.0,0.5,1.0,1.5,0.5,-5.1578,6.6275,123552.39,-53014.7,-10602.94,3,4,87084.24
BDL26JUNFUT,0.05,0.005,3.0,0.5,1.0,1.5,0.6,-5.0104,6.505,123561.64,-55944.94,-11188.99,3,4,87205.68
BDL26JUNFUT,0.05,0.005,3.0,0.5,1.0,2.0,0.4,-51.5012,3.5775,-145925.59,-274295.78,-54859.16,1,4,53850.17
BDL26JUNFUT,0.05,0.005,3.0,0.5,1.0,2.0,0.5,-29.2173,3.7925,-124764.05,-253104.5,-50620.9,1,4,49473.62
BDL26JUNFUT,0.05,0.005,3.0,0.5,1.0,2.0,0.6,-23.8797,3.9175,-113663.83,-241922.32,-48384.46,1,4,47639.11
BEL26JUNFUT,0.1,0.001,2.0,0.2,0.3,1.0,0.4,-15.2404,0.0,-143.13,-191.78,-38.36,0,4,35.67
BEL26JUNFUT,0.1,0.001,2.0,0.2,0.3,1.0,0.5,-15.2404,0.0,-143.13,-191.78,-38.36,0,4,35.67
BEL26JUNFUT,0.1,0.001,2.0,0.2,0.3,1.0,0.6,-15.2404,0.0,-143.13,-191.78,-38.36,0,4,35.67
BEL26JUNFUT,0.1,0.001,2.0,0.2,0.3,1.5,0.4,-11.5169,0.0,-287.53,-771.34,-154.27,0,4,176.77
BEL26JUNFUT,0.1,0.001,2.0,0.2,0.3,1.5,0.5,-11.5169,0.0,-287.53,-771.34,-154.27,0,4,176.77
BEL26JUNFUT,0.1,0.001,2.0,0.2,0.3,1.5,0.6,-11.5169,0.0,-287.53,-771.34,-154.27,0,4,176.77
BEL26JUNFUT,0.1,0.001,2.0,0.2,0.3,2.0,0.4,-6.6571,22.3475,4664.51,4422.3,884.46,2,4,2692.97
BEL26JUNFUT,0.1,0.001,2.0,0.2,0.3,2.0,0.5,-6.6571,22.3475,4664.51,4422.3,884.46,2,4,2692.97
BEL26JUNFUT,0.1,0.001,2.0,0.2,0.3,2.0,0.6,-6.6571,22.3475,4664.51,4422.3,884.46,2,4,2692.97
BEL26JUNFUT,0.1,0.001,2.0,0.2,0.5,1.0,0.4,-15.2404,0.0,-143.13,-191.78,-38.36,0,4,35.67
BEL26JUNFUT,0.1,0.001,2.0,0.2,0.5,1.0,0.5,-15.2404,0.0,-143.13,-191.78,-38.36,0,4,35.67
BEL26JUNFUT,0.1,0.001,2.0,0.2,0.5,1.0,0.6,-15.2404,0.0,-143.13,-191.78,-38.36,0,4,35.67
BEL26JUNFUT,0.1,0.001,2.0,0.2,0.5,1.5,0.4,-11.5169,0.0,-287.53,-771.34,-154.27,0,4,176.77
BEL26JUNFUT,0.1,0.001,2.0,0.2,0.5,1.5,0.5,-11.5169,0.0,-287.53,-771.34,-154.27,0,4,176.77
BEL26JUNFUT,0.1,0.001,2.0,0.2,0.5,1.5,0.6,-11.5169,0.0,-287.53,-771.34,-154.27,0,4,176.77
BEL26JUNFUT,0.1,0.001,2.0,0.2,0.5,2.0,0.4,-6.6571,22.3475,4664.51,4422.3,884.46,2,4,2692.97
BEL26JUNFUT,0.1,0.001,2.0,0.2,0.5,2.0,0.5,-6.6571,22.3475,4664.51,4422.3,884.46,2,4,2692.97
BEL26JUNFUT,0.1,0.001,2.0,0.2,0.5,2.0,0.6,-6.6571,22.3475,4664.51,4422.3,884.46,2,4,2692.97
BEL26JUNFUT,0.1,0.001,2.0,0.2,1.0,1.0,0.4,-15.2404,0.0,-143.13,-191.78,-38.36,0,4,35.67
BEL26JUNFUT,0.1,0.001,2.0,0.2,1.0,1.0,0.5,-15.2404,0.0,-143.13,-191.78,-38.36,0,4,35.67
BEL26JUNFUT,0.1,0.001,2.0,0.2,1.0,1.0,0.6,-15.2404,0.0,-143.13,-191.78,-38.36,0,4,35.67
BEL26JUNFUT,0.1,0.001,2.0,0.2,1.0,1.5,0.4,-11.5169,0.0,-287.53,-771.34,-154.27,0,4,176.77
BEL26JUNFUT,0.1,0.001,2.0,0.2,1.0,1.5,0.5,-11.5169,0.0,-287.53,-771.34,-154.27,0,4,176.77
BEL26JUNFUT,0.1,0.001,2.0,0.2,1.0,1.5,0.6,-11.5169,0.0,-287.53,-771.34,-154.27,0,4,176.77
BEL26JUNFUT,0.1,0.001,2.0,0.2,1.0,2.0,0.4,-6.6571,22.3475,4664.51,4422.3,884.46,2,4,2692.97
BEL26JUNFUT,0.1,0.001,2.0,0.2,1.0,2.0,0.5,-6.6571,22.3475,4664.51,4422.3,884.46,2,4,2692.97
BEL26JUNFUT,0.1,0.001,2.0,0.2,1.0,2.0,0.6,-6.6571,22.3475,4664.51,4422.3,884.46,2,4,2692.97
BEL26JUNFUT,0.1,0.001,2.0,0.3,0.3,1.0,0.4,-15.2404,0.0,-143.13,-191.78,-38.36,0,4,35.67
BEL26JUNFUT,0.1,0.001,2.0,0.3,0.3,1.0,0.5,-15.2404,0.0,-143.13,-191.78,-38.36,0,4,35.67
BEL26JUNFUT,0.1,0.001,2.0,0.3,0.3,1.0,0.6,-15.2404,0.0,-143.13,-191.78,-38.36,0,4,35.67
BEL26JUNFUT,0.1,0.001,2.0,0.3,0.3,1.5,0.4,-11.5169,0.0,-287.53,-771.34,-154.27,0,4,176.77
BEL26JUNFUT,0.1,0.001,2.0,0.3,0.3,1.5,0.5,-11.5169,0.0,-287.53,-771.34,-154.27,0,4,176.77
BEL26JUNFUT,0.1,0.001,2.0,0.3,0.3,1.5,0.6,-11.5169,0.0,-287.53,-771.34,-154.27,0,4,176.77
BEL26JUNFUT,0.1,0.001,2.0,0.3,0.3,2.0,0.4,-6.6571,22.3475,4664.51,4422.3,884.46,2,4,2692.97
BEL26JUNFUT,0.1,0.001,2.0,0.3,0.3,2.0,0.5,-6.6571,22.3475,4664.51,4422.3,884.46,2,4,2692.97
BEL26JUNFUT,0.1,0.001,2.0,0.3,0.3,2.0,0.6,-6.6571,22.3475,4664.51,4422.3,884.46,2,4,2692.97
BEL26JUNFUT,0.1,0.001,2.0,0.3,0.5,1.0,0.4,-15.2404,0.0,-143.13,-191.78,-38.36,0,4,35.67
BEL26JUNFUT,0.1,0.001,2.0,0.3,0.5,1.0,0.5,-15.2404,0.0,-143.13,-191.78,-38.36,0,4,35.67
BEL26JUNFUT,0.1,0.001,2.0,0.3,0.5,1.0,0.6,-15.2404,0.0,-143.13,-191.78,-38.36,0,4,35.67
BEL26JUNFUT,0.1,0.001,2.0,0.3,0.5,1.5,0.4,-11.5169,0.0,-287.53,-771.34,-154.27,0,4,176.77
BEL26JUNFUT,0.1,0.001,2.0,0.3,0.5,1.5,0.5,-11.5169,0.0,-287.53,-771.34,-154.27,0,4,176.77
BEL26JUNFUT,0.1,0.001,2.0,0.3,0.5,1.5,0.6,-11.5169,0.0,-287.53,-771.34,-154.27,0,4,176.77
BEL26JUNFUT,0.1,0.001,2.0,0.3,0.5,2.0,0.4,-6.6571,22.3475,4664.51,4422.3,884.46,2,4,2692.97
BEL26JUNFUT,0.1,0.001,2.0,0.3,0.5,2.0,0.5,-6.6571,22.3475,4664.51,4422.3,884.46,2,4,2692.97
BEL26JUNFUT,0.1,0.001,2.0,0.3,0.5,2.0,0.6,-6.6571,22.3475,4664.51,4422.3,884.46,2,4,2692.97
BEL26JUNFUT,0.1,0.001,2.0,0.3,1.0,1.0,0.4,-15.2404,0.0,-143.13,-191.78,-38.36,0,4,35.67
BEL26JUNFUT,0.1,0.001,2.0,0.3,1.0,1.0,0.5,-15.2404,0.0,-143.13,-191.78,-38.36,0,4,35.67
BEL26JUNFUT,0.1,0.001,2.0,0.3,1.0,1.0,0.6,-15.2404,0.0,-143.13,-191.78,-38.36,0,4,35.67
BEL26JUNFUT,0.1,0.001,2.0,0.3,1.0,1.5,0.4,-11.5169,0.0,-287.53,-771.34,-154.27,0,4,176.77
BEL26JUNFUT,0.1,0.001,2.0,0.3,1.0,1.5,0.5,-11.5169,0.0,-287.53,-771.34,-154.27,0,4,176.77
BEL26JUNFUT,0.1,0.001,2.0,0.3,1.0,1.5,0.6,-11.5169,0.0,-287.53,-771.34,-154.27,0,4,176.77
BEL26JUNFUT,0.1,0.001,2.0,0.3,1.0,2.0,0.4,-6.6571,22.3475,4664.51,4422.3,884.46,2,4,2692.97
BEL26JUNFUT,0.1,0.001,2.0,0.3,1.0,2.0,0.5,-6.6571,22.3475,4664.51,4422.3,884.46,2,4,2692.97
BEL26JUNFUT,0.1,0.001,2.0,0.3,1.0,2.0,0.6,-6.6571,22.3475,4664.51,4422.3,884.46,2,4,2692.97
BEL26JUNFUT,0.1,0.001,2.0,0.5,0.3,1.0,0.4,-15.2404,0.0,-143.13,-191.78,-38.36,0,4,35.67
BEL26JUNFUT,0.1,0.001,2.0,0.5,0.3,1.0,0.5,-15.2404,0.0,-143.13,-191.78,-38.36,0,4,35.67
BEL26JUNFUT,0.1,0.001,2.0,0.5,0.3,1.0,0.6,-15.2404,0.0,-143.13,-191.78,-38.36,0,4,35.67
BEL26JUNFUT,0.1,0.001,2.0,0.5,0.3,1.5,0.4,-11.5169,0.0,-287.53,-771.34,-154.27,0,4,176.77
BEL26JUNFUT,0.1,0.001,2.0,0.5,0.3,1.5,0.5,-11.5169,0.0,-287.53,-771.34,-154.27,0,4,176.77
BEL26JUNFUT,0.1,0.001,2.0,0.5,0.3,1.5,0.6,-11.5169,0.0,-287.53,-771.34,-154.27,0,4,176.77
BEL26JUNFUT,0.1,0.001,2.0,0.5,0.3,2.0,0.4,-6.6571,22.3475,4664.51,4422.3,884.46,2,4,2692.97
BEL26JUNFUT,0.1,0.001,2.0,0.5,0.3,2.0,0.5,-6.6571,22.3475,4664.51,4422.3,884.46,2,4,2692.97
BEL26JUNFUT,0.1,0.001,2.0,0.5,0.3,2.0,0.6,-6.6571,22.3475,4664.51,4422.3,884.46,2,4,2692.97
BEL26JUNFUT,0.1,0.001,2.0,0.5,0.5,1.0,0.4,-15.2404,0.0,-143.13,-191.78,-38.36,0,4,35.67
BEL26JUNFUT,0.1,0.001,2.0,0.5,0.5,1.0,0.5,-15.2404,0.0,-143.13,-191.78,-38.36,0,4,35.67
BEL26JUNFUT,0.1,0.001,2.0,0.5,0.5,1.0,0.6,-15.2404,0.0,-143.13,-191.78,-38.36,0,4,35.67
BEL26JUNFUT,0.1,0.001,2.0,0.5,0.5,1.5,0.4,-11.5169,0.0,-287.53,-771.34,-154.27,0,4,176.77
BEL26JUNFUT,0.1,0.001,2.0,0.5,0.5,1.5,0.5,-11.5169,0.0,-287.53,-771.34,-154.27,0,4,176.77
BEL26JUNFUT,0.1,0.001,2.0,0.5,0.5,1.5,0.6,-11.5169,0.0,-287.53,-771.34,-154.27,0,4,176.77
BEL26JUNFUT,0.1,0.001,2.0,0.5,0.5,2.0,0.4,-6.6571,22.3475,4664.51,4422.3,884.46,2,4,2692.97
BEL26JUNFUT,0.1,0.001,2.0,0.5,0.5,2.0,0.5,-6.6571,22.3475,4664.51,4422.3,884.46,2,4,2692.97
BEL26JUNFUT,0.1,0.001,2.0,0.5,0.5,2.0,0.6,-6.6571,22.3475,4664.51,4422.3,884.46,2,4,2692.97
BEL26JUNFUT,0.1,0.001,2.0,0.5,1.0,1.0,0.4,-15.2404,0.0,-143.13,-191.78,-38.36,0,4,35.67
BEL26JUNFUT,0.1,0.001,2.0,0.5,1.0,1.0,0.5,-15.2404,0.0,-143.13,-191.78,-38.36,0,4,35.67
BEL26JUNFUT,0.1,0.001,2.0,0.5,1.0,1.0,0.6,-15.2404,0.0,-143.13,-191.78,-38.36,0,4,35.67
BEL26JUNFUT,0.1,0.001,2.0,0.5,1.0,1.5,0.4,-11.5169,0.0,-287.53,-771.34,-154.27,0,4,176.77
BEL26JUNFUT,0.1,0.001,2.0,0.5,1.0,1.5,0.5,-11.5169,0.0,-287.53,-771.34,-154.27,0,4,176.77
BEL26JUNFUT,0.1,0.001,2.0,0.5,1.0,1.5,0.6,-11.5169,0.0,-287.53,-771.34,-154.27,0,4,176.77
BEL26JUNFUT,0.1,0.001,2.0,0.5,1.0,2.0,0.4,-6.6571,22.3475,4664.51,4422.3,884.46,2,4,2692.97
BEL26JUNFUT,0.1,0.001,2.0,0.5,1.0,2.0,0.5,-6.6571,22.3475,4664.51,4422.3,884.46,2,4,2692.97
BEL26JUNFUT,0.1,0.001,2.0,0.5,1.0,2.0,0.6,-6.6571,22.3475,4664.51,4422.3,884.46,2,4,2692.97
BANKBARODA26JUNFUT,0.05,0.0005,1.5,0.2,0.3,1.0,0.4,-13.5022,0.0,-439.71,-937.76,-187.55,0,4,230.44
BANKBARODA26JUNFUT,0.05,0.0005,1.5,0.2,0.3,1.0,0.5,-13.5022,0.0,-439.71,-937.76,-187.55,0,4,230.44
BANKBARODA26JUNFUT,0.05,0.0005,1.5,0.2,0.3,1.0,0.6,-13.5022,0.0,-439.71,-937.76,-187.55,0,4,230.44
BANKBARODA26JUNFUT,0.05,0.0005,1.5,0.2,0.3,1.5,0.4,-74.3283,0.0,3270.44,2773.01,554.6,1,4,7346.51
BANKBARODA26JUNFUT,0.05,0.0005,1.5,0.2,0.3,1.5,0.5,-74.3283,0.0,3270.44,2773.01,554.6,1,4,7346.51
BANKBARODA26JUNFUT,0.05,0.0005,1.5,0.2,0.3,1.5,0.6,-74.3283,0.0,3270.44,2773.01,554.6,1,4,7346.51
BANKBARODA26JUNFUT,0.05,0.0005,1.5,0.2,0.3,2.0,0.4,2.6797,0.0,-11438.53,-3391.99,-678.4,2,4,6255.51
BANKBARODA26JUNFUT,0.05,0.0005,1.5,0.2,0.3,2.0,0.5,2.6797,0.0,-11438.53,-3391.99,-678.4,2,4,6255.51
BANKBARODA26JUNFUT,0.05,0.0005,1.5,0.2,0.3,2.0,0.6,2.6797,0.0,-11438.53,-3391.99,-678.4,2,4,6255.51
BANKBARODA26JUNFUT,0.05,0.0005,1.5,0.2,0.5,1.0,0.4,-13.5022,0.0,-439.71,-937.76,-187.55,0,4,230.44
BANKBARODA26JUNFUT,0.05,0.0005,1.5,0.2,0.5,1.0,0.5,-13.5022,0.0,-439.71,-937.76,-187.55,0,4,230.44
BANKBARODA26JUNFUT,0.05,0.0005,1.5,0.2,0.5,1.0,0.6,-13.5022,0.0,-439.71,-937.76,-187.55,0,4,230.44
BANKBARODA26JUNFUT,0.05,0.0005,1.5,0.2,0.5,1.5,0.4,-74.3283,0.0,3270.44,2773.01,554.6,1,4,7346.51
BANKBARODA26JUNFUT,0.05,0.0005,1.5,0.2,0.5,1.5,0.5,-74.3283,0.0,3270.44,2773.01,554.6,1,4,7346.51
BANKBARODA26JUNFUT,0.05,0.0005,1.5,0.2,0.5,1.5,0.6,-74.3283,0.0,3270.44,2773.01,554.6,1,4,7346.51
BANKBARODA26JUNFUT,0.05,0.0005,1.5,0.2,0.5,2.0,0.4,2.6797,0.0,-11438.53,-3391.99,-678.4,2,4,6255.51
BANKBARODA26JUNFUT,0.05,0.0005,1.5,0.2,0.5,2.0,0.5,2.6797,0.0,-11438.53,-3391.99,-678.4,2,4,6255.51
BANKBARODA26JUNFUT,0.05,0.0005,1.5,0.2,0.5,2.0,0.6,2.6797,0.0,-11438.53,-3391.99,-678.4,2,4,6255.51
BANKBARODA26JUNFUT,0.05,0.0005,1.5,0.2,1.0,1.0,0.4,-13.5022,0.0,-439.71,-937.76,-187.55,0,4,230.44
BANKBARODA26JUNFUT,0.05,0.0005,1.5,0.2,1.0,1.0,0.5,-13.5022,0.0,-439.71,-937.76,-187.55,0,4,230.44
BANKBARODA26JUNFUT,0.05,0.0005,1.5,0.2,1.0,1.0,0.6,-13.5022,0.0,-439.71,-937.76,-187.55,0,4,230.44
BANKBARODA26JUNFUT,0.05,0.0005,1.5,0.2,1.0,1.5,0.4,-74.3283,0.0,3270.44,2773.01,554.6,1,4,7346.51
BANKBARODA26JUNFUT,0.05,0.0005,1.5,0.2,1.0,1.5,0.5,-74.3283,0.0,3270.44,2773.01,554.6,1,4,7346.51
BANKBARODA26JUNFUT,0.05,0.0005,1.5,0.2,1.0,1.5,0.6,-74.3283,0.0,3270.44,2773.01,554.6,1,4,7346.51
BANKBARODA26JUNFUT,0.05,0.0005,1.5,0.2,1.0,2.0,0.4,2.6797,0.0,-11438.53,-3391.99,-678.4,2,4,6255.51
BANKBARODA26JUNFUT,0.05,0.0005,1.5,0.2,1.0,2.0,0.5,2.6797,0.0,-11438.53,-3391.99,-678.4,2,4,6255.51
BANKBARODA26JUNFUT,0.05,0.0005,1.5,0.2,1.0,2.0,0.6,2.6797,0.0,-11438.53,-3391.99,-678.4,2,4,6255.51
BANKBARODA26JUNFUT,0.05,0.0005,1.5,0.3,0.3,1.0,0.4,-13.5022,0.0,-439.71,-937.76,-187.55,0,4,230.44
BANKBARODA26JUNFUT,0.05,0.0005,1.5,0.3,0.3,1.0,0.5,-13.5022,0.0,-439.71,-937.76,-187.55,0,4,230.44
BANKBARODA26JUNFUT,0.05,0.0005,1.5,0.3,0.3,1.0,0.6,-13.5022,0.0,-439.71,-937.76,-187.55,0,4,230.44
BANKBARODA26JUNFUT,0.05,0.0005,1.5,0.3,0.3,1.5,0.4,-74.3283,0.0,3270.44,2773.01,554.6,1,4,7346.51
BANKBARODA26JUNFUT,0.05,0.0005,1.5,0.3,0.3,1.5,0.5,-74.3283,0.0,3270.44,2773.01,554.6,1,4,7346.51
BANKBARODA26JUNFUT,0.05,0.0005,1.5,0.3,0.3,1.5,0.6,-74.3283,0.0,3270.44,2773.01,554.6,1,4,7346.51
BANKBARODA26JUNFUT,0.05,0.0005,1.5,0.3,0.3,2.0,0.4,2.6797,0.0,-11438.53,-3391.99,-678.4,2,4,6255.51
BANKBARODA26JUNFUT,0.05,0.0005,1.5,0.3,0.3,2.0,0.5,2.6797,0.0,-11438.53,-3391.99,-678.4,2,4,6255.51
BANKBARODA26JUNFUT,0.05,0.0005,1.5,0.3,0.3,2.0,0.6,2.6797,0.0,-11438.53,-3391.99,-678.4,2,4,6255.51
BANKBARODA26JUNFUT,0.05,0.0005,1.5,0.3,0.5,1.0,0.4,-13.5022,0.0,-439.71,-937.76,-187.55,0,4,230.44
BANKBARODA26JUNFUT,0.05,0.0005,1.5,0.3,0.5,1.0,0.5,-13.5022,0.0,-439.71,-937.76,-187.55,0,4,230.44
BANKBARODA26JUNFUT,0.05,0.0005,1.5,0.3,0.5,1.0,0.6,-13.5022,0.0,-439.71,-937.76,-187.55,0,4,230.44
BANKBARODA26JUNFUT,0.05,0.0005,1.5,0.3,0.5,1.5,0.4,-74.3283,0.0,3270.44,2773.01,554.6,1,4,7346.51
BANKBARODA26JUNFUT,0.05,0.0005,1.5,0.3,0.5,1.5,0.5,-74.3283,0.0,3270.44,2773.01,554.6,1,4,7346.51
BANKBARODA26JUNFUT,0.05,0.0005,1.5,0.3,0.5,1.5,0.6,-74.3283,0.0,3270.44,2773.01,554.6,1,4,7346.51
BANKBARODA26JUNFUT,0.05,0.0005,1.5,0.3,0.5,2.0,0.4,2.6797,0.0,-11438.53,-3391.99,-678.4,2,4,6255.51
BANKBARODA26JUNFUT,0.05,0.0005,1.5,0.3,0.5,2.0,0.5,2.6797,0.0,-11438.53,-3391.99,-678.4,2,4,6255.51
BANKBARODA26JUNFUT,0.05,0.0005,1.5,0.3,0.5,2.0,0.6,2.6797,0.0,-11438.53,-3391.99,-678.4,2,4,6255.51
BANKBARODA26JUNFUT,0.05,0.0005,1.5,0.3,1.0,1.0,0.4,-13.5022,0.0,-439.71,-937.76,-187.55,0,4,230.44
BANKBARODA26JUNFUT,0.05,0.0005,1.5,0.3,1.0,1.0,0.5,-13.5022,0.0,-439.71,-937.76,-187.55,0,4,230.44
BANKBARODA26JUNFUT,0.05,0.0005,1.5,0.3,1.0,1.0,0.6,-13.5022,0.0,-439.71,-937.76,-187.55,0,4,230.44
BANKBARODA26JUNFUT,0.05,0.0005,1.5,0.3,1.0,1.5,0.4,-74.3283,0.0,3270.44,2773.01,554.6,1,4,7346.51
BANKBARODA26JUNFUT,0.05,0.0005,1.5,0.3,1.0,1.5,0.5,-74.3283,0.0,3270.44,2773.01,554.6,1,4,7346.51
BANKBARODA26JUNFUT,0.05,0.0005,1.5,0.3,1.0,1.5,0.6,-74.3283,0.0,3270.44,2773.01,554.6,1,4,7346.51
BANKBARODA26JUNFUT,0.05,0.0005,1.5,0.3,1.0,2.0,0.4,2.6797,0.0,-11438.53,-3391.99,-678.4,2,4,6255.51
BANKBARODA26JUNFUT,0.05,0.0005,1.5,0.3,1.0,2.0,0.5,2.6797,0.0,-11438.53,-3391.99,-678.4,2,4,6255.51
BANKBARODA26JUNFUT,0.05,0.0005,1.5,0.3,1.0,2.0,0.6,2.6797,0.0,-11438.53,-3391.99,-678.4,2,4,6255.51
BANKBARODA26JUNFUT,0.05,0.0005,1.5,0.5,0.3,1.0,0.4,-13.5022,0.0,-439.71,-937.76,-187.55,0,4,230.44
BANKBARODA26JUNFUT,0.05,0.0005,1.5,0.5,0.3,1.0,0.5,-13.5022,0.0,-439.71,-937.76,-187.55,0,4,230.44
BANKBARODA26JUNFUT,0.05,0.0005,1.5,0.5,0.3,1.0,0.6,-13.5022,0.0,-439.71,-937.76,-187.55,0,4,230.44
BANKBARODA26JUNFUT,0.05,0.0005,1.5,0.5,0.3,1.5,0.4,-74.3283,0.0,3270.44,2773.01,554.6,1,4,7346.51
BANKBARODA26JUNFUT,0.05,0.0005,1.5,0.5,0.3,1.5,0.5,-74.3283,0.0,3270.44,2773.01,554.6,1,4,7346.51
BANKBARODA26JUNFUT,0.05,0.0005,1.5,0.5,0.3,1.5,0.6,-74.3283,0.0,3270.44,2773.01,554.6,1,4,7346.51
BANKBARODA26JUNFUT,0.05,0.0005,1.5,0.5,0.3,2.0,0.4,2.6797,0.0,-11438.53,-3391.99,-678.4,2,4,6255.51
BANKBARODA26JUNFUT,0.05,0.0005,1.5,0.5,0.3,2.0,0.5,2.6797,0.0,-11438.53,-3391.99,-678.4,2,4,6255.51
BANKBARODA26JUNFUT,0.05,0.0005,1.5,0.5,0.3,2.0,0.6,2.6797,0.0,-11438.53,-3391.99,-678.4,2,4,6255.51
BANKBARODA26JUNFUT,0.05,0.0005,1.5,0.5,0.5,1.0,0.4,-13.5022,0.0,-439.71,-937.76,-187.55,0,4,230.44
BANKBARODA26JUNFUT,0.05,0.0005,1.5,0.5,0.5,1.0,0.5,-13.5022,0.0,-439.71,-937.76,-187.55,0,4,230.44
BANKBARODA26JUNFUT,0.05,0.0005,1.5,0.5,0.5,1.0,0.6,-13.5022,0.0,-439.71,-937.76,-187.55,0,4,230.44
BANKBARODA26JUNFUT,0.05,0.0005,1.5,0.5,0.5,1.5,0.4,-74.3283,0.0,3270.44,2773.01,554.6,1,4,7346.51
BANKBARODA26JUNFUT,0.05,0.0005,1.5,0.5,0.5,1.5,0.5,-74.3283,0.0,3270.44,2773.01,554.6,1,4,7346.51
BANKBARODA26JUNFUT,0.05,0.0005,1.5,0.5,0.5,1.5,0.6,-74.3283,0.0,3270.44,2773.01,554.6,1,4,7346.51
BANKBARODA26JUNFUT,0.05,0.0005,1.5,0.5,0.5,2.0,0.4,2.6797,0.0,-11438.53,-3391.99,-678.4,2,4,6255.51
BANKBARODA26JUNFUT,0.05,0.0005,1.5,0.5,0.5,2.0,0.5,2.6797,0.0,-11438.53,-3391.99,-678.4,2,4,6255.51
BANKBARODA26JUNFUT,0.05,0.0005,1.5,0.5,0.5,2.0,0.6,2.6797,0.0,-11438.53,-3391.99,-678.4,2,4,6255.51
BANKBARODA26JUNFUT,0.05,0.0005,1.5,0.5,1.0,1.0,0.4,-13.5022,0.0,-439.71,-937.76,-187.55,0,4,230.44
BANKBARODA26JUNFUT,0.05,0.0005,1.5,0.5,1.0,1.0,0.5,-13.5022,0.0,-439.71,-937.76,-187.55,0,4,230.44
BANKBARODA26JUNFUT,0.05,0.0005,1.5,0.5,1.0,1.0,0.6,-13.5022,0.0,-439.71,-937.76,-187.55,0,4,230.44
BANKBARODA26JUNFUT,0.05,0.0005,1.5,0.5,1.0,1.5,0.4,-74.3283,0.0,3270.44,2773.01,554.6,1,4,7346.51
BANKBARODA26JUNFUT,0.05,0.0005,1.5,0.5,1.0,1.5,0.5,-74.3283,0.0,3270.44,2773.01,554.6,1,4,7346.51
BANKBARODA26JUNFUT,0.05,0.0005,1.5,0.5,1.0,1.5,0.6,-74.3283,0.0,3270.44,2773.01,554.6,1,4,7346.51
BANKBARODA26JUNFUT,0.05,0.0005,1.5,0.5,1.0,2.0,0.4,2.6797,0.0,-11438.53,-3391.99,-678.4,2,4,6255.51
BANKBARODA26JUNFUT,0.05,0.0005,1.5,0.5,1.0,2.0,0.5,2.6797,0.0,-11438.53,-3391.99,-678.4,2,4,6255.51
BANKBARODA26JUNFUT,0.05,0.0005,1.5,0.5,1.0,2.0,0.6,2.6797,0.0,-11438.53,-3391.99,-678.4,2,4,6255.51
BAJFINANCE26JUNFUT,0.05,0.005,1.5,0.2,0.3,1.0,0.4,-6.0522,-2.175,-45593.25,-32717.62,-6543.52,3,4,17767.35
BAJFINANCE26JUNFUT,0.05,0.005,1.5,0.2,0.3,1.0,0.5,-6.9549,-3.4575,-50632.91,-37757.29,-7551.46,3,4,18872.06
BAJFINANCE26JUNFUT,0.05,0.005,1.5,0.2,0.3,1.0,0.6,-7.042,-4.2875,-53976.85,-40556.99,-8111.4,3,4,19776.37
BAJFINANCE26JUNFUT,0.05,0.005,1.5,0.2,0.3,1.5,0.4,-2.4733,10.585,43667.48,56967.71,11393.54,3,4,27513.68
BAJFINANCE26JUNFUT,0.05,0.005,1.5,0.2,0.3,1.5,0.5,-3.4144,11.0275,27133.18,39623.37,7924.67,3,4,24550.4
BAJFINANCE26JUNFUT,0.05,0.005,1.5,0.2,0.3,1.5,0.6,-3.2249,10.685,37613.87,50149.05,10029.81,3,4,27022.15
BAJFINANCE26JUNFUT,0.05,0.005,1.5,0.2,0.3,2.0,0.4,-16.099,6.0475,-59026.48,-68339.72,-13667.94,1,4,22100.69
BAJFINANCE26JUNFUT,0.05,0.005,1.5,0.2,0.3,2.0,0.5,-12.3062,5.8075,-65946.94,-71440.77,-14288.15,1,4,23597.65
BAJFINANCE26JUNFUT,0.05,0.005,1.5,0.2,0.3,2.0,0.6,-10.3595,5.4425,-77407.47,-75355.24,-15071.05,2,4,25893.34
BAJFINANCE26JUNFUT,0.05,0.005,1.5,0.2,0.5,1.0,0.4,-6.0522,-2.175,-45593.25,-32717.62,-6543.52,3,4,17767.35
BAJFINANCE26JUNFUT,0.05,0.005,1.5,0.2,0.5,1.0,0.5,-6.9549,-3.4575,-50632.91,-37757.29,-7551.46,3,4,18872.06
BAJFINANCE26JUNFUT,0.05,0.005,1.5,0.2,0.5,1.0,0.6,-7.042,-4.2875,-53976.85,-40556.99,-8111.4,3,4,19776.37
BAJFINANCE26JUNFUT,0.05,0.005,1.5,0.2,0.5,1.5,0.4,-2.457,10.7675,44394.59,57694.82,11538.96,3,4,27712.51
BAJFINANCE26JUNFUT,0.05,0.005,1.5,0.2,0.5,1.5,0.5,-3.4167,11.025,27118.18,39608.37,7921.67,3,4,24554.4
BAJFINANCE26JUNFUT,0.05,0.005,1.5,0.2,0.5,1.5,0.6,-3.2261,10.6825,37606.37,50141.55,10028.31,3,4,27024.08
BAJFINANCE26JUNFUT,0.05,0.005,1.5,0.2,0.5,2.0,0.4,-16.7492,6.0375,-58069.87,-67383.11,-13476.62,1,4,21779.47
BAJFINANCE26JUNFUT,0.05,0.005,1.5,0.2,0.5,2.0,0.5,-12.6381,5.7775,-65838.31,-71332.14,-14266.43,1,4,23266.26
BAJFINANCE26JUNFUT,0.05,0.005,1.5,0.2,0.5,2.0,0.6,-10.3591,5.4425,-77399.97,-75347.74,-15069.55,2,4,25892.34
BAJFINANCE26JUNFUT,0.05,0.005,1.5,0.2,1.0,1.0,0.4,-6.125,-2.2,-46013.04,-33137.41,-6627.48,3,4,17836.47
BAJFINANCE26JUNFUT,0.05,0.005,1.5,0.2,1.0,1.0,0.5,-6.9546,-3.455,-50625.41,-37749.8,-7549.96,3,4,18870.06
BAJFINANCE26JUNFUT,0.05,0.005,1.5,0.2,1.0,1.0,0.6,-7.042,-4.2875,-53976.85,-40556.99,-8111.4,3,4,19776.37
BAJFINANCE26JUNFUT,0.05,0.005,1.5,0.2,1.0,1.5,0.4,-3.2707,10.105,36365.93,49658.66,9931.73,3,4,29197.69
BAJFINANCE26JUNFUT,0.05,0.005,1.5,0.2,1.0,1.5,0.5,-3.4167,11.025,27133.17,39623.37,7924.67,3,4,24557.57
BAJFINANCE26JUNFUT,0.05,0.005,1.5,0.2,1.0,1.5,0.6,-3.2261,10.6825,37606.37,50141.55,10028.31,3,4,27024.08
BAJFINANCE26JUNFUT,0.05,0.005,1.5,0.2,1.0,2.0,0.4,-16.7492,6.095,-55928.61,-65241.85,-13048.37,1,4,21523.74
BAJFINANCE26JUNFUT,0.05,0.005,1.5,0.2,1.0,2.0,0.5,-12.6377,5.7775,-65823.33,-71317.15,-14263.43,1,4,23264.02
BAJFINANCE26JUNFUT,0.05,0.005,1.5,0.2,1.0,2.0,0.6,-10.3586,5.4425,-77392.47,-75340.24,-15068.05,2,4,25891.34
BAJFINANCE26JUNFUT,0.05,0.005,1.5,0.3,0.3,1.0,0.4,-6.0522,-2.175,-45593.25,-32717.62,-6543.52,3,4,17767.35
BAJFINANCE26JUNFUT,0.05,0.005,1.5,0.3,0.3,1.0,0.5,-6.9549,-3.4575,-50632.91,-37757.29,-7551.46,3,4,18872.06
BAJFINANCE26JUNFUT,0.05,0.005,1.5,0.3,0.3,1.0,0.6,-7.042,-4.2875,-53976.85,-40556.99,-8111.4,3,4,19776.37
BAJFINANCE26JUNFUT,0.05,0.005,1.5,0.3,0.3,1.5,0.4,-2.4733,10.585,43674.97,56975.21,11395.04,3,4,27514.89
BAJFINANCE26JUNFUT,0.05,0.005,1.5,0.3,0.3,1.5,0.5,-3.4144,11.0275,27133.18,39623.37,7924.67,3,4,24550.4
BAJFINANCE26JUNFUT,0.05,0.005,1.5,0.3,0.3,1.5,0.6,-3.2249,10.685,37613.87,50149.05,10029.81,3,4,27022.15
BAJFINANCE26JUNFUT,0.05,0.005,1.5,0.3,0.3,2.0,0.4,-16.099,6.0475,-59026.48,-68339.72,-13667.94,1,4,22100.69
BAJFINANCE26JUNFUT,0.05,0.005,1.5,0.3,0.3,2.0,0.5,-12.3062,5.8075,-65946.94,-71440.77,-14288.15,1,4,23597.65
BAJFINANCE26JUNFUT,0.05,0.005,1.5,0.3,0.3,2.0,0.6,-10.3595,5.4425,-77407.47,-75355.24,-15071.05,2,4,25893.34
BAJFINANCE26JUNFUT,0.05,0.005,1.5,0.3,0.5,1.0,0.4,-6.0522,-2.175,-45593.25,-32717.62,-6543.52,3,4,17767.35
BAJFINANCE26JUNFUT,0.05,0.005,1.5,0.3,0.5,1.0,0.5,-6.9549,-3.4575,-50632.91,-37757.29,-7551.46,3,4,18872.06
BAJFINANCE26JUNFUT,0.05,0.005,1.5,0.3,0.5,1.0,0.6,-7.042,-4.2875,-53976.85,-40556.99,-8111.4,3,4,19776.37
BAJFINANCE26JUNFUT,0.05,0.005,1.5,0.3,0.5,1.5,0.4,-2.457,10.7675,44394.59,57694.82,11538.96,3,4,27712.51
BAJFINANCE26JUNFUT,0.05,0.005,1.5,0.3,0.5,1.5,0.5,-3.4167,11.025,27118.18,39608.37,7921.67,3,4,24554.4
BAJFINANCE26JUNFUT,0.05,0.005,1.5,0.3,0.5,1.5,0.6,-3.2261,10.6825,37606.37,50141.55,10028.31,3,4,27024.08
BAJFINANCE26JUNFUT,0.05,0.005,1.5,0.3,0.5,2.0,0.4,-16.7492,6.0375,-58069.87,-67383.11,-13476.62,1,4,21779.47
BAJFINANCE26JUNFUT,0.05,0.005,1.5,0.3,0.5,2.0,0.5,-12.6381,5.7775,-65838.31,-71332.14,-14266.43,1,4,23266.26
BAJFINANCE26JUNFUT,0.05,0.005,1.5,0.3,0.5,2.0,0.6,-10.3591,5.4425,-77399.97,-75347.74,-15069.55,2,4,25892.34
BAJFINANCE26JUNFUT,0.05,0.005,1.5,0.3,1.0,1.0,0.4,-6.125,-2.2,-46013.04,-33137.41,-6627.48,3,4,17836.47
BAJFINANCE26JUNFUT,0.05,0.005,1.5,0.3,1.0,1.0,0.5,-6.9546,-3.455,-50625.41,-37749.8,-7549.96,3,4,18870.06
BAJFINANCE26JUNFUT,0.05,0.005,1.5,0.3,1.0,1.0,0.6,-7.042,-4.2875,-53976.85,-40556.99,-8111.4,3,4,19776.37
BAJFINANCE26JUNFUT,0.05,0.005,1.5,0.3,1.0,1.5,0.4,-3.2707,10.105,36365.93,49658.66,9931.73,3,4,29197.69
BAJFINANCE26JUNFUT,0.05,0.005,1.5,0.3,1.0,1.5,0.5,-3.4167,11.025,27133.17,39623.37,7924.67,3,4,24557.57
BAJFINANCE26JUNFUT,0.05,0.005,1.5,0.3,1.0,1.5,0.6,-3.2261,10.6825,37606.37,50141.55,10028.31,3,4,27024.08
BAJFINANCE26JUNFUT,0.05,0.005,1.5,0.3,1.0,2.0,0.4,-16.7492,6.095,-55928.61,-65241.85,-13048.37,1,4,21523.74
BAJFINANCE26JUNFUT,0.05,0.005,1.5,0.3,1.0,2.0,0.5,-12.6377,5.7775,-65823.33,-71317.15,-14263.43,1,4,23264.02
BAJFINANCE26JUNFUT,0.05,0.005,1.5,0.3,1.0,2.0,0.6,-10.3586,5.4425,-77392.47,-75340.24,-15068.05,2,4,25891.34
BAJFINANCE26JUNFUT,0.05,0.005,1.5,0.5,0.3,1.0,0.4,-6.0522,-2.175,-45593.25,-32717.62,-6543.52,3,4,17767.35
BAJFINANCE26JUNFUT,0.05,0.005,1.5,0.5,0.3,1.0,0.5,-6.9549,-3.4575,-50632.91,-37757.29,-7551.46,3,4,18872.06
BAJFINANCE26JUNFUT,0.05,0.005,1.5,0.5,0.3,1.0,0.6,-7.042,-4.2875,-53976.85,-40556.99,-8111.4,3,4,19776.37
BAJFINANCE26JUNFUT,0.05,0.005,1.5,0.5,0.3,1.5,0.4,-2.4722,10.585,43682.47,56982.71,11396.54,3,4,27512.83
BAJFINANCE26JUNFUT,0.05,0.005,1.5,0.5,0.3,1.5,0.5,-3.4144,11.0275,27133.18,39623.37,7924.67,3,4,24550.4
BAJFINANCE26JUNFUT,0.05,0.005,1.5,0.5,0.3,1.5,0.6,-3.2249,10.685,37613.87,50149.05,10029.81,3,4,27022.15
BAJFINANCE26JUNFUT,0.05,0.005,1.5,0.5,0.3,2.0,0.4,-16.0976,6.0475,-59018.98,-68332.22,-13666.44,1,4,22100.23
BAJFINANCE26JUNFUT,0.05,0.005,1.5,0.5,0.3,2.0,0.5,-12.3062,5.8075,-65946.94,-71440.77,-14288.15,1,4,23597.65
BAJFINANCE26JUNFUT,0.05,0.005,1.5,0.5,0.3,2.0,0.6,-10.3595,5.4425,-77407.47,-75355.24,-15071.05,2,4,25893.34
BAJFINANCE26JUNFUT,0.05,0.005,1.5,0.5,0.5,1.0,0.4,-6.0522,-2.175,-45593.25,-32717.62,-6543.52,3,4,17767.35
BAJFINANCE26JUNFUT,0.05,0.005,1.5,0.5,0.5,1.0,0.5,-6.9549,-3.4575,-50632.91,-37757.29,-7551.46,3,4,18872.06
BAJFINANCE26JUNFUT,0.05,0.005,1.5,0.5,0.5,1.0,0.6,-7.042,-4.2875,-53976.85,-40556.99,-8111.4,3,4,19776.37
BAJFINANCE26JUNFUT,0.05,0.005,1.5,0.5,0.5,1.5,0.4,-2.457,10.7675,44394.59,57694.82,11538.96,3,4,27712.51
BAJFINANCE26JUNFUT,0.05,0.005,1.5,0.5,0.5,1.5,0.5,-3.4167,11.025,27118.18,39608.37,7921.67,3,4,24554.4
BAJFINANCE26JUNFUT,0.05,0.005,1.5,0.5,0.5,1.5,0.6,-3.2261,10.6825,37606.37,50141.55,10028.31,3,4,27024.08
BAJFINANCE26JUNFUT,0.05,0.005,1.5,0.5,0.5,2.0,0.4,-16.7492,6.0375,-58069.87,-67383.11,-13476.62,1,4,21779.47
BAJFINANCE26JUNFUT,0.05,0.005,1.5,0.5,0.5,2.0,0.5,-12.6381,5.7775,-65838.31,-71332.14,-14266.43,1,4,23266.26
BAJFINANCE26JUNFUT,0.05,0.005,1.5,0.5,0.5,2.0,0.6,-10.3591,5.4425,-77399.97,-75347.74,-15069.55,2,4,25892.34
BAJFINANCE26JUNFUT,0.05,0.005,1.5,0.5,1.0,1.0,0.4,-6.125,-2.2,-46013.04,-33137.41,-6627.48,3,4,17836.47
BAJFINANCE26JUNFUT,0.05,0.005,1.5,0.5,1.0,1.0,0.5,-6.9546,-3.455,-50625.41,-37749.8,-7549.96,3,4,18870.06
BAJFINANCE26JUNFUT,0.05,0.005,1.5,0.5,1.0,1.0,0.6,-7.042,-4.2875,-53976.85,-40556.99,-8111.4,3,4,19776.37
BAJFINANCE26JUNFUT,0.05,0.005,1.5,0.5,1.0,1.5,0.4,-3.2707,10.105,36365.93,49658.66,9931.73,3,4,29197.69
BAJFINANCE26JUNFUT,0.05,0.005,1.5,0.5,1.0,1.5,0.5,-3.4167,11.025,27133.17,39623.37,7924.67,3,4,24557.57
BAJFINANCE26JUNFUT,0.05,0.005,1.5,0.5,1.0,1.5,0.6,-3.2261,10.6825,37606.37,50141.55,10028.31,3,4,27024.08
BAJFINANCE26JUNFUT,0.05,0.005,1.5,0.5,1.0,2.0,0.4,-16.7492,6.095,-55928.61,-65241.85,-13048.37,1,4,21523.74
BAJFINANCE26JUNFUT,0.05,0.005,1.5,0.5,1.0,2.0,0.5,-12.6377,5.7775,-65823.33,-71317.15,-14263.43,1,4,23264.02
BAJFINANCE26JUNFUT,0.05,0.005,1.5,0.5,1.0,2.0,0.6,-10.3586,5.4425,-77392.47,-75340.24,-15068.05,2,4,25891.34
BHARTIARTL26JUNFUT,0.1,0.001,2.0,0.2,0.3,1.0,0.4,2.982,4.355,-28571.0,2757.13,551.43,2,4,17876.95
BHARTIARTL26JUNFUT,0.1,0.001,2.0,0.2,0.3,1.0,0.5,2.5151,4.5225,-34552.64,-2478.17,-495.63,2,4,18778.38
BHARTIARTL26JUNFUT,0.1,0.001,2.0,0.2,0.3,1.0,0.6,1.3711,3.955,-43780.13,-13479.31,-2695.86,2,4,19815.04
BHARTIARTL26JUNFUT,0.1,0.001,2.0,0.2,0.3,1.5,0.4,0.1778,4.075,-99113.19,-54923.05,-10984.61,2,4,34635.88
BHARTIARTL26JUNFUT,0.1,0.001,2.0,0.2,0.3,1.5,0.5,0.6986,4.7325,-101230.56,-57349.06,-11469.81,2,4,34007.98
BHARTIARTL26JUNFUT,0.1,0.001,2.0,0.2,0.3,1.5,0.6,0.5658,4.7,-96351.21,-51374.39,-10274.88,2,4,34519.29
BHARTIARTL26JUNFUT,0.1,0.001,2.0,0.2,0.3,2.0,0.4,-5.346,3.57,-188609.01,-163724.71,-32744.94,1,4,44066.29
BHARTIARTL26JUNFUT,0.1,0.001,2.0,0.2,0.3,2.0,0.5,-4.3992,3.815,-182887.86,-156718.81,-31343.76,1,4,44833.3
BHARTIARTL26JUNFUT,0.1,0.001,2.0,0.2,0.3,2.0,0.6,-4.3034,3.895,-184346.65,-159106.0,-31821.2,1,4,45541.98
BHARTIARTL26JUNFUT,0.1,0.001,2.0,0.2,0.5,1.0,0.4,2.9829,4.3525,-28561.51,2776.12,555.22,2,4,17880.23
BHARTIARTL26JUNFUT,0.1,0.001,2.0,0.2,0.5,1.0,0.5,2.5153,4.525,-34538.4,-2463.93,-492.79,2,4,18778.17
BHARTIARTL26JUNFUT,0.1,0.001,2.0,0.2,0.5,1.0,0.6,1.3721,3.955,-43775.38,-13469.81,-2693.96,2,4,19815.63
BHARTIARTL26JUNFUT,0.1,0.001,2.0,0.2,0.5,1.5,0.4,0.1621,4.0775,-99581.29,-55400.65,-11080.13,2,4,34901.67
BHARTIARTL26JUNFUT,0.1,0.001,2.0,0.2,0.5,1.5,0.5,0.6959,4.7425,-100779.56,-56912.3,-11382.46,2,4,34039.05
BHARTIARTL26JUNFUT,0.1,0.001,2.0,0.2,0.5,1.5,0.6,0.5658,4.7125,-95895.45,-50918.63,-10183.73,2,4,34565.13
BHARTIARTL26JUNFUT,0.1,0.001,2.0,0.2,0.5,2.0,0.4,-5.3482,3.57,-188670.75,-163791.19,-32758.24,1,4,44055.11
BHARTIARTL26JUNFUT,0.1,0.001,2.0,0.2,0.5,2.0,0.5,-4.4001,3.805,-183126.6,-156957.55,-31391.51,1,4,44872.56
BHARTIARTL26JUNFUT,0.1,0.001,2.0,0.2,0.5,2.0,0.6,-4.3033,3.8975,-184341.9,-159101.25,-31820.25,1,4,45540.04
BHARTIARTL26JUNFUT,0.1,0.001,2.0,0.2,1.0,1.0,0.4,2.9827,4.35,-28566.27,2771.36,554.27,2,4,17881.36
BHARTIARTL26JUNFUT,0.1,0.001,2.0,0.2,1.0,1.0,0.5,2.5151,4.525,-34538.41,-2463.94,-492.79,2,4,18779.62
BHARTIARTL26JUNFUT,0.1,0.001,2.0,0.2,1.0,1.0,0.6,1.372,3.955,-43780.13,-13474.56,-2694.91,2,4,19816.62
BHARTIARTL26JUNFUT,0.1,0.001,2.0,0.2,1.0,1.5,0.4,0.161,4.0775,-99586.05,-55410.16,-11082.03,2,4,34902.27
BHARTIARTL26JUNFUT,0.1,0.001,2.0,0.2,1.0,1.5,0.5,0.6956,4.7425,-100789.06,-56921.8,-11384.36,2,4,34041.03
BHARTIARTL26JUNFUT,0.1,0.001,2.0,0.2,1.0,1.5,0.6,0.5657,4.7125,-95900.2,-50923.38,-10184.68,2,4,34566.28
BHARTIARTL26JUNFUT,0.1,0.001,2.0,0.2,1.0,2.0,0.4,-4.7437,3.815,-185204.94,-160320.64,-32064.13,1,4,44277.75
BHARTIARTL26JUNFUT,0.1,0.001,2.0,0.2,1.0,2.0,0.5,-4.4002,3.805,-183136.1,-156967.05,-31393.41,1,4,44872.69
BHARTIARTL26JUNFUT,0.1,0.001,2.0,0.2,1.0,2.0,0.6,-4.3033,3.8975,-184341.9,-159101.25,-31820.25,1,4,45540.04
BHARTIARTL26JUNFUT,0.1,0.001,2.0,0.3,0.3,1.0,0.4,2.982,4.355,-28571.0,2757.13,551.43,2,4,17876.95
BHARTIARTL26JUNFUT,0.1,0.001,2.0,0.3,0.3,1.0,0.5,2.5151,4.5225,-34552.64,-2478.17,-495.63,2,4,18778.38
BHARTIARTL26JUNFUT,0.1,0.001,2.0,0.3,0.3,1.0,0.6,1.3711,3.955,-43780.13,-13479.31,-2695.86,2,4,19815.04
BHARTIARTL26JUNFUT,0.1,0.001,2.0,0.3,0.3,1.5,0.4,0.1778,4.075,-99113.19,-54923.05,-10984.61,2,4,34635.88
BHARTIARTL26JUNFUT,0.1,0.001,2.0,0.3,0.3,1.5,0.5,0.6986,4.7325,-101230.56,-57349.06,-11469.81,2,4,34007.98
BHARTIARTL26JUNFUT,0.1,0.001,2.0,0.3,0.3,1.5,0.6,0.5658,4.7,-96351.21,-51374.39,-10274.88,2,4,34519.29
BHARTIARTL26JUNFUT,0.1,0.001,2.0,0.3,0.3,2.0,0.4,-5.346,3.57,-188609.01,-163724.71,-32744.94,1,4,44066.29
BHARTIARTL26JUNFUT,0.1,0.001,2.0,0.3,0.3,2.0,0.5,-4.3992,3.815,-182887.86,-156718.81,-31343.76,1,4,44833.3
BHARTIARTL26JUNFUT,0.1,0.001,2.0,0.3,0.3,2.0,0.6,-4.3034,3.895,-184346.65,-159106.0,-31821.2,1,4,45541.98
BHARTIARTL26JUNFUT,0.1,0.001,2.0,0.3,0.5,1.0,0.4,2.9829,4.3525,-28561.51,2776.12,555.22,2,4,17880.23
BHARTIARTL26JUNFUT,0.1,0.001,2.0,0.3,0.5,1.0,0.5,2.5153,4.525,-34538.4,-2463.93,-492.79,2,4,18778.17
BHARTIARTL26JUNFUT,0.1,0.001,2.0,0.3,0.5,1.0,0.6,1.3721,3.955,-43775.38,-13469.81,-2693.96,2,4,19815.63
BHARTIARTL26JUNFUT,0.1,0.001,2.0,0.3,0.5,1.5,0.4,0.1621,4.0775,-99581.29,-55400.65,-11080.13,2,4,34901.67
BHARTIARTL26JUNFUT,0.1,0.001,2.0,0.3,0.5,1.5,0.5,0.6959,4.7425,-100779.56,-56912.3,-11382.46,2,4,34039.05
BHARTIARTL26JUNFUT,0.1,0.001,2.0,0.3,0.5,1.5,0.6,0.5658,4.7125,-95895.45,-50918.63,-10183.73,2,4,34565.13
BHARTIARTL26JUNFUT,0.1,0.001,2.0,0.3,0.5,2.0,0.4,-5.3482,3.57,-188670.75,-163791.19,-32758.24,1,4,44055.11
BHARTIARTL26JUNFUT,0.1,0.001,2.0,0.3,0.5,2.0,0.5,-4.4001,3.805,-183126.6,-156957.55,-31391.51,1,4,44872.56
BHARTIARTL26JUNFUT,0.1,0.001,2.0,0.3,0.5,2.0,0.6,-4.3033,3.8975,-184341.9,-159101.25,-31820.25,1,4,45540.04
BHARTIARTL26JUNFUT,0.1,0.001,2.0,0.3,1.0,1.0,0.4,2.9827,4.35,-28566.27,2771.36,554.27,2,4,17881.36
BHARTIARTL26JUNFUT,0.1,0.001,2.0,0.3,1.0,1.0,0.5,2.5151,4.525,-34538.41,-2463.94,-492.79,2,4,18779.62
BHARTIARTL26JUNFUT,0.1,0.001,2.0,0.3,1.0,1.0,0.6,1.372,3.955,-43780.13,-13474.56,-2694.91,2,4,19816.62
BHARTIARTL26JUNFUT,0.1,0.001,2.0,0.3,1.0,1.5,0.4,0.161,4.0775,-99586.05,-55410.16,-11082.03,2,4,34902.27
BHARTIARTL26JUNFUT,0.1,0.001,2.0,0.3,1.0,1.5,0.5,0.6956,4.7425,-100789.06,-56921.8,-11384.36,2,4,34041.03
BHARTIARTL26JUNFUT,0.1,0.001,2.0,0.3,1.0,1.5,0.6,0.5657,4.7125,-95900.2,-50923.38,-10184.68,2,4,34566.28
BHARTIARTL26JUNFUT,0.1,0.001,2.0,0.3,1.0,2.0,0.4,-4.7437,3.815,-185204.94,-160320.64,-32064.13,1,4,44277.75
BHARTIARTL26JUNFUT,0.1,0.001,2.0,0.3,1.0,2.0,0.5,-4.4002,3.805,-183136.1,-156967.05,-31393.41,1,4,44872.69
BHARTIARTL26JUNFUT,0.1,0.001,2.0,0.3,1.0,2.0,0.6,-4.3033,3.8975,-184341.9,-159101.25,-31820.25,1,4,45540.04
BHARTIARTL26JUNFUT,0.1,0.001,2.0,0.5,0.3,1.0,0.4,2.982,4.355,-28571.0,2757.13,551.43,2,4,17876.95
BHARTIARTL26JUNFUT,0.1,0.001,2.0,0.5,0.3,1.0,0.5,2.5151,4.5225,-34552.64,-2478.17,-495.63,2,4,18778.38
BHARTIARTL26JUNFUT,0.1,0.001,2.0,0.5,0.3,1.0,0.6,1.3711,3.955,-43780.13,-13479.31,-2695.86,2,4,19815.04
BHARTIARTL26JUNFUT,0.1,0.001,2.0,0.5,0.3,1.5,0.4,0.1778,4.075,-99113.19,-54923.05,-10984.61,2,4,34635.88
BHARTIARTL26JUNFUT,0.1,0.001,2.0,0.5,0.3,1.5,0.5,0.6986,4.7325,-101230.56,-57349.06,-11469.81,2,4,34007.98
BHARTIARTL26JUNFUT,0.1,0.001,2.0,0.5,0.3,1.5,0.6,0.5658,4.7,-96351.21,-51374.39,-10274.88,2,4,34519.29
BHARTIARTL26JUNFUT,0.1,0.001,2.0,0.5,0.3,2.0,0.4,-5.346,3.57,-188609.01,-163724.71,-32744.94,1,4,44066.29
BHARTIARTL26JUNFUT,0.1,0.001,2.0,0.5,0.3,2.0,0.5,-4.3992,3.815,-182887.86,-156718.81,-31343.76,1,4,44833.3
BHARTIARTL26JUNFUT,0.1,0.001,2.0,0.5,0.3,2.0,0.6,-4.3034,3.895,-184346.65,-159106.0,-31821.2,1,4,45541.98
BHARTIARTL26JUNFUT,0.1,0.001,2.0,0.5,0.5,1.0,0.4,2.9829,4.3525,-28561.51,2776.12,555.22,2,4,17880.23
BHARTIARTL26JUNFUT,0.1,0.001,2.0,0.5,0.5,1.0,0.5,2.5153,4.525,-34538.4,-2463.93,-492.79,2,4,18778.17
BHARTIARTL26JUNFUT,0.1,0.001,2.0,0.5,0.5,1.0,0.6,1.3721,3.955,-43775.38,-13469.81,-2693.96,2,4,19815.63
BHARTIARTL26JUNFUT,0.1,0.001,2.0,0.5,0.5,1.5,0.4,0.1621,4.0775,-99581.29,-55400.65,-11080.13,2,4,34901.67
BHARTIARTL26JUNFUT,0.1,0.001,2.0,0.5,0.5,1.5,0.5,0.6959,4.7425,-100779.56,-56912.3,-11382.46,2,4,34039.05
BHARTIARTL26JUNFUT,0.1,0.001,2.0,0.5,0.5,1.5,0.6,0.5658,4.7125,-95895.45,-50918.63,-10183.73,2,4,34565.13
BHARTIARTL26JUNFUT,0.1,0.001,2.0,0.5,0.5,2.0,0.4,-5.3482,3.57,-188670.75,-163791.19,-32758.24,1,4,44055.11
BHARTIARTL26JUNFUT,0.1,0.001,2.0,0.5,0.5,2.0,0.5,-4.4001,3.805,-183126.6,-156957.55,-31391.51,1,4,44872.56
BHARTIARTL26JUNFUT,0.1,0.001,2.0,0.5,0.5,2.0,0.6,-4.3033,3.8975,-184341.9,-159101.25,-31820.25,1,4,45540.04
BHARTIARTL26JUNFUT,0.1,0.001,2.0,0.5,1.0,1.0,0.4,2.9827,4.35,-28566.27,2771.36,554.27,2,4,17881.36
BHARTIARTL26JUNFUT,0.1,0.001,2.0,0.5,1.0,1.0,0.5,2.5151,4.525,-34538.41,-2463.94,-492.79,2,4,18779.62
BHARTIARTL26JUNFUT,0.1,0.001,2.0,0.5,1.0,1.0,0.6,1.372,3.955,-43780.13,-13474.56,-2694.91,2,4,19816.62
BHARTIARTL26JUNFUT,0.1,0.001,2.0,0.5,1.0,1.5,0.4,0.161,4.0775,-99586.05,-55410.16,-11082.03,2,4,34902.27
BHARTIARTL26JUNFUT,0.1,0.001,2.0,0.5,1.0,1.5,0.5,0.6956,4.7425,-100789.06,-56921.8,-11384.36,2,4,34041.03
BHARTIARTL26JUNFUT,0.1,0.001,2.0,0.5,1.0,1.5,0.6,0.5657,4.7125,-95900.2,-50923.38,-10184.68,2,4,34566.28
BHARTIARTL26JUNFUT,0.1,0.001,2.0,0.5,1.0,2.0,0.4,-4.7437,3.815,-185204.94,-160320.64,-32064.13,1,4,44277.75
BHARTIARTL26JUNFUT,0.1,0.001,2.0,0.5,1.0,2.0,0.5,-4.4002,3.805,-183136.1,-156967.05,-31393.41,1,4,44872.69
BHARTIARTL26JUNFUT,0.1,0.001,2.0,0.5,1.0,2.0,0.6,-4.3033,3.8975,-184341.9,-159101.25,-31820.25,1,4,45540.04
BLUESTARCO26JUNFUT,0.05,0.005,1.0,0.2,0.3,1.0,0.4,0.8296,3.2775,70472.85,101904.24,20380.85,2,4,73953.23
BLUESTARCO26JUNFUT,0.05,0.005,1.0,0.2,0.3,1.0,0.5,1.1143,3.445,80133.37,111564.77,22312.95,2,4,74984.65
BLUESTARCO26JUNFUT,0.05,0.005,1.0,0.2,0.3,1.0,0.6,4.2611,3.7575,81456.68,136590.18,27318.04,2,4,75053.76
BLUESTARCO26JUNFUT,0.05,0.005,1.0,0.2,0.3,1.5,0.4,-3.7245,3.0425,4871.05,27368.32,5473.66,3,4,53146.63
BLUESTARCO26JUNFUT,0.05,0.005,1.0,0.2,0.3,1.5,0.5,-3.7159,3.0475,5338.85,27836.12,5567.22,3,4,53234.41
BLUESTARCO26JUNFUT,0.05,0.005,1.0,0.2,0.3,1.5,0.6,-4.2062,2.9875,-708.09,20621.59,4124.32,3,4,53925.34
BLUESTARCO26JUNFUT,0.05,0.005,1.0,0.2,0.3,2.0,0.4,-4.6962,2.9325,46943.45,61285.63,12257.13,3,4,66704.56
BLUESTARCO26JUNFUT,0.05,0.005,1.0,0.2,0.3,2.0,0.5,-4.7017,2.9175,46386.75,60735.43,12147.09,3,4,66521.43
BLUESTARCO26JUNFUT,0.05,0.005,1.0,0.2,0.3,2.0,0.6,-4.7026,2.925,47599.76,61961.44,12392.29,3,4,66614.13
BLUESTARCO26JUNFUT,0.05,0.005,1.0,0.2,0.5,1.0,0.4,0.7498,3.245,69867.78,101299.18,20259.84,2,4,74031.97
BLUESTARCO26JUNFUT,0.05,0.005,1.0,0.2,0.5,1.0,0.5,1.0331,3.4125,79525.06,110956.45,22191.29,2,4,75066.07
BLUESTARCO26JUNFUT,0.05,0.005,1.0,0.2,0.5,1.0,0.6,4.2615,3.7575,81463.18,136596.68,27319.34,2,4,75052.73
BLUESTARCO26JUNFUT,0.05,0.005,1.0,0.2,0.5,1.5,0.4,-3.723,3.0425,4955.5,27452.77,5490.55,3,4,53171.24
BLUESTARCO26JUNFUT,0.05,0.005,1.0,0.2,0.5,1.5,0.5,-3.7145,3.0475,5423.3,27920.57,5584.11,3,4,53259.08
BLUESTARCO26JUNFUT,0.05,0.005,1.0,0.2,0.5,1.5,0.6,-4.2061,2.9875,-704.84,20624.84,4124.97,3,4,53924.44
BLUESTARCO26JUNFUT,0.05,0.005,1.0,0.2,0.5,2.0,0.4,-4.6969,2.9325,46943.45,61282.38,12256.48,3,4,66704.54
BLUESTARCO26JUNFUT,0.05,0.005,1.0,0.2,0.5,2.0,0.5,-4.7024,2.9175,46386.75,60732.18,12146.44,3,4,66521.41
BLUESTARCO26JUNFUT,0.05,0.005,1.0,0.2,0.5,2.0,0.6,-4.7026,2.925,47603.01,61964.69,12392.94,3,4,66615.15
BLUESTARCO26JUNFUT,0.05,0.005,1.0,0.2,1.0,1.0,0.4,0.7543,3.2575,71199.26,102627.4,20525.48,2,4,74537.68
BLUESTARCO26JUNFUT,0.05,0.005,1.0,0.2,1.0,1.0,0.5,1.0482,3.475,84613.69,116041.83,23208.37,2,4,77009.03
BLUESTARCO26JUNFUT,0.05,0.005,1.0,0.2,1.0,1.0,0.6,4.2636,3.74,82537.65,137671.15,27534.23,2,4,75441.15
BLUESTARCO26JUNFUT,0.05,0.005,1.0,0.2,1.0,1.5,0.4,-3.7235,3.0375,1434.83,23932.1,4786.42,3,4,52905.18
BLUESTARCO26JUNFUT,0.05,0.005,1.0,0.2,1.0,1.5,0.5,-3.715,3.0425,1902.63,24399.9,4879.98,3,4,52994.7
BLUESTARCO26JUNFUT,0.05,0.005,1.0,0.2,1.0,1.5,0.6,-4.2065,2.9875,-714.59,20615.09,4123.02,3,4,53925.62
BLUESTARCO26JUNFUT,0.05,0.005,1.0,0.2,1.0,2.0,0.4,-4.7143,2.9175,45521.28,59860.21,11972.04,3,4,66258.59
BLUESTARCO26JUNFUT,0.05,0.005,1.0,0.2,1.0,2.0,0.5,-4.7199,2.9025,44964.57,59310.0,11862.0,3,4,66076.19
BLUESTARCO26JUNFUT,0.05,0.005,1.0,0.2,1.0,2.0,0.6,-4.7026,2.925,47603.01,61964.69,12392.94,3,4,66615.15
BLUESTARCO26JUNFUT,0.05,0.005,1.0,0.3,0.3,1.0,0.4,0.8296,3.2775,70472.85,101904.24,20380.85,2,4,73953.23
BLUESTARCO26JUNFUT,0.05,0.005,1.0,0.3,0.3,1.0,0.5,1.1143,3.445,80133.37,111564.77,22312.95,2,4,74984.65
BLUESTARCO26JUNFUT,0.05,0.005,1.0,0.3,0.3,1.0,0.6,4.2611,3.7575,81456.68,136590.18,27318.04,2,4,75053.76
BLUESTARCO26JUNFUT,0.05,0.005,1.0,0.3,0.3,1.5,0.4,-3.7245,3.0425,4871.05,27368.32,5473.66,3,4,53146.63
BLUESTARCO26JUNFUT,0.05,0.005,1.0,0.3,0.3,1.5,0.5,-3.7159,3.0475,5338.85,27836.12,5567.22,3,4,53234.41
BLUESTARCO26JUNFUT,0.05,0.005,1.0,0.3,0.3,1.5,0.6,-4.2062,2.9875,-708.09,20621.59,4124.32,3,4,53925.34
BLUESTARCO26JUNFUT,0.05,0.005,1.0,0.3,0.3,2.0,0.4,-4.6962,2.9325,46943.45,61285.63,12257.13,3,4,66704.56
BLUESTARCO26JUNFUT,0.05,0.005,1.0,0.3,0.3,2.0,0.5,-4.7017,2.9175,46386.75,60735.43,12147.09,3,4,66521.43
BLUESTARCO26JUNFUT,0.05,0.005,1.0,0.3,0.3,2.0,0.6,-4.7026,2.925,47599.76,61961.44,12392.29,3,4,66614.13
BLUESTARCO26JUNFUT,0.05,0.005,1.0,0.3,0.5,1.0,0.4,0.7498,3.245,69867.78,101299.18,20259.84,2,4,74031.97
BLUESTARCO26JUNFUT,0.05,0.005,1.0,0.3,0.5,1.0,0.5,1.0331,3.4125,79525.06,110956.45,22191.29,2,4,75066.07
BLUESTARCO26JUNFUT,0.05,0.005,1.0,0.3,0.5,1.0,0.6,4.2615,3.7575,81463.18,136596.68,27319.34,2,4,75052.73
BLUESTARCO26JUNFUT,0.05,0.005,1.0,0.3,0.5,1.5,0.4,-3.723,3.0425,4955.5,27452.77,5490.55,3,4,53171.24
BLUESTARCO26JUNFUT,0.05,0.005,1.0,0.3,0.5,1.5,0.5,-3.7145,3.0475,5423.3,27920.57,5584.11,3,4,53259.08
BLUESTARCO26JUNFUT,0.05,0.005,1.0,0.3,0.5,1.5,0.6,-4.2061,2.9875,-704.84,20624.84,4124.97,3,4,53924.44
BLUESTARCO26JUNFUT,0.05,0.005,1.0,0.3,0.5,2.0,0.4,-4.6969,2.9325,46943.45,61282.38,12256.48,3,4,66704.54
BLUESTARCO26JUNFUT,0.05,0.005,1.0,0.3,0.5,2.0,0.5,-4.7024,2.9175,46386.75,60732.18,12146.44,3,4,66521.41
BLUESTARCO26JUNFUT,0.05,0.005,1.0,0.3,0.5,2.0,0.6,-4.7026,2.925,47603.01,61964.69,12392.94,3,4,66615.15
BLUESTARCO26JUNFUT,0.05,0.005,1.0,0.3,1.0,1.0,0.4,0.7548,3.2575,71199.26,102630.65,20526.13,2,4,74537.77
BLUESTARCO26JUNFUT,0.05,0.005,1.0,0.3,1.0,1.0,0.5,1.0486,3.475,84613.69,116045.08,23209.02,2,4,77009.1
BLUESTARCO26JUNFUT,0.05,0.005,1.0,0.3,1.0,1.0,0.6,4.2636,3.74,82537.65,137671.15,27534.23,2,4,75441.15
BLUESTARCO26JUNFUT,0.05,0.005,1.0,0.3,1.0,1.5,0.4,-3.7235,3.0375,1434.83,23932.1,4786.42,3,4,52905.18
BLUESTARCO26JUNFUT,0.05,0.005,1.0,0.3,1.0,1.5,0.5,-3.715,3.0425,1902.63,24399.9,4879.98,3,4,52994.7
BLUESTARCO26JUNFUT,0.05,0.005,1.0,0.3,1.0,1.5,0.6,-4.2065,2.9875,-714.59,20615.09,4123.02,3,4,53925.62
BLUESTARCO26JUNFUT,0.05,0.005,1.0,0.3,1.0,2.0,0.4,-4.7143,2.9175,45521.28,59860.21,11972.04,3,4,66258.59
BLUESTARCO26JUNFUT,0.05,0.005,1.0,0.3,1.0,2.0,0.5,-4.7199,2.9025,44964.57,59310.0,11862.0,3,4,66076.19
BLUESTARCO26JUNFUT,0.05,0.005,1.0,0.3,1.0,2.0,0.6,-4.7026,2.925,47603.01,61964.69,12392.94,3,4,66615.15
BLUESTARCO26JUNFUT,0.05,0.005,1.0,0.5,0.3,1.0,0.4,0.7493,3.245,69854.79,101286.19,20257.24,2,4,74030.48
BLUESTARCO26JUNFUT,0.05,0.005,1.0,0.5,0.3,1.0,0.5,1.0327,3.4125,79515.32,110946.71,22189.34,2,4,75064.02
BLUESTARCO26JUNFUT,0.05,0.005,1.0,0.5,0.3,1.0,0.6,4.2611,3.7575,81456.68,136590.18,27318.04,2,4,75053.76
BLUESTARCO26JUNFUT,0.05,0.005,1.0,0.5,0.3,1.5,0.4,-3.7245,3.0425,4871.05,27368.32,5473.66,3,4,53146.63
BLUESTARCO26JUNFUT,0.05,0.005,1.0,0.5,0.3,1.5,0.5,-3.7159,3.0475,5338.85,27836.12,5567.22,3,4,53234.41
BLUESTARCO26JUNFUT,0.05,0.005,1.0,0.5,0.3,1.5,0.6,-4.2062,2.9875,-708.09,20621.59,4124.32,3,4,53925.34
BLUESTARCO26JUNFUT,0.05,0.005,1.0,0.5,0.3,2.0,0.4,-4.6962,2.9325,46943.45,61285.63,12257.13,3,4,66704.56
BLUESTARCO26JUNFUT,0.05,0.005,1.0,0.5,0.3,2.0,0.5,-4.7017,2.9175,46386.75,60735.43,12147.09,3,4,66521.43
BLUESTARCO26JUNFUT,0.05,0.005,1.0,0.5,0.3,2.0,0.6,-4.7026,2.925,47599.76,61961.44,12392.29,3,4,66614.13
BLUESTARCO26JUNFUT,0.05,0.005,1.0,0.5,0.5,1.0,0.4,0.7498,3.245,69867.78,101299.18,20259.84,2,4,74031.97
BLUESTARCO26JUNFUT,0.05,0.005,1.0,0.5,0.5,1.0,0.5,1.0331,3.4125,79525.06,110956.45,22191.29,2,4,75066.07
BLUESTARCO26JUNFUT,0.05,0.005,1.0,0.5,0.5,1.0,0.6,4.2615,3.7575,81463.18,136596.68,27319.34,2,4,75052.73
BLUESTARCO26JUNFUT,0.05,0.005,1.0,0.5,0.5,1.5,0.4,-3.723,3.0425,4955.5,27452.77,5490.55,3,4,53171.24
BLUESTARCO26JUNFUT,0.05,0.005,1.0,0.5,0.5,1.5,0.5,-3.7145,3.0475,5423.3,27920.57,5584.11,3,4,53259.08
BLUESTARCO26JUNFUT,0.05,0.005,1.0,0.5,0.5,1.5,0.6,-4.2061,2.9875,-704.84,20624.84,4124.97,3,4,53924.44
BLUESTARCO26JUNFUT,0.05,0.005,1.0,0.5,0.5,2.0,0.4,-4.6969,2.9325,46943.45,61282.38,12256.48,3,4,66704.54
BLUESTARCO26JUNFUT,0.05,0.005,1.0,0.5,0.5,2.0,0.5,-4.7024,2.9175,46386.75,60732.18,12146.44,3,4,66521.41
BLUESTARCO26JUNFUT,0.05,0.005,1.0,0.5,0.5,2.0,0.6,-4.7026,2.925,47603.01,61964.69,12392.94,3,4,66615.15
BLUESTARCO26JUNFUT,0.05,0.005,1.0,0.5,1.0,1.0,0.4,0.7548,3.2575,71199.26,102630.65,20526.13,2,4,74537.77
BLUESTARCO26JUNFUT,0.05,0.005,1.0,0.5,1.0,1.0,0.5,1.0486,3.475,84613.69,116045.08,23209.02,2,4,77009.1
BLUESTARCO26JUNFUT,0.05,0.005,1.0,0.5,1.0,1.0,0.6,4.2636,3.74,82537.65,137671.15,27534.23,2,4,75441.15
BLUESTARCO26JUNFUT,0.05,0.005,1.0,0.5,1.0,1.5,0.4,-3.7235,3.0375,1434.83,23932.1,4786.42,3,4,52905.18
BLUESTARCO26JUNFUT,0.05,0.005,1.0,0.5,1.0,1.5,0.5,-3.715,3.0425,1902.63,24399.9,4879.98,3,4,52994.7
BLUESTARCO26JUNFUT,0.05,0.005,1.0,0.5,1.0,1.5,0.6,-4.2065,2.9875,-714.59,20615.09,4123.02,3,4,53925.62
BLUESTARCO26JUNFUT,0.05,0.005,1.0,0.5,1.0,2.0,0.4,-4.7143,2.9175,45521.28,59860.21,11972.04,3,4,66258.59
BLUESTARCO26JUNFUT,0.05,0.005,1.0,0.5,1.0,2.0,0.5,-4.7199,2.9025,44964.57,59310.0,11862.0,3,4,66076.19
BLUESTARCO26JUNFUT,0.05,0.005,1.0,0.5,1.0,2.0,0.6,-4.7026,2.925,47603.01,61964.69,12392.94,3,4,66615.15
BPCL26JUNFUT,0.05,0.005,1.5,0.2,0.3,1.0,0.4,-5.227,0.0,-1512.77,-1512.77,-302.55,0,4,434.61
BPCL26JUNFUT,0.05,0.005,1.5,0.2,0.3,1.0,0.5,-5.227,0.0,-1512.77,-1512.77,-302.55,0,4,434.61
BPCL26JUNFUT,0.05,0.005,1.5,0.2,0.3,1.0,0.6,-5.227,0.0,-1512.77,-1512.77,-302.55,0,4,434.61
BPCL26JUNFUT,0.05,0.005,1.5,0.2,0.3,1.5,0.4,-20.5531,110.3275,2376.2,1396.0,279.2,3,4,1489.92
BPCL26JUNFUT,0.05,0.005,1.5,0.2,0.3,1.5,0.5,-20.5531,110.3275,2376.2,1396.0,279.2,3,4,1489.92
BPCL26JUNFUT,0.05,0.005,1.5,0.2,0.3,1.5,0.6,-20.5531,110.3275,2376.2,1396.0,279.2,3,4,1489.92
BPCL26JUNFUT,0.05,0.005,1.5,0.2,0.3,2.0,0.4,0.4906,130.4275,36383.05,36281.24,7256.25,3,4,11229.72
BPCL26JUNFUT,0.05,0.005,1.5,0.2,0.3,2.0,0.5,0.4906,130.4275,36383.05,36281.24,7256.25,3,4,11229.72
BPCL26JUNFUT,0.05,0.005,1.5,0.2,0.3,2.0,0.6,0.4906,130.4275,36383.05,36281.24,7256.25,3,4,11229.72
BPCL26JUNFUT,0.05,0.005,1.5,0.2,0.5,1.0,0.4,-5.227,0.0,-1512.77,-1512.77,-302.55,0,4,434.61
BPCL26JUNFUT,0.05,0.005,1.5,0.2,0.5,1.0,0.5,-5.227,0.0,-1512.77,-1512.77,-302.55,0,4,434.61
BPCL26JUNFUT,0.05,0.005,1.5,0.2,0.5,1.0,0.6,-5.227,0.0,-1512.77,-1512.77,-302.55,0,4,434.61
BPCL26JUNFUT,0.05,0.005,1.5,0.2,0.5,1.5,0.4,-20.5531,110.3275,2376.2,1396.0,279.2,3,4,1489.92
BPCL26JUNFUT,0.05,0.005,1.5,0.2,0.5,1.5,0.5,-20.5531,110.3275,2376.2,1396.0,279.2,3,4,1489.92
BPCL26JUNFUT,0.05,0.005,1.5,0.2,0.5,1.5,0.6,-20.5531,110.3275,2376.2,1396.0,279.2,3,4,1489.92
BPCL26JUNFUT,0.05,0.005,1.5,0.2,0.5,2.0,0.4,0.4906,130.4275,36383.05,36281.24,7256.25,3,4,11229.72
BPCL26JUNFUT,0.05,0.005,1.5,0.2,0.5,2.0,0.5,0.4906,130.4275,36383.05,36281.24,7256.25,3,4,11229.72
BPCL26JUNFUT,0.05,0.005,1.5,0.2,0.5,2.0,0.6,0.4906,130.4275,36383.05,36281.24,7256.25,3,4,11229.72
BPCL26JUNFUT,0.05,0.005,1.5,0.2,1.0,1.0,0.4,-5.227,0.0,-1512.77,-1512.77,-302.55,0,4,434.61
BPCL26JUNFUT,0.05,0.005,1.5,0.2,1.0,1.0,0.5,-5.227,0.0,-1512.77,-1512.77,-302.55,0,4,434.61
BPCL26JUNFUT,0.05,0.005,1.5,0.2,1.0,1.0,0.6,-5.227,0.0,-1512.77,-1512.77,-302.55,0,4,434.61
BPCL26JUNFUT,0.05,0.005,1.5,0.2,1.0,1.5,0.4,-20.5531,110.3275,2376.2,1396.0,279.2,3,4,1489.92
BPCL26JUNFUT,0.05,0.005,1.5,0.2,1.0,1.5,0.5,-20.5531,110.3275,2376.2,1396.0,279.2,3,4,1489.92
BPCL26JUNFUT,0.05,0.005,1.5,0.2,1.0,1.5,0.6,-20.5531,110.3275,2376.2,1396.0,279.2,3,4,1489.92
BPCL26JUNFUT,0.05,0.005,1.5,0.2,1.0,2.0,0.4,0.4906,130.4275,36383.05,36281.24,7256.25,3,4,11229.72
BPCL26JUNFUT,0.05,0.005,1.5,0.2,1.0,2.0,0.5,0.4906,130.4275,36383.05,36281.24,7256.25,3,4,11229.72
BPCL26JUNFUT,0.05,0.005,1.5,0.2,1.0,2.0,0.6,0.4906,130.4275,36383.05,36281.24,7256.25,3,4,11229.72
BPCL26JUNFUT,0.05,0.005,1.5,0.3,0.3,1.0,0.4,-5.227,0.0,-1512.77,-1512.77,-302.55,0,4,434.61
BPCL26JUNFUT,0.05,0.005,1.5,0.3,0.3,1.0,0.5,-5.227,0.0,-1512.77,-1512.77,-302.55,0,4,434.61
BPCL26JUNFUT,0.05,0.005,1.5,0.3,0.3,1.0,0.6,-5.227,0.0,-1512.77,-1512.77,-302.55,0,4,434.61
BPCL26JUNFUT,0.05,0.005,1.5,0.3,0.3,1.5,0.4,-20.5531,110.3275,2376.2,1396.0,279.2,3,4,1489.92
BPCL26JUNFUT,0.05,0.005,1.5,0.3,0.3,1.5,0.5,-20.5531,110.3275,2376.2,1396.0,279.2,3,4,1489.92
BPCL26JUNFUT,0.05,0.005,1.5,0.3,0.3,1.5,0.6,-20.5531,110.3275,2376.2,1396.0,279.2,3,4,1489.92
BPCL26JUNFUT,0.05,0.005,1.5,0.3,0.3,2.0,0.4,0.4906,130.4275,36383.05,36281.24,7256.25,3,4,11229.72
BPCL26JUNFUT,0.05,0.005,1.5,0.3,0.3,2.0,0.5,0.4906,130.4275,36383.05,36281.24,7256.25,3,4,11229.72
BPCL26JUNFUT,0.05,0.005,1.5,0.3,0.3,2.0,0.6,0.4906,130.4275,36383.05,36281.24,7256.25,3,4,11229.72
BPCL26JUNFUT,0.05,0.005,1.5,0.3,0.5,1.0,0.4,-5.227,0.0,-1512.77,-1512.77,-302.55,0,4,434.61
BPCL26JUNFUT,0.05,0.005,1.5,0.3,0.5,1.0,0.5,-5.227,0.0,-1512.77,-1512.77,-302.55,0,4,434.61
BPCL26JUNFUT,0.05,0.005,1.5,0.3,0.5,1.0,0.6,-5.227,0.0,-1512.77,-1512.77,-302.55,0,4,434.61
BPCL26JUNFUT,0.05,0.005,1.5,0.3,0.5,1.5,0.4,-20.5531,110.3275,2376.2,1396.0,279.2,3,4,1489.92
BPCL26JUNFUT,0.05,0.005,1.5,0.3,0.5,1.5,0.5,-20.5531,110.3275,2376.2,1396.0,279.2,3,4,1489.92
BPCL26JUNFUT,0.05,0.005,1.5,0.3,0.5,1.5,0.6,-20.5531,110.3275,2376.2,1396.0,279.2,3,4,1489.92
BPCL26JUNFUT,0.05,0.005,1.5,0.3,0.5,2.0,0.4,0.4906,130.4275,36383.05,36281.24,7256.25,3,4,11229.72
BPCL26JUNFUT,0.05,0.005,1.5,0.3,0.5,2.0,0.5,0.4906,130.4275,36383.05,36281.24,7256.25,3,4,11229.72
BPCL26JUNFUT,0.05,0.005,1.5,0.3,0.5,2.0,0.6,0.4906,130.4275,36383.05,36281.24,7256.25,3,4,11229.72
BPCL26JUNFUT,0.05,0.005,1.5,0.3,1.0,1.0,0.4,-5.227,0.0,-1512.77,-1512.77,-302.55,0,4,434.61
BPCL26JUNFUT,0.05,0.005,1.5,0.3,1.0,1.0,0.5,-5.227,0.0,-1512.77,-1512.77,-302.55,0,4,434.61
BPCL26JUNFUT,0.05,0.005,1.5,0.3,1.0,1.0,0.6,-5.227,0.0,-1512.77,-1512.77,-302.55,0,4,434.61
BPCL26JUNFUT,0.05,0.005,1.5,0.3,1.0,1.5,0.4,-20.5531,110.3275,2376.2,1396.0,279.2,3,4,1489.92
BPCL26JUNFUT,0.05,0.005,1.5,0.3,1.0,1.5,0.5,-20.5531,110.3275,2376.2,1396.0,279.2,3,4,1489.92
BPCL26JUNFUT,0.05,0.005,1.5,0.3,1.0,1.5,0.6,-20.5531,110.3275,2376.2,1396.0,279.2,3,4,1489.92
BPCL26JUNFUT,0.05,0.005,1.5,0.3,1.0,2.0,0.4,0.4906,130.4275,36383.05,36281.24,7256.25,3,4,11229.72
BPCL26JUNFUT,0.05,0.005,1.5,0.3,1.0,2.0,0.5,0.4906,130.4275,36383.05,36281.24,7256.25,3,4,11229.72
BPCL26JUNFUT,0.05,0.005,1.5,0.3,1.0,2.0,0.6,0.4906,130.4275,36383.05,36281.24,7256.25,3,4,11229.72
BPCL26JUNFUT,0.05,0.005,1.5,0.5,0.3,1.0,0.4,-5.227,0.0,-1512.77,-1512.77,-302.55,0,4,434.61
BPCL26JUNFUT,0.05,0.005,1.5,0.5,0.3,1.0,0.5,-5.227,0.0,-1512.77,-1512.77,-302.55,0,4,434.61
BPCL26JUNFUT,0.05,0.005,1.5,0.5,0.3,1.0,0.6,-5.227,0.0,-1512.77,-1512.77,-302.55,0,4,434.61
BPCL26JUNFUT,0.05,0.005,1.5,0.5,0.3,1.5,0.4,-20.5531,110.3275,2376.2,1396.0,279.2,3,4,1489.92
BPCL26JUNFUT,0.05,0.005,1.5,0.5,0.3,1.5,0.5,-20.5531,110.3275,2376.2,1396.0,279.2,3,4,1489.92
BPCL26JUNFUT,0.05,0.005,1.5,0.5,0.3,1.5,0.6,-20.5531,110.3275,2376.2,1396.0,279.2,3,4,1489.92
BPCL26JUNFUT,0.05,0.005,1.5,0.5,0.3,2.0,0.4,0.4906,130.4275,36383.05,36281.24,7256.25,3,4,11229.72
BPCL26JUNFUT,0.05,0.005,1.5,0.5,0.3,2.0,0.5,0.4906,130.4275,36383.05,36281.24,7256.25,3,4,11229.72
BPCL26JUNFUT,0.05,0.005,1.5,0.5,0.3,2.0,0.6,0.4906,130.4275,36383.05,36281.24,7256.25,3,4,11229.72
BPCL26JUNFUT,0.05,0.005,1.5,0.5,0.5,1.0,0.4,-5.227,0.0,-1512.77,-1512.77,-302.55,0,4,434.61
BPCL26JUNFUT,0.05,0.005,1.5,0.5,0.5,1.0,0.5,-5.227,0.0,-1512.77,-1512.77,-302.55,0,4,434.61
BPCL26JUNFUT,0.05,0.005,1.5,0.5,0.5,1.0,0.6,-5.227,0.0,-1512.77,-1512.77,-302.55,0,4,434.61
BPCL26JUNFUT,0.05,0.005,1.5,0.5,0.5,1.5,0.4,-20.5531,110.3275,2376.2,1396.0,279.2,3,4,1489.92
BPCL26JUNFUT,0.05,0.005,1.5,0.5,0.5,1.5,0.5,-20.5531,110.3275,2376.2,1396.0,279.2,3,4,1489.92
BPCL26JUNFUT,0.05,0.005,1.5,0.5,0.5,1.5,0.6,-20.5531,110.3275,2376.2,1396.0,279.2,3,4,1489.92
BPCL26JUNFUT,0.05,0.005,1.5,0.5,0.5,2.0,0.4,0.4906,130.4275,36383.05,36281.24,7256.25,3,4,11229.72
BPCL26JUNFUT,0.05,0.005,1.5,0.5,0.5,2.0,0.5,0.4906,130.4275,36383.05,36281.24,7256.25,3,4,11229.72
BPCL26JUNFUT,0.05,0.005,1.5,0.5,0.5,2.0,0.6,0.4906,130.4275,36383.05,36281.24,7256.25,3,4,11229.72
BPCL26JUNFUT,0.05,0.005,1.5,0.5,1.0,1.0,0.4,-5.227,0.0,-1512.77,-1512.77,-302.55,0,4,434.61
BPCL26JUNFUT,0.05,0.005,1.5,0.5,1.0,1.0,0.5,-5.227,0.0,-1512.77,-1512.77,-302.55,0,4,434.61
BPCL26JUNFUT,0.05,0.005,1.5,0.5,1.0,1.0,0.6,-5.227,0.0,-1512.77,-1512.77,-302.55,0,4,434.61
BPCL26JUNFUT,0.05,0.005,1.5,0.5,1.0,1.5,0.4,-20.5531,110.3275,2376.2,1396.0,279.2,3,4,1489.92
BPCL26JUNFUT,0.05,0.005,1.5,0.5,1.0,1.5,0.5,-20.5531,110.3275,2376.2,1396.0,279.2,3,4,1489.92
BPCL26JUNFUT,0.05,0.005,1.5,0.5,1.0,1.5,0.6,-20.5531,110.3275,2376.2,1396.0,279.2,3,4,1489.92
BPCL26JUNFUT,0.05,0.005,1.5,0.5,1.0,2.0,0.4,0.4906,130.4275,36383.05,36281.24,7256.25,3,4,11229.72
BPCL26JUNFUT,0.05,0.005,1.5,0.5,1.0,2.0,0.5,0.4906,130.4275,36383.05,36281.24,7256.25,3,4,11229.72
BPCL26JUNFUT,0.05,0.005,1.5,0.5,1.0,2.0,0.6,0.4906,130.4275,36383.05,36281.24,7256.25,3,4,11229.72
BIOCON26JUNFUT,0.05,0.0005,1.5,0.2,0.3,1.0,0.4,-9.4316,5.9775,-2372.3,-2372.3,-474.46,1,4,2009.42
BIOCON26JUNFUT,0.05,0.0005,1.5,0.2,0.3,1.0,0.5,-9.4316,5.9775,-2372.3,-2372.3,-474.46,1,4,2009.42
BIOCON26JUNFUT,0.05,0.0005,1.5,0.2,0.3,1.0,0.6,-7.5738,4.2775,-1335.2,-1335.2,-267.04,1,4,1948.41
BIOCON26JUNFUT,0.05,0.0005,1.5,0.2,0.3,1.5,0.4,3.4744,9.42,99667.64,69924.91,13984.98,3,4,36296.23
BIOCON26JUNFUT,0.05,0.0005,1.5,0.2,0.3,1.5,0.5,3.4815,9.4225,99917.52,70174.8,14034.96,3,4,36296.04
BIOCON26JUNFUT,0.05,0.0005,1.5,0.2,0.3,1.5,0.6,3.3965,9.28,96935.59,67192.87,13438.57,3,4,36499.94
BIOCON26JUNFUT,0.05,0.0005,1.5,0.2,0.3,2.0,0.4,3.3151,8.5075,157622.82,107994.31,21598.86,3,4,49057.5
BIOCON26JUNFUT,0.05,0.0005,1.5,0.2,0.3,2.0,0.5,3.3174,8.5075,157722.76,108094.26,21618.85,3,4,49082.93
BIOCON26JUNFUT,0.05,0.0005,1.5,0.2,0.3,2.0,0.6,3.1194,8.1425,139669.59,90116.06,18023.21,3,4,50396.85
BIOCON26JUNFUT,0.05,0.0005,1.5,0.2,0.5,1.0,0.4,-9.4316,5.9775,-2372.3,-2372.3,-474.46,1,4,2009.42
BIOCON26JUNFUT,0.05,0.0005,1.5,0.2,0.5,1.0,0.5,-9.4316,5.9775,-2372.3,-2372.3,-474.46,1,4,2009.42
BIOCON26JUNFUT,0.05,0.0005,1.5,0.2,0.5,1.0,0.6,-7.5738,4.2775,-1335.2,-1335.2,-267.04,1,4,1948.41
BIOCON26JUNFUT,0.05,0.0005,1.5,0.2,0.5,1.5,0.4,3.4744,9.42,99667.64,69924.91,13984.98,3,4,36296.23
BIOCON26JUNFUT,0.05,0.0005,1.5,0.2,0.5,1.5,0.5,3.4815,9.4225,99917.52,70174.8,14034.96,3,4,36296.04
BIOCON26JUNFUT,0.05,0.0005,1.5,0.2,0.5,1.5,0.6,3.3965,9.28,96935.59,67192.87,13438.57,3,4,36499.94
BIOCON26JUNFUT,0.05,0.0005,1.5,0.2,0.5,2.0,0.4,3.3151,8.5075,157622.82,107994.31,21598.86,3,4,49057.5
BIOCON26JUNFUT,0.05,0.0005,1.5,0.2,0.5,2.0,0.5,3.3174,8.5075,157722.76,108094.26,21618.85,3,4,49082.93
BIOCON26JUNFUT,0.05,0.0005,1.5,0.2,0.5,2.0,0.6,3.1194,8.1425,139669.59,90116.06,18023.21,3,4,50396.85
BIOCON26JUNFUT,0.05,0.0005,1.5,0.2,1.0,1.0,0.4,-9.4316,5.9775,-2372.3,-2372.3,-474.46,1,4,2009.42
BIOCON26JUNFUT,0.05,0.0005,1.5,0.2,1.0,1.0,0.5,-9.4316,5.9775,-2372.3,-2372.3,-474.46,1,4,2009.42
BIOCON26JUNFUT,0.05,0.0005,1.5,0.2,1.0,1.0,0.6,-7.5738,4.2775,-1335.2,-1335.2,-267.04,1,4,1948.41
BIOCON26JUNFUT,0.05,0.0005,1.5,0.2,1.0,1.5,0.4,3.4744,9.42,99667.64,69924.91,13984.98,3,4,36296.23
BIOCON26JUNFUT,0.05,0.0005,1.5,0.2,1.0,1.5,0.5,3.4815,9.4225,99917.52,70174.8,14034.96,3,4,36296.04
BIOCON26JUNFUT,0.05,0.0005,1.5,0.2,1.0,1.5,0.6,3.3965,9.28,96935.59,67192.87,13438.57,3,4,36499.94
BIOCON26JUNFUT,0.05,0.0005,1.5,0.2,1.0,2.0,0.4,3.3157,8.5075,157647.8,108019.3,21603.86,3,4,49063.86
BIOCON26JUNFUT,0.05,0.0005,1.5,0.2,1.0,2.0,0.5,3.318,8.51,157747.75,108119.25,21623.85,3,4,49089.3
BIOCON26JUNFUT,0.05,0.0005,1.5,0.2,1.0,2.0,0.6,3.1194,8.1425,139669.59,90116.06,18023.21,3,4,50396.85
BIOCON26JUNFUT,0.05,0.0005,1.5,0.3,0.3,1.0,0.4,-9.4316,5.9775,-2372.3,-2372.3,-474.46,1,4,2009.42
BIOCON26JUNFUT,0.05,0.0005,1.5,0.3,0.3,1.0,0.5,-9.4316,5.9775,-2372.3,-2372.3,-474.46,1,4,2009.42
BIOCON26JUNFUT,0.05,0.0005,1.5,0.3,0.3,1.0,0.6,-7.5738,4.2775,-1335.2,-1335.2,-267.04,1,4,1948.41
BIOCON26JUNFUT,0.05,0.0005,1.5,0.3,0.3,1.5,0.4,3.4744,9.42,99667.64,69924.91,13984.98,3,4,36296.23
BIOCON26JUNFUT,0.05,0.0005,1.5,0.3,0.3,1.5,0.5,3.4815,9.4225,99917.52,70174.8,14034.96,3,4,36296.04
BIOCON26JUNFUT,0.05,0.0005,1.5,0.3,0.3,1.5,0.6,3.3965,9.28,96935.59,67192.87,13438.57,3,4,36499.94
BIOCON26JUNFUT,0.05,0.0005,1.5,0.3,0.3,2.0,0.4,3.3151,8.5075,157622.82,107994.31,21598.86,3,4,49057.5
BIOCON26JUNFUT,0.05,0.0005,1.5,0.3,0.3,2.0,0.5,3.3174,8.5075,157722.76,108094.26,21618.85,3,4,49082.93
BIOCON26JUNFUT,0.05,0.0005,1.5,0.3,0.3,2.0,0.6,3.1194,8.1425,139669.59,90116.06,18023.21,3,4,50396.85
BIOCON26JUNFUT,0.05,0.0005,1.5,0.3,0.5,1.0,0.4,-9.4316,5.9775,-2372.3,-2372.3,-474.46,1,4,2009.42
BIOCON26JUNFUT,0.05,0.0005,1.5,0.3,0.5,1.0,0.5,-9.4316,5.9775,-2372.3,-2372.3,-474.46,1,4,2009.42
BIOCON26JUNFUT,0.05,0.0005,1.5,0.3,0.5,1.0,0.6,-7.5738,4.2775,-1335.2,-1335.2,-267.04,1,4,1948.41
BIOCON26JUNFUT,0.05,0.0005,1.5,0.3,0.5,1.5,0.4,3.4744,9.42,99667.64,69924.91,13984.98,3,4,36296.23
BIOCON26JUNFUT,0.05,0.0005,1.5,0.3,0.5,1.5,0.5,3.4815,9.4225,99917.52,70174.8,14034.96,3,4,36296.04
BIOCON26JUNFUT,0.05,0.0005,1.5,0.3,0.5,1.5,0.6,3.3965,9.28,96935.59,67192.87,13438.57,3,4,36499.94
BIOCON26JUNFUT,0.05,0.0005,1.5,0.3,0.5,2.0,0.4,3.3151,8.5075,157622.82,107994.31,21598.86,3,4,49057.5
BIOCON26JUNFUT,0.05,0.0005,1.5,0.3,0.5,2.0,0.5,3.3174,8.5075,157722.76,108094.26,21618.85,3,4,49082.93
BIOCON26JUNFUT,0.05,0.0005,1.5,0.3,0.5,2.0,0.6,3.1194,8.1425,139669.59,90116.06,18023.21,3,4,50396.85
BIOCON26JUNFUT,0.05,0.0005,1.5,0.3,1.0,1.0,0.4,-9.4316,5.9775,-2372.3,-2372.3,-474.46,1,4,2009.42
BIOCON26JUNFUT,0.05,0.0005,1.5,0.3,1.0,1.0,0.5,-9.4316,5.9775,-2372.3,-2372.3,-474.46,1,4,2009.42
BIOCON26JUNFUT,0.05,0.0005,1.5,0.3,1.0,1.0,0.6,-7.5738,4.2775,-1335.2,-1335.2,-267.04,1,4,1948.41
BIOCON26JUNFUT,0.05,0.0005,1.5,0.3,1.0,1.5,0.4,3.4744,9.42,99667.64,69924.91,13984.98,3,4,36296.23
BIOCON26JUNFUT,0.05,0.0005,1.5,0.3,1.0,1.5,0.5,3.4815,9.4225,99917.52,70174.8,14034.96,3,4,36296.04
BIOCON26JUNFUT,0.05,0.0005,1.5,0.3,1.0,1.5,0.6,3.3965,9.28,96935.59,67192.87,13438.57,3,4,36499.94
BIOCON26JUNFUT,0.05,0.0005,1.5,0.3,1.0,2.0,0.4,3.3157,8.5075,157647.8,108019.3,21603.86,3,4,49063.86
BIOCON26JUNFUT,0.05,0.0005,1.5,0.3,1.0,2.0,0.5,3.318,8.51,157747.75,108119.25,21623.85,3,4,49089.3
BIOCON26JUNFUT,0.05,0.0005,1.5,0.3,1.0,2.0,0.6,3.1194,8.1425,139669.59,90116.06,18023.21,3,4,50396.85
BIOCON26JUNFUT,0.05,0.0005,1.5,0.5,0.3,1.0,0.4,-9.4316,5.9775,-2372.3,-2372.3,-474.46,1,4,2009.42
BIOCON26JUNFUT,0.05,0.0005,1.5,0.5,0.3,1.0,0.5,-9.4316,5.9775,-2372.3,-2372.3,-474.46,1,4,2009.42
BIOCON26JUNFUT,0.05,0.0005,1.5,0.5,0.3,1.0,0.6,-7.5738,4.2775,-1335.2,-1335.2,-267.04,1,4,1948.41
BIOCON26JUNFUT,0.05,0.0005,1.5,0.5,0.3,1.5,0.4,3.4744,9.42,99667.64,69924.91,13984.98,3,4,36296.23
BIOCON26JUNFUT,0.05,0.0005,1.5,0.5,0.3,1.5,0.5,3.4815,9.4225,99917.52,70174.8,14034.96,3,4,36296.04
BIOCON26JUNFUT,0.05,0.0005,1.5,0.5,0.3,1.5,0.6,3.3965,9.28,96935.59,67192.87,13438.57,3,4,36499.94
BIOCON26JUNFUT,0.05,0.0005,1.5,0.5,0.3,2.0,0.4,3.3151,8.5075,157622.82,107994.31,21598.86,3,4,49057.5
BIOCON26JUNFUT,0.05,0.0005,1.5,0.5,0.3,2.0,0.5,3.3174,8.5075,157722.76,108094.26,21618.85,3,4,49082.93
BIOCON26JUNFUT,0.05,0.0005,1.5,0.5,0.3,2.0,0.6,3.1194,8.1425,139669.59,90116.06,18023.21,3,4,50396.85
BIOCON26JUNFUT,0.05,0.0005,1.5,0.5,0.5,1.0,0.4,-9.4316,5.9775,-2372.3,-2372.3,-474.46,1,4,2009.42
BIOCON26JUNFUT,0.05,0.0005,1.5,0.5,0.5,1.0,0.5,-9.4316,5.9775,-2372.3,-2372.3,-474.46,1,4,2009.42
BIOCON26JUNFUT,0.05,0.0005,1.5,0.5,0.5,1.0,0.6,-7.5738,4.2775,-1335.2,-1335.2,-267.04,1,4,1948.41
BIOCON26JUNFUT,0.05,0.0005,1.5,0.5,0.5,1.5,0.4,3.4744,9.42,99667.64,69924.91,13984.98,3,4,36296.23
BIOCON26JUNFUT,0.05,0.0005,1.5,0.5,0.5,1.5,0.5,3.4815,9.4225,99917.52,70174.8,14034.96,3,4,36296.04
BIOCON26JUNFUT,0.05,0.0005,1.5,0.5,0.5,1.5,0.6,3.3965,9.28,96935.59,67192.87,13438.57,3,4,36499.94
BIOCON26JUNFUT,0.05,0.0005,1.5,0.5,0.5,2.0,0.4,3.3151,8.5075,157622.82,107994.31,21598.86,3,4,49057.5
BIOCON26JUNFUT,0.05,0.0005,1.5,0.5,0.5,2.0,0.5,3.3174,8.5075,157722.76,108094.26,21618.85,3,4,49082.93
BIOCON26JUNFUT,0.05,0.0005,1.5,0.5,0.5,2.0,0.6,3.1194,8.1425,139669.59,90116.06,18023.21,3,4,50396.85
BIOCON26JUNFUT,0.05,0.0005,1.5,0.5,1.0,1.0,0.4,-9.4316,5.9775,-2372.3,-2372.3,-474.46,1,4,2009.42
BIOCON26JUNFUT,0.05,0.0005,1.5,0.5,1.0,1.0,0.5,-9.4316,5.9775,-2372.3,-2372.3,-474.46,1,4,2009.42
BIOCON26JUNFUT,0.05,0.0005,1.5,0.5,1.0,1.0,0.6,-7.5738,4.2775,-1335.2,-1335.2,-267.04,1,4,1948.41
BIOCON26JUNFUT,0.05,0.0005,1.5,0.5,1.0,1.5,0.4,3.4744,9.42,99667.64,69924.91,13984.98,3,4,36296.23
BIOCON26JUNFUT,0.05,0.0005,1.5,0.5,1.0,1.5,0.5,3.4815,9.4225,99917.52,70174.8,14034.96,3,4,36296.04
BIOCON26JUNFUT,0.05,0.0005,1.5,0.5,1.0,1.5,0.6,3.3965,9.28,96935.59,67192.87,13438.57,3,4,36499.94
BIOCON26JUNFUT,0.05,0.0005,1.5,0.5,1.0,2.0,0.4,3.3157,8.5075,157647.8,108019.3,21603.86,3,4,49063.86
BIOCON26JUNFUT,0.05,0.0005,1.5,0.5,1.0,2.0,0.5,3.318,8.51,157747.75,108119.25,21623.85,3,4,49089.3
BIOCON26JUNFUT,0.05,0.0005,1.5,0.5,1.0,2.0,0.6,3.1194,8.1425,139669.59,90116.06,18023.21,3,4,50396.85
CHOLAFIN26JUNFUT,0.1,0.001,2.0,0.2,0.3,1.0,0.4,0.3151,3.6925,-6205.8,66800.23,13360.05,3,4,56480.62
CHOLAFIN26JUNFUT,0.1,0.001,2.0,0.2,0.3,1.0,0.5,0.5544,3.79,-813.7,72192.32,14438.46,3,4,56612.71
CHOLAFIN26JUNFUT,0.1,0.001,2.0,0.2,0.3,1.0,0.6,0.211,3.645,-15876.24,59996.16,11999.23,3,4,58079.39
CHOLAFIN26JUNFUT,0.1,0.001,2.0,0.2,0.3,1.5,0.4,-12.8545,3.5625,-135574.08,-134077.11,-26815.42,2,4,62679.27
CHOLAFIN26JUNFUT,0.1,0.001,2.0,0.2,0.3,1.5,0.5,-13.0587,3.5525,-137238.24,-135741.26,-27148.25,2,4,61929.92
CHOLAFIN26JUNFUT,0.1,0.001,2.0,0.2,0.3,1.5,0.6,-11.3084,3.7525,-121483.32,-111269.88,-22253.98,2,4,58570.68
CHOLAFIN26JUNFUT,0.1,0.001,2.0,0.2,0.3,2.0,0.4,-11.1005,1.3925,-314290.65,-285096.25,-57019.25,2,4,61737.36
CHOLAFIN26JUNFUT,0.1,0.001,2.0,0.2,0.3,2.0,0.5,-11.101,1.3975,-314304.49,-285110.1,-57022.02,2,4,61741.72
CHOLAFIN26JUNFUT,0.1,0.001,2.0,0.2,0.3,2.0,0.6,-11.0948,1.2475,-324828.14,-294886.21,-58977.24,2,4,63178.67
CHOLAFIN26JUNFUT,0.1,0.001,2.0,0.2,0.5,1.0,0.4,0.3146,3.695,-6101.39,66898.39,13379.68,3,4,56496.77
CHOLAFIN26JUNFUT,0.1,0.001,2.0,0.2,0.5,1.0,0.5,0.5539,3.7925,-709.3,72290.48,14458.1,3,4,56629.22
CHOLAFIN26JUNFUT,0.1,0.001,2.0,0.2,0.5,1.0,0.6,0.2113,3.645,-15869.99,60002.41,12000.48,3,4,58077.69
CHOLAFIN26JUNFUT,0.1,0.001,2.0,0.2,0.5,1.5,0.4,-12.8568,3.565,-135560.78,-134076.31,-26815.26,2,4,62676.58
CHOLAFIN26JUNFUT,0.1,0.001,2.0,0.2,0.5,1.5,0.5,-13.061,3.555,-137231.18,-135746.71,-27149.34,2,4,61929.04
CHOLAFIN26JUNFUT,0.1,0.001,2.0,0.2,0.5,1.5,0.6,-11.31,3.7525,-121489.57,-111282.38,-22256.48,2,4,58569.91
CHOLAFIN26JUNFUT,0.1,0.001,2.0,0.2,0.5,2.0,0.4,-11.1024,1.43,-311071.76,-281889.87,-56377.97,2,4,62386.92
CHOLAFIN26JUNFUT,0.1,0.001,2.0,0.2,0.5,2.0,0.5,-11.1029,1.435,-311085.61,-281903.71,-56380.74,2,4,62391.46
CHOLAFIN26JUNFUT,0.1,0.001,2.0,0.2,0.5,2.0,0.6,-11.0948,1.2475,-324828.14,-294886.21,-58977.24,2,4,63178.67
CHOLAFIN26JUNFUT,0.1,0.001,2.0,0.2,1.0,1.0,0.4,0.1461,3.6475,-7662.57,65343.45,13068.69,3,4,56590.86
CHOLAFIN26JUNFUT,0.1,0.001,2.0,0.2,1.0,1.0,0.5,0.3283,3.7175,-3656.02,69350.0,13870.0,3,4,57069.44
CHOLAFIN26JUNFUT,0.1,0.001,2.0,0.2,1.0,1.0,0.6,0.2108,3.645,-15876.24,59996.16,11999.23,3,4,58078.87
CHOLAFIN26JUNFUT,0.1,0.001,2.0,0.2,1.0,1.5,0.4,-12.902,3.565,-135548.29,-134257.57,-26851.51,2,4,62659.12
CHOLAFIN26JUNFUT,0.1,0.001,2.0,0.2,1.0,1.5,0.5,-13.0626,3.555,-137224.95,-135746.72,-27149.34,2,4,61926.62
CHOLAFIN26JUNFUT,0.1,0.001,2.0,0.2,1.0,1.5,0.6,-11.3102,3.7525,-121502.07,-111294.88,-22258.98,2,4,58567.97
CHOLAFIN26JUNFUT,0.1,0.001,2.0,0.2,1.0,2.0,0.4,-11.1027,1.43,-311090.52,-281908.63,-56381.73,2,4,62391.78
CHOLAFIN26JUNFUT,0.1,0.001,2.0,0.2,1.0,2.0,0.5,-11.1032,1.435,-311104.36,-281922.47,-56384.49,2,4,62396.33
CHOLAFIN26JUNFUT,0.1,0.001,2.0,0.2,1.0,2.0,0.6,-11.0948,1.2475,-324828.15,-294886.22,-58977.24,2,4,63178.67
CHOLAFIN26JUNFUT,0.1,0.001,2.0,0.3,0.3,1.0,0.4,0.3151,3.6925,-6205.8,66800.23,13360.05,3,4,56480.62
CHOLAFIN26JUNFUT,0.1,0.001,2.0,0.3,0.3,1.0,0.5,0.5544,3.79,-813.7,72192.32,14438.46,3,4,56612.71
CHOLAFIN26JUNFUT,0.1,0.001,2.0,0.3,0.3,1.0,0.6,0.211,3.645,-15876.24,59996.16,11999.23,3,4,58079.39
CHOLAFIN26JUNFUT,0.1,0.001,2.0,0.3,0.3,1.5,0.4,-12.8545,3.5625,-135574.08,-134077.11,-26815.42,2,4,62679.27
CHOLAFIN26JUNFUT,0.1,0.001,2.0,0.3,0.3,1.5,0.5,-13.0587,3.5525,-137238.24,-135741.26,-27148.25,2,4,61929.92
CHOLAFIN26JUNFUT,0.1,0.001,2.0,0.3,0.3,1.5,0.6,-11.3084,3.7525,-121483.32,-111269.88,-22253.98,2,4,58570.68
CHOLAFIN26JUNFUT,0.1,0.001,2.0,0.3,0.3,2.0,0.4,-11.1005,1.3925,-314290.65,-285096.25,-57019.25,2,4,61737.36
CHOLAFIN26JUNFUT,0.1,0.001,2.0,0.3,0.3,2.0,0.5,-11.101,1.3975,-314304.49,-285110.1,-57022.02,2,4,61741.72
CHOLAFIN26JUNFUT,0.1,0.001,2.0,0.3,0.3,2.0,0.6,-11.0948,1.2475,-324828.14,-294886.21,-58977.24,2,4,63178.67
CHOLAFIN26JUNFUT,0.1,0.001,2.0,0.3,0.5,1.0,0.4,0.3146,3.695,-6101.39,66898.39,13379.68,3,4,56496.77
CHOLAFIN26JUNFUT,0.1,0.001,2.0,0.3,0.5,1.0,0.5,0.5539,3.7925,-709.3,72290.48,14458.1,3,4,56629.22
CHOLAFIN26JUNFUT,0.1,0.001,2.0,0.3,0.5,1.0,0.6,0.2113,3.645,-15869.99,60002.41,12000.48,3,4,58077.69
CHOLAFIN26JUNFUT,0.1,0.001,2.0,0.3,0.5,1.5,0.4,-12.8568,3.565,-135560.78,-134076.31,-26815.26,2,4,62676.58
CHOLAFIN26JUNFUT,0.1,0.001,2.0,0.3,0.5,1.5,0.5,-13.061,3.555,-137231.18,-135746.71,-27149.34,2,4,61929.04
CHOLAFIN26JUNFUT,0.1,0.001,2.0,0.3,0.5,1.5,0.6,-11.31,3.7525,-121489.57,-111282.38,-22256.48,2,4,58569.91
CHOLAFIN26JUNFUT,0.1,0.001,2.0,0.3,0.5,2.0,0.4,-11.1024,1.43,-311071.76,-281889.87,-56377.97,2,4,62386.92
CHOLAFIN26JUNFUT,0.1,0.001,2.0,0.3,0.5,2.0,0.5,-11.1029,1.435,-311085.61,-281903.71,-56380.74,2,4,62391.46
CHOLAFIN26JUNFUT,0.1,0.001,2.0,0.3,0.5,2.0,0.6,-11.0948,1.2475,-324828.14,-294886.21,-58977.24,2,4,63178.67
CHOLAFIN26JUNFUT,0.1,0.001,2.0,0.3,1.0,1.0,0.4,0.1461,3.6475,-7662.57,65343.45,13068.69,3,4,56590.86
CHOLAFIN26JUNFUT,0.1,0.001,2.0,0.3,1.0,1.0,0.5,0.3283,3.7175,-3656.02,69350.0,13870.0,3,4,57069.44
CHOLAFIN26JUNFUT,0.1,0.001,2.0,0.3,1.0,1.0,0.6,0.2108,3.645,-15876.24,59996.16,11999.23,3,4,58078.87
CHOLAFIN26JUNFUT,0.1,0.001,2.0,0.3,1.0,1.5,0.4,-12.902,3.565,-135548.29,-134257.57,-26851.51,2,4,62659.12
CHOLAFIN26JUNFUT,0.1,0.001,2.0,0.3,1.0,1.5,0.5,-13.0626,3.555,-137224.95,-135746.72,-27149.34,2,4,61926.62
CHOLAFIN26JUNFUT,0.1,0.001,2.0,0.3,1.0,1.5,0.6,-11.3102,3.7525,-121502.07,-111294.88,-22258.98,2,4,58567.97
CHOLAFIN26JUNFUT,0.1,0.001,2.0,0.3,1.0,2.0,0.4,-11.1027,1.43,-311090.52,-281908.63,-56381.73,2,4,62391.78
CHOLAFIN26JUNFUT,0.1,0.001,2.0,0.3,1.0,2.0,0.5,-11.1032,1.435,-311104.36,-281922.47,-56384.49,2,4,62396.33
CHOLAFIN26JUNFUT,0.1,0.001,2.0,0.3,1.0,2.0,0.6,-11.0948,1.2475,-324828.15,-294886.22,-58977.24,2,4,63178.67
CHOLAFIN26JUNFUT,0.1,0.001,2.0,0.5,0.3,1.0,0.4,0.3151,3.6925,-6205.8,66800.23,13360.05,3,4,56480.62
CHOLAFIN26JUNFUT,0.1,0.001,2.0,0.5,0.3,1.0,0.5,0.5544,3.79,-813.7,72192.32,14438.46,3,4,56612.71
CHOLAFIN26JUNFUT,0.1,0.001,2.0,0.5,0.3,1.0,0.6,0.211,3.645,-15876.24,59996.16,11999.23,3,4,58079.39
CHOLAFIN26JUNFUT,0.1,0.001,2.0,0.5,0.3,1.5,0.4,-12.8545,3.5625,-135574.08,-134077.11,-26815.42,2,4,62679.27
CHOLAFIN26JUNFUT,0.1,0.001,2.0,0.5,0.3,1.5,0.5,-13.0587,3.5525,-137238.24,-135741.26,-27148.25,2,4,61929.92
CHOLAFIN26JUNFUT,0.1,0.001,2.0,0.5,0.3,1.5,0.6,-11.3084,3.7525,-121483.32,-111269.88,-22253.98,2,4,58570.68
CHOLAFIN26JUNFUT,0.1,0.001,2.0,0.5,0.3,2.0,0.4,-11.1005,1.3925,-314290.65,-285096.25,-57019.25,2,4,61737.36
CHOLAFIN26JUNFUT,0.1,0.001,2.0,0.5,0.3,2.0,0.5,-11.101,1.3975,-314304.49,-285110.1,-57022.02,2,4,61741.72
CHOLAFIN26JUNFUT,0.1,0.001,2.0,0.5,0.3,2.0,0.6,-11.0948,1.2475,-324828.14,-294886.21,-58977.24,2,4,63178.67
CHOLAFIN26JUNFUT,0.1,0.001,2.0,0.5,0.5,1.0,0.4,0.3146,3.695,-6101.39,66898.39,13379.68,3,4,56496.77
CHOLAFIN26JUNFUT,0.1,0.001,2.0,0.5,0.5,1.0,0.5,0.5539,3.7925,-709.3,72290.48,14458.1,3,4,56629.22
CHOLAFIN26JUNFUT,0.1,0.001,2.0,0.5,0.5,1.0,0.6,0.2113,3.645,-15869.99,60002.41,12000.48,3,4,58077.69
CHOLAFIN26JUNFUT,0.1,0.001,2.0,0.5,0.5,1.5,0.4,-12.8568,3.565,-135560.78,-134076.31,-26815.26,2,4,62676.58
CHOLAFIN26JUNFUT,0.1,0.001,2.0,0.5,0.5,1.5,0.5,-13.061,3.555,-137231.18,-135746.71,-27149.34,2,4,61929.04
CHOLAFIN26JUNFUT,0.1,0.001,2.0,0.5,0.5,1.5,0.6,-11.31,3.7525,-121489.57,-111282.38,-22256.48,2,4,58569.91
CHOLAFIN26JUNFUT,0.1,0.001,2.0,0.5,0.5,2.0,0.4,-11.1024,1.43,-311071.76,-281889.87,-56377.97,2,4,62386.92
CHOLAFIN26JUNFUT,0.1,0.001,2.0,0.5,0.5,2.0,0.5,-11.1029,1.435,-311085.61,-281903.71,-56380.74,2,4,62391.46
CHOLAFIN26JUNFUT,0.1,0.001,2.0,0.5,0.5,2.0,0.6,-11.0948,1.2475,-324828.14,-294886.21,-58977.24,2,4,63178.67
CHOLAFIN26JUNFUT,0.1,0.001,2.0,0.5,1.0,1.0,0.4,0.1461,3.6475,-7662.57,65343.45,13068.69,3,4,56590.86
CHOLAFIN26JUNFUT,0.1,0.001,2.0,0.5,1.0,1.0,0.5,0.3283,3.7175,-3656.02,69350.0,13870.0,3,4,57069.44
CHOLAFIN26JUNFUT,0.1,0.001,2.0,0.5,1.0,1.0,0.6,0.2108,3.645,-15876.24,59996.16,11999.23,3,4,58078.87
CHOLAFIN26JUNFUT,0.1,0.001,2.0,0.5,1.0,1.5,0.4,-12.902,3.565,-135548.29,-134257.57,-26851.51,2,4,62659.12
CHOLAFIN26JUNFUT,0.1,0.001,2.0,0.5,1.0,1.5,0.5,-13.0626,3.555,-137224.95,-135746.72,-27149.34,2,4,61926.62
CHOLAFIN26JUNFUT,0.1,0.001,2.0,0.5,1.0,1.5,0.6,-11.3102,3.7525,-121502.07,-111294.88,-22258.98,2,4,58567.97
CHOLAFIN26JUNFUT,0.1,0.001,2.0,0.5,1.0,2.0,0.4,-11.1027,1.43,-311090.52,-281908.63,-56381.73,2,4,62391.78
CHOLAFIN26JUNFUT,0.1,0.001,2.0,0.5,1.0,2.0,0.5,-11.1032,1.435,-311104.36,-281922.47,-56384.49,2,4,62396.33
CHOLAFIN26JUNFUT,0.1,0.001,2.0,0.5,1.0,2.0,0.6,-11.0948,1.2475,-324828.15,-294886.22,-58977.24,2,4,63178.67
CANBK26JUNFUT,0.1,0.001,2.0,0.2,0.3,1.0,0.4,-5.0975,0.0,-983.79,-983.79,-196.76,0,4,393.52
CANBK26JUNFUT,0.1,0.001,2.0,0.2,0.3,1.0,0.5,-5.0975,0.0,-983.79,-983.79,-196.76,0,4,393.52
CANBK26JUNFUT,0.1,0.001,2.0,0.2,0.3,1.0,0.6,-5.0975,0.0,-983.79,-983.79,-196.76,0,4,393.52
CANBK26JUNFUT,0.1,0.001,2.0,0.2,0.3,1.5,0.4,-9.0662,0.0,-563.38,-563.38,-112.68,0,4,225.35
CANBK26JUNFUT,0.1,0.001,2.0,0.2,0.3,1.5,0.5,-9.0662,0.0,-563.38,-563.38,-112.68,0,4,225.35
CANBK26JUNFUT,0.1,0.001,2.0,0.2,0.3,1.5,0.6,-9.0662,0.0,-563.38,-563.38,-112.68,0,4,225.35
CANBK26JUNFUT,0.1,0.001,2.0,0.2,0.3,2.0,0.4,-18.7708,0.0,7383.99,4886.52,977.3,1,4,3902.67
CANBK26JUNFUT,0.1,0.001,2.0,0.2,0.3,2.0,0.5,-18.7708,0.0,7383.99,4886.52,977.3,1,4,3902.67
CANBK26JUNFUT,0.1,0.001,2.0,0.2,0.3,2.0,0.6,-18.7708,0.0,7383.99,4886.52,977.3,1,4,3902.67
CANBK26JUNFUT,0.1,0.001,2.0,0.2,0.5,1.0,0.4,-5.0975,0.0,-983.79,-983.79,-196.76,0,4,393.52
CANBK26JUNFUT,0.1,0.001,2.0,0.2,0.5,1.0,0.5,-5.0975,0.0,-983.79,-983.79,-196.76,0,4,393.52
CANBK26JUNFUT,0.1,0.001,2.0,0.2,0.5,1.0,0.6,-5.0975,0.0,-983.79,-983.79,-196.76,0,4,393.52
CANBK26JUNFUT,0.1,0.001,2.0,0.2,0.5,1.5,0.4,-9.0662,0.0,-563.38,-563.38,-112.68,0,4,225.35
CANBK26JUNFUT,0.1,0.001,2.0,0.2,0.5,1.5,0.5,-9.0662,0.0,-563.38,-563.38,-112.68,0,4,225.35
CANBK26JUNFUT,0.1,0.001,2.0,0.2,0.5,1.5,0.6,-9.0662,0.0,-563.38,-563.38,-112.68,0,4,225.35
CANBK26JUNFUT,0.1,0.001,2.0,0.2,0.5,2.0,0.4,-18.7708,0.0,7383.99,4886.52,977.3,1,4,3902.67
CANBK26JUNFUT,0.1,0.001,2.0,0.2,0.5,2.0,0.5,-18.7708,0.0,7383.99,4886.52,977.3,1,4,3902.67
CANBK26JUNFUT,0.1,0.001,2.0,0.2,0.5,2.0,0.6,-18.7708,0.0,7383.99,4886.52,977.3,1,4,3902.67
CANBK26JUNFUT,0.1,0.001,2.0,0.2,1.0,1.0,0.4,-5.0975,0.0,-983.79,-983.79,-196.76,0,4,393.52
CANBK26JUNFUT,0.1,0.001,2.0,0.2,1.0,1.0,0.5,-5.0975,0.0,-983.79,-983.79,-196.76,0,4,393.52
CANBK26JUNFUT,0.1,0.001,2.0,0.2,1.0,1.0,0.6,-5.0975,0.0,-983.79,-983.79,-196.76,0,4,393.52
CANBK26JUNFUT,0.1,0.001,2.0,0.2,1.0,1.5,0.4,-9.0662,0.0,-563.38,-563.38,-112.68,0,4,225.35
CANBK26JUNFUT,0.1,0.001,2.0,0.2,1.0,1.5,0.5,-9.0662,0.0,-563.38,-563.38,-112.68,0,4,225.35
CANBK26JUNFUT,0.1,0.001,2.0,0.2,1.0,1.5,0.6,-9.0662,0.0,-563.38,-563.38,-112.68,0,4,225.35
CANBK26JUNFUT,0.1,0.001,2.0,0.2,1.0,2.0,0.4,-18.7708,0.0,7383.99,4886.52,977.3,1,4,3902.67
CANBK26JUNFUT,0.1,0.001,2.0,0.2,1.0,2.0,0.5,-18.7708,0.0,7383.99,4886.52,977.3,1,4,3902.67
CANBK26JUNFUT,0.1,0.001,2.0,0.2,1.0,2.0,0.6,-18.7708,0.0,7383.99,4886.52,977.3,1,4,3902.67
CANBK26JUNFUT,0.1,0.001,2.0,0.3,0.3,1.0,0.4,-5.0975,0.0,-983.79,-983.79,-196.76,0,4,393.52
CANBK26JUNFUT,0.1,0.001,2.0,0.3,0.3,1.0,0.5,-5.0975,0.0,-983.79,-983.79,-196.76,0,4,393.52
CANBK26JUNFUT,0.1,0.001,2.0,0.3,0.3,1.0,0.6,-5.0975,0.0,-983.79,-983.79,-196.76,0,4,393.52
CANBK26JUNFUT,0.1,0.001,2.0,0.3,0.3,1.5,0.4,-9.0662,0.0,-563.38,-563.38,-112.68,0,4,225.35
CANBK26JUNFUT,0.1,0.001,2.0,0.3,0.3,1.5,0.5,-9.0662,0.0,-563.38,-563.38,-112.68,0,4,225.35
CANBK26JUNFUT,0.1,0.001,2.0,0.3,0.3,1.5,0.6,-9.0662,0.0,-563.38,-563.38,-112.68,0,4,225.35
CANBK26JUNFUT,0.1,0.001,2.0,0.3,0.3,2.0,0.4,-18.7708,0.0,7383.99,4886.52,977.3,1,4,3902.67
CANBK26JUNFUT,0.1,0.001,2.0,0.3,0.3,2.0,0.5,-18.7708,0.0,7383.99,4886.52,977.3,1,4,3902.67
CANBK26JUNFUT,0.1,0.001,2.0,0.3,0.3,2.0,0.6,-18.7708,0.0,7383.99,4886.52,977.3,1,4,3902.67
CANBK26JUNFUT,0.1,0.001,2.0,0.3,0.5,1.0,0.4,-5.0975,0.0,-983.79,-983.79,-196.76,0,4,393.52
CANBK26JUNFUT,0.1,0.001,2.0,0.3,0.5,1.0,0.5,-5.0975,0.0,-983.79,-983.79,-196.76,0,4,393.52
CANBK26JUNFUT,0.1,0.001,2.0,0.3,0.5,1.0,0.6,-5.0975,0.0,-983.79,-983.79,-196.76,0,4,393.52
CANBK26JUNFUT,0.1,0.001,2.0,0.3,0.5,1.5,0.4,-9.0662,0.0,-563.38,-563.38,-112.68,0,4,225.35
CANBK26JUNFUT,0.1,0.001,2.0,0.3,0.5,1.5,0.5,-9.0662,0.0,-563.38,-563.38,-112.68,0,4,225.35
CANBK26JUNFUT,0.1,0.001,2.0,0.3,0.5,1.5,0.6,-9.0662,0.0,-563.38,-563.38,-112.68,0,4,225.35
CANBK26JUNFUT,0.1,0.001,2.0,0.3,0.5,2.0,0.4,-18.7708,0.0,7383.99,4886.52,977.3,1,4,3902.67
CANBK26JUNFUT,0.1,0.001,2.0,0.3,0.5,2.0,0.5,-18.7708,0.0,7383.99,4886.52,977.3,1,4,3902.67
CANBK26JUNFUT,0.1,0.001,2.0,0.3,0.5,2.0,0.6,-18.7708,0.0,7383.99,4886.52,977.3,1,4,3902.67
CANBK26JUNFUT,0.1,0.001,2.0,0.3,1.0,1.0,0.4,-5.0975,0.0,-983.79,-983.79,-196.76,0,4,393.52
CANBK26JUNFUT,0.1,0.001,2.0,0.3,1.0,1.0,0.5,-5.0975,0.0,-983.79,-983.79,-196.76,0,4,393.52
CANBK26JUNFUT,0.1,0.001,2.0,0.3,1.0,1.0,0.6,-5.0975,0.0,-983.79,-983.79,-196.76,0,4,393.52
CANBK26JUNFUT,0.1,0.001,2.0,0.3,1.0,1.5,0.4,-9.0662,0.0,-563.38,-563.38,-112.68,0,4,225.35
CANBK26JUNFUT,0.1,0.001,2.0,0.3,1.0,1.5,0.5,-9.0662,0.0,-563.38,-563.38,-112.68,0,4,225.35
CANBK26JUNFUT,0.1,0.001,2.0,0.3,1.0,1.5,0.6,-9.0662,0.0,-563.38,-563.38,-112.68,0,4,225.35
CANBK26JUNFUT,0.1,0.001,2.0,0.3,1.0,2.0,0.4,-18.7708,0.0,7383.99,4886.52,977.3,1,4,3902.67
CANBK26JUNFUT,0.1,0.001,2.0,0.3,1.0,2.0,0.5,-18.7708,0.0,7383.99,4886.52,977.3,1,4,3902.67
CANBK26JUNFUT,0.1,0.001,2.0,0.3,1.0,2.0,0.6,-18.7708,0.0,7383.99,4886.52,977.3,1,4,3902.67
CANBK26JUNFUT,0.1,0.001,2.0,0.5,0.3,1.0,0.4,-5.0975,0.0,-983.79,-983.79,-196.76,0,4,393.52
CANBK26JUNFUT,0.1,0.001,2.0,0.5,0.3,1.0,0.5,-5.0975,0.0,-983.79,-983.79,-196.76,0,4,393.52
CANBK26JUNFUT,0.1,0.001,2.0,0.5,0.3,1.0,0.6,-5.0975,0.0,-983.79,-983.79,-196.76,0,4,393.52
CANBK26JUNFUT,0.1,0.001,2.0,0.5,0.3,1.5,0.4,-9.0662,0.0,-563.38,-563.38,-112.68,0,4,225.35
CANBK26JUNFUT,0.1,0.001,2.0,0.5,0.3,1.5,0.5,-9.0662,0.0,-563.38,-563.38,-112.68,0,4,225.35
CANBK26JUNFUT,0.1,0.001,2.0,0.5,0.3,1.5,0.6,-9.0662,0.0,-563.38,-563.38,-112.68,0,4,225.35
CANBK26JUNFUT,0.1,0.001,2.0,0.5,0.3,2.0,0.4,-18.7708,0.0,7383.99,4886.52,977.3,1,4,3902.67
CANBK26JUNFUT,0.1,0.001,2.0,0.5,0.3,2.0,0.5,-18.7708,0.0,7383.99,4886.52,977.3,1,4,3902.67
CANBK26JUNFUT,0.1,0.001,2.0,0.5,0.3,2.0,0.6,-18.7708,0.0,7383.99,4886.52,977.3,1,4,3902.67
CANBK26JUNFUT,0.1,0.001,2.0,0.5,0.5,1.0,0.4,-5.0975,0.0,-983.79,-983.79,-196.76,0,4,393.52
CANBK26JUNFUT,0.1,0.001,2.0,0.5,0.5,1.0,0.5,-5.0975,0.0,-983.79,-983.79,-196.76,0,4,393.52
CANBK26JUNFUT,0.1,0.001,2.0,0.5,0.5,1.0,0.6,-5.0975,0.0,-983.79,-983.79,-196.76,0,4,393.52
CANBK26JUNFUT,0.1,0.001,2.0,0.5,0.5,1.5,0.4,-9.0662,0.0,-563.38,-563.38,-112.68,0,4,225.35
CANBK26JUNFUT,0.1,0.001,2.0,0.5,0.5,1.5,0.5,-9.0662,0.0,-563.38,-563.38,-112.68,0,4,225.35
CANBK26JUNFUT,0.1,0.001,2.0,0.5,0.5,1.5,0.6,-9.0662,0.0,-563.38,-563.38,-112.68,0,4,225.35
CANBK26JUNFUT,0.1,0.001,2.0,0.5,0.5,2.0,0.4,-18.7708,0.0,7383.99,4886.52,977.3,1,4,3902.67
CANBK26JUNFUT,0.1,0.001,2.0,0.5,0.5,2.0,0.5,-18.7708,0.0,7383.99,4886.52,977.3,1,4,3902.67
CANBK26JUNFUT,0.1,0.001,2.0,0.5,0.5,2.0,0.6,-18.7708,0.0,7383.99,4886.52,977.3,1,4,3902.67
CANBK26JUNFUT,0.1,0.001,2.0,0.5,1.0,1.0,0.4,-5.0975,0.0,-983.79,-983.79,-196.76,0,4,393.52
CANBK26JUNFUT,0.1,0.001,2.0,0.5,1.0,1.0,0.5,-5.0975,0.0,-983.79,-983.79,-196.76,0,4,393.52
CANBK26JUNFUT,0.1,0.001,2.0,0.5,1.0,1.0,0.6,-5.0975,0.0,-983.79,-983.79,-196.76,0,4,393.52
CANBK26JUNFUT,0.1,0.001,2.0,0.5,1.0,1.5,0.4,-9.0662,0.0,-563.38,-563.38,-112.68,0,4,225.35
CANBK26JUNFUT,0.1,0.001,2.0,0.5,1.0,1.5,0.5,-9.0662,0.0,-563.38,-563.38,-112.68,0,4,225.35
CANBK26JUNFUT,0.1,0.001,2.0,0.5,1.0,1.5,0.6,-9.0662,0.0,-563.38,-563.38,-112.68,0,4,225.35
CANBK26JUNFUT,0.1,0.001,2.0,0.5,1.0,2.0,0.4,-18.7708,0.0,7383.99,4886.52,977.3,1,4,3902.67
CANBK26JUNFUT,0.1,0.001,2.0,0.5,1.0,2.0,0.5,-18.7708,0.0,7383.99,4886.52,977.3,1,4,3902.67
CANBK26JUNFUT,0.1,0.001,2.0,0.5,1.0,2.0,0.6,-18.7708,0.0,7383.99,4886.52,977.3,1,4,3902.67
BRITANNIA26JUNFUT,0.1,0.001,2.0,0.2,0.3,1.0,0.4,-15.2115,1.8025,-137311.09,-137097.39,-27419.48,1,4,20209.03
BRITANNIA26JUNFUT,0.1,0.001,2.0,0.2,0.3,1.0,0.5,-15.1559,1.865,-134517.29,-134303.59,-26860.72,1,4,19732.14
BRITANNIA26JUNFUT,0.1,0.001,2.0,0.2,0.3,1.0,0.6,-14.9691,1.9075,-132959.76,-132494.19,-26498.84,1,4,19200.79
BRITANNIA26JUNFUT,0.1,0.001,2.0,0.2,0.3,1.5,0.4,-14.3249,0.9525,-172788.62,-169908.69,-33981.74,1,4,27433.77
BRITANNIA26JUNFUT,0.1,0.001,2.0,0.2,0.3,1.5,0.5,-14.3244,0.9525,-172772.38,-169892.45,-33978.49,1,4,27433.07
BRITANNIA26JUNFUT,0.1,0.001,2.0,0.2,0.3,1.5,0.6,-14.333,0.92,-173001.65,-170121.72,-34024.34,1,4,27446.1
BRITANNIA26JUNFUT,0.1,0.001,2.0,0.2,0.3,2.0,0.4,-14.2821,0.8125,-177627.98,-174748.05,-34949.61,1,4,28610.55
BRITANNIA26JUNFUT,0.1,0.001,2.0,0.2,0.3,2.0,0.5,-14.2821,0.8125,-177627.98,-174748.05,-34949.61,1,4,28610.55
BRITANNIA26JUNFUT,0.1,0.001,2.0,0.2,0.3,2.0,0.6,-14.2821,0.8125,-177619.23,-174739.3,-34947.86,1,4,28612.01
BRITANNIA26JUNFUT,0.1,0.001,2.0,0.2,0.5,1.0,0.4,-15.2115,1.8025,-137309.84,-137096.14,-27419.23,1,4,20208.8
BRITANNIA26JUNFUT,0.1,0.001,2.0,0.2,0.5,1.0,0.5,-15.1559,1.865,-134516.05,-134302.34,-26860.47,1,4,19731.93
BRITANNIA26JUNFUT,0.1,0.001,2.0,0.2,0.5,1.0,0.6,-14.9691,1.9075,-132959.76,-132494.19,-26498.84,1,4,19200.79
BRITANNIA26JUNFUT,0.1,0.001,2.0,0.2,0.5,1.5,0.4,-14.3249,0.9525,-172788.62,-169908.69,-33981.74,1,4,27433.77
BRITANNIA26JUNFUT,0.1,0.001,2.0,0.2,0.5,1.5,0.5,-14.3244,0.9525,-172772.38,-169892.45,-33978.49,1,4,27433.07
BRITANNIA26JUNFUT,0.1,0.001,2.0,0.2,0.5,1.5,0.6,-14.333,0.92,-173001.65,-170121.72,-34024.34,1,4,27446.1
BRITANNIA26JUNFUT,0.1,0.001,2.0,0.2,0.5,2.0,0.4,-14.2821,0.8125,-177627.98,-174748.05,-34949.61,1,4,28610.55
BRITANNIA26JUNFUT,0.1,0.001,2.0,0.2,0.5,2.0,0.5,-14.2821,0.8125,-177627.98,-174748.05,-34949.61,1,4,28610.55
BRITANNIA26JUNFUT,0.1,0.001,2.0,0.2,0.5,2.0,0.6,-14.2821,0.8125,-177619.23,-174739.3,-34947.86,1,4,28612.01
BRITANNIA26JUNFUT,0.1,0.001,2.0,0.2,1.0,1.0,0.4,-15.2115,1.8025,-137309.84,-137096.14,-27419.23,1,4,20208.8
BRITANNIA26JUNFUT,0.1,0.001,2.0,0.2,1.0,1.0,0.5,-15.1559,1.865,-134516.05,-134302.34,-26860.47,1,4,19731.93
BRITANNIA26JUNFUT,0.1,0.001,2.0,0.2,1.0,1.0,0.6,-14.9691,1.9075,-132959.76,-132494.19,-26498.84,1,4,19200.79
BRITANNIA26JUNFUT,0.1,0.001,2.0,0.2,1.0,1.5,0.4,-14.3249,0.9525,-172788.62,-169908.69,-33981.74,1,4,27433.77
BRITANNIA26JUNFUT,0.1,0.001,2.0,0.2,1.0,1.5,0.5,-14.3244,0.9525,-172772.38,-169892.45,-33978.49,1,4,27433.07
BRITANNIA26JUNFUT,0.1,0.001,2.0,0.2,1.0,1.5,0.6,-14.333,0.92,-173001.65,-170121.72,-34024.34,1,4,27446.1
BRITANNIA26JUNFUT,0.1,0.001,2.0,0.2,1.0,2.0,0.4,-14.2821,0.8125,-177627.98,-174748.05,-34949.61,1,4,28610.55
BRITANNIA26JUNFUT,0.1,0.001,2.0,0.2,1.0,2.0,0.5,-14.2821,0.8125,-177627.98,-174748.05,-34949.61,1,4,28610.55
BRITANNIA26JUNFUT,0.1,0.001,2.0,0.2,1.0,2.0,0.6,-14.2821,0.8125,-177619.23,-174739.3,-34947.86,1,4,28612.01
BRITANNIA26JUNFUT,0.1,0.001,2.0,0.3,0.3,1.0,0.4,-15.2115,1.8025,-137311.09,-137097.39,-27419.48,1,4,20209.03
BRITANNIA26JUNFUT,0.1,0.001,2.0,0.3,0.3,1.0,0.5,-15.1559,1.865,-134517.29,-134303.59,-26860.72,1,4,19732.14
BRITANNIA26JUNFUT,0.1,0.001,2.0,0.3,0.3,1.0,0.6,-14.9691,1.9075,-132959.76,-132494.19,-26498.84,1,4,19200.79
BRITANNIA26JUNFUT,0.1,0.001,2.0,0.3,0.3,1.5,0.4,-14.3249,0.9525,-172788.62,-169908.69,-33981.74,1,4,27433.77
BRITANNIA26JUNFUT,0.1,0.001,2.0,0.3,0.3,1.5,0.5,-14.3244,0.9525,-172772.38,-169892.45,-33978.49,1,4,27433.07
BRITANNIA26JUNFUT,0.1,0.001,2.0,0.3,0.3,1.5,0.6,-14.333,0.92,-173001.65,-170121.72,-34024.34,1,4,27446.1
BRITANNIA26JUNFUT,0.1,0.001,2.0,0.3,0.3,2.0,0.4,-14.2821,0.8125,-177627.98,-174748.05,-34949.61,1,4,28610.55
BRITANNIA26JUNFUT,0.1,0.001,2.0,0.3,0.3,2.0,0.5,-14.2821,0.8125,-177627.98,-174748.05,-34949.61,1,4,28610.55
BRITANNIA26JUNFUT,0.1,0.001,2.0,0.3,0.3,2.0,0.6,-14.2821,0.8125,-177619.23,-174739.3,-34947.86,1,4,28612.01
BRITANNIA26JUNFUT,0.1,0.001,2.0,0.3,0.5,1.0,0.4,-15.2115,1.8025,-137309.84,-137096.14,-27419.23,1,4,20208.8
BRITANNIA26JUNFUT,0.1,0.001,2.0,0.3,0.5,1.0,0.5,-15.1559,1.865,-134516.05,-134302.34,-26860.47,1,4,19731.93
BRITANNIA26JUNFUT,0.1,0.001,2.0,0.3,0.5,1.0,0.6,-14.9691,1.9075,-132959.76,-132494.19,-26498.84,1,4,19200.79
BRITANNIA26JUNFUT,0.1,0.001,2.0,0.3,0.5,1.5,0.4,-14.3249,0.9525,-172788.62,-169908.69,-33981.74,1,4,27433.77
BRITANNIA26JUNFUT,0.1,0.001,2.0,0.3,0.5,1.5,0.5,-14.3244,0.9525,-172772.38,-169892.45,-33978.49,1,4,27433.07
BRITANNIA26JUNFUT,0.1,0.001,2.0,0.3,0.5,1.5,0.6,-14.333,0.92,-173001.65,-170121.72,-34024.34,1,4,27446.1
BRITANNIA26JUNFUT,0.1,0.001,2.0,0.3,0.5,2.0,0.4,-14.2821,0.8125,-177627.98,-174748.05,-34949.61,1,4,28610.55
BRITANNIA26JUNFUT,0.1,0.001,2.0,0.3,0.5,2.0,0.5,-14.2821,0.8125,-177627.98,-174748.05,-34949.61,1,4,28610.55
BRITANNIA26JUNFUT,0.1,0.001,2.0,0.3,0.5,2.0,0.6,-14.2821,0.8125,-177619.23,-174739.3,-34947.86,1,4,28612.01
BRITANNIA26JUNFUT,0.1,0.001,2.0,0.3,1.0,1.0,0.4,-15.2115,1.8025,-137309.84,-137096.14,-27419.23,1,4,20208.8
BRITANNIA26JUNFUT,0.1,0.001,2.0,0.3,1.0,1.0,0.5,-15.1559,1.865,-134516.05,-134302.34,-26860.47,1,4,19731.93
BRITANNIA26JUNFUT,0.1,0.001,2.0,0.3,1.0,1.0,0.6,-14.9691,1.9075,-132959.76,-132494.19,-26498.84,1,4,19200.79
BRITANNIA26JUNFUT,0.1,0.001,2.0,0.3,1.0,1.5,0.4,-14.3249,0.9525,-172788.62,-169908.69,-33981.74,1,4,27433.77
BRITANNIA26JUNFUT,0.1,0.001,2.0,0.3,1.0,1.5,0.5,-14.3244,0.9525,-172772.38,-169892.45,-33978.49,1,4,27433.07
BRITANNIA26JUNFUT,0.1,0.001,2.0,0.3,1.0,1.5,0.6,-14.333,0.92,-173001.65,-170121.72,-34024.34,1,4,27446.1
BRITANNIA26JUNFUT,0.1,0.001,2.0,0.3,1.0,2.0,0.4,-14.2821,0.8125,-177627.98,-174748.05,-34949.61,1,4,28610.55
BRITANNIA26JUNFUT,0.1,0.001,2.0,0.3,1.0,2.0,0.5,-14.2821,0.8125,-177627.98,-174748.05,-34949.61,1,4,28610.55
BRITANNIA26JUNFUT,0.1,0.001,2.0,0.3,1.0,2.0,0.6,-14.2821,0.8125,-177619.23,-174739.3,-34947.86,1,4,28612.01
BRITANNIA26JUNFUT,0.1,0.001,2.0,0.5,0.3,1.0,0.4,-15.2115,1.8025,-137311.09,-137097.39,-27419.48,1,4,20209.03
BRITANNIA26JUNFUT,0.1,0.001,2.0,0.5,0.3,1.0,0.5,-15.1559,1.865,-134517.29,-134303.59,-26860.72,1,4,19732.14
BRITANNIA26JUNFUT,0.1,0.001,2.0,0.5,0.3,1.0,0.6,-14.9691,1.9075,-132959.76,-132494.19,-26498.84,1,4,19200.79
BRITANNIA26JUNFUT,0.1,0.001,2.0,0.5,0.3,1.5,0.4,-14.3249,0.9525,-172788.62,-169908.69,-33981.74,1,4,27433.77
BRITANNIA26JUNFUT,0.1,0.001,2.0,0.5,0.3,1.5,0.5,-14.3244,0.9525,-172772.38,-169892.45,-33978.49,1,4,27433.07
BRITANNIA26JUNFUT,0.1,0.001,2.0,0.5,0.3,1.5,0.6,-14.333,0.92,-173001.65,-170121.72,-34024.34,1,4,27446.1
BRITANNIA26JUNFUT,0.1,0.001,2.0,0.5,0.3,2.0,0.4,-14.2821,0.8125,-177627.98,-174748.05,-34949.61,1,4,28610.55
BRITANNIA26JUNFUT,0.1,0.001,2.0,0.5,0.3,2.0,0.5,-14.2821,0.8125,-177627.98,-174748.05,-34949.61,1,4,28610.55
BRITANNIA26JUNFUT,0.1,0.001,2.0,0.5,0.3,2.0,0.6,-14.2821,0.8125,-177619.23,-174739.3,-34947.86,1,4,28612.01
BRITANNIA26JUNFUT,0.1,0.001,2.0,0.5,0.5,1.0,0.4,-15.2115,1.8025,-137309.84,-137096.14,-27419.23,1,4,20208.8
BRITANNIA26JUNFUT,0.1,0.001,2.0,0.5,0.5,1.0,0.5,-15.1559,1.865,-134516.05,-134302.34,-26860.47,1,4,19731.93
BRITANNIA26JUNFUT,0.1,0.001,2.0,0.5,0.5,1.0,0.6,-14.9691,1.9075,-132959.76,-132494.19,-26498.84,1,4,19200.79
BRITANNIA26JUNFUT,0.1,0.001,2.0,0.5,0.5,1.5,0.4,-14.3249,0.9525,-172788.62,-169908.69,-33981.74,1,4,27433.77
BRITANNIA26JUNFUT,0.1,0.001,2.0,0.5,0.5,1.5,0.5,-14.3244,0.9525,-172772.38,-169892.45,-33978.49,1,4,27433.07
BRITANNIA26JUNFUT,0.1,0.001,2.0,0.5,0.5,1.5,0.6,-14.333,0.92,-173001.65,-170121.72,-34024.34,1,4,27446.1
BRITANNIA26JUNFUT,0.1,0.001,2.0,0.5,0.5,2.0,0.4,-14.2821,0.8125,-177627.98,-174748.05,-34949.61,1,4,28610.55
BRITANNIA26JUNFUT,0.1,0.001,2.0,0.5,0.5,2.0,0.5,-14.2821,0.8125,-177627.98,-174748.05,-34949.61,1,4,28610.55
BRITANNIA26JUNFUT,0.1,0.001,2.0,0.5,0.5,2.0,0.6,-14.2821,0.8125,-177619.23,-174739.3,-34947.86,1,4,28612.01
BRITANNIA26JUNFUT,0.1,0.001,2.0,0.5,1.0,1.0,0.4,-15.2115,1.8025,-137309.84,-137096.14,-27419.23,1,4,20208.8
BRITANNIA26JUNFUT,0.1,0.001,2.0,0.5,1.0,1.0,0.5,-15.1559,1.865,-134516.05,-134302.34,-26860.47,1,4,19731.93
BRITANNIA26JUNFUT,0.1,0.001,2.0,0.5,1.0,1.0,0.6,-14.9691,1.9075,-132959.76,-132494.19,-26498.84,1,4,19200.79
BRITANNIA26JUNFUT,0.1,0.001,2.0,0.5,1.0,1.5,0.4,-14.3249,0.9525,-172788.62,-169908.69,-33981.74,1,4,27433.77
BRITANNIA26JUNFUT,0.1,0.001,2.0,0.5,1.0,1.5,0.5,-14.3244,0.9525,-172772.38,-169892.45,-33978.49,1,4,27433.07
BRITANNIA26JUNFUT,0.1,0.001,2.0,0.5,1.0,1.5,0.6,-14.333,0.92,-173001.65,-170121.72,-34024.34,1,4,27446.1
BRITANNIA26JUNFUT,0.1,0.001,2.0,0.5,1.0,2.0,0.4,-14.2821,0.8125,-177627.98,-174748.05,-34949.61,1,4,28610.55
BRITANNIA26JUNFUT,0.1,0.001,2.0,0.5,1.0,2.0,0.5,-14.2821,0.8125,-177627.98,-174748.05,-34949.61,1,4,28610.55
BRITANNIA26JUNFUT,0.1,0.001,2.0,0.5,1.0,2.0,0.6,-14.2821,0.8125,-177619.23,-174739.3,-34947.86,1,4,28612.01
COCHINSHIP26JUNFUT,0.1,0.001,2.0,0.2,0.3,1.0,0.4,-24.8419,3.4525,-14845.34,-108649.15,-21729.83,2,4,49964.7
COCHINSHIP26JUNFUT,0.1,0.001,2.0,0.2,0.3,1.0,0.5,-24.7925,3.435,-15828.14,-110835.31,-22167.06,2,4,50561.7
COCHINSHIP26JUNFUT,0.1,0.001,2.0,0.2,0.3,1.0,0.6,-23.52,3.42,-12632.01,-103953.18,-20790.64,2,4,47405.35
COCHINSHIP26JUNFUT,0.1,0.001,2.0,0.2,0.3,1.5,0.4,-36.1316,1.98,-162006.94,-207879.42,-41575.88,1,4,40427.81
COCHINSHIP26JUNFUT,0.1,0.001,2.0,0.2,0.3,1.5,0.5,-36.4628,2.025,-160639.16,-206395.3,-41279.06,1,4,40857.73
COCHINSHIP26JUNFUT,0.1,0.001,2.0,0.2,0.3,1.5,0.6,-35.2425,2.0325,-159214.22,-203784.03,-40756.81,1,4,41169.31
COCHINSHIP26JUNFUT,0.1,0.001,2.0,0.2,0.3,2.0,0.4,-16.8172,2.16,-167442.61,-231479.37,-46295.87,1,4,55817.88
COCHINSHIP26JUNFUT,0.1,0.001,2.0,0.2,0.3,2.0,0.5,-16.7686,2.16,-167442.61,-228250.88,-45650.18,1,4,55627.27
COCHINSHIP26JUNFUT,0.1,0.001,2.0,0.2,0.3,2.0,0.6,-16.9287,2.1475,-167280.16,-229176.49,-45835.3,1,4,54233.21
COCHINSHIP26JUNFUT,0.1,0.001,2.0,0.2,0.5,1.0,0.4,-24.9437,3.445,-15208.92,-108680.72,-21736.14,2,4,49775.37
COCHINSHIP26JUNFUT,0.1,0.001,2.0,0.2,0.5,1.0,0.5,-24.8924,3.4275,-16191.72,-110866.88,-22173.38,2,4,50372.15
COCHINSHIP26JUNFUT,0.1,0.001,2.0,0.2,0.5,1.0,0.6,-24.1095,3.3925,-13956.26,-105277.43,-21055.49,2,4,47539.91
COCHINSHIP26JUNFUT,0.1,0.001,2.0,0.2,0.5,1.5,0.4,-36.1269,1.98,-162014.94,-207883.43,-41576.69,1,4,40424.79
COCHINSHIP26JUNFUT,0.1,0.001,2.0,0.2,0.5,1.5,0.5,-36.4577,2.025,-160647.17,-206399.3,-41279.86,1,4,40854.65
COCHINSHIP26JUNFUT,0.1,0.001,2.0,0.2,0.5,1.5,0.6,-35.2396,2.0325,-159214.22,-203780.04,-40756.01,1,4,41168.15
COCHINSHIP26JUNFUT,0.1,0.001,2.0,0.2,0.5,2.0,0.4,-16.8401,2.135,-168164.76,-232201.52,-46440.3,1,4,55811.63
COCHINSHIP26JUNFUT,0.1,0.001,2.0,0.2,0.5,2.0,0.5,-16.7909,2.135,-168164.76,-228973.03,-45794.61,1,4,55622.68
COCHINSHIP26JUNFUT,0.1,0.001,2.0,0.2,0.5,2.0,0.6,-16.9287,2.1475,-167280.16,-229176.49,-45835.3,1,4,54233.21
COCHINSHIP26JUNFUT,0.1,0.001,2.0,0.2,1.0,1.0,0.4,-25.6065,3.4175,-16521.16,-109900.96,-21980.19,2,4,49883.76
COCHINSHIP26JUNFUT,0.1,0.001,2.0,0.2,1.0,1.0,0.5,-25.544,3.4,-17503.97,-112087.12,-22417.42,2,4,50476.76
COCHINSHIP26JUNFUT,0.1,0.001,2.0,0.2,1.0,1.0,0.6,-24.1087,3.3925,-13956.26,-105277.43,-21055.49,2,4,47538.66
COCHINSHIP26JUNFUT,0.1,0.001,2.0,0.2,1.0,1.5,0.4,-36.0626,1.98,-162014.95,-207831.07,-41566.21,1,4,40424.43
COCHINSHIP26JUNFUT,0.1,0.001,2.0,0.2,1.0,1.5,0.5,-36.4567,2.025,-160643.18,-206395.31,-41279.06,1,4,40854.69
COCHINSHIP26JUNFUT,0.1,0.001,2.0,0.2,1.0,1.5,0.6,-35.2349,2.0325,-159210.23,-203772.04,-40754.41,1,4,41168.58
COCHINSHIP26JUNFUT,0.1,0.001,2.0,0.2,1.0,2.0,0.4,-16.8401,2.135,-168164.76,-232197.52,-46439.5,1,4,55811.38
COCHINSHIP26JUNFUT,0.1,0.001,2.0,0.2,1.0,2.0,0.5,-16.7908,2.135,-168164.76,-228969.03,-45793.81,1,4,55622.46
COCHINSHIP26JUNFUT,0.1,0.001,2.0,0.2,1.0,2.0,0.6,-16.9273,2.1475,-167276.16,-229168.49,-45833.7,1,4,54233.47
COCHINSHIP26JUNFUT,0.1,0.001,2.0,0.3,0.3,1.0,0.4,-24.8419,3.4525,-14845.34,-108649.15,-21729.83,2,4,49964.7
COCHINSHIP26JUNFUT,0.1,0.001,2.0,0.3,0.3,1.0,0.5,-24.7925,3.435,-15828.14,-110835.31,-22167.06,2,4,50561.7
COCHINSHIP26JUNFUT,0.1,0.001,2.0,0.3,0.3,1.0,0.6,-23.52,3.42,-12632.01,-103953.18,-20790.64,2,4,47405.35
COCHINSHIP26JUNFUT,0.1,0.001,2.0,0.3,0.3,1.5,0.4,-36.1316,1.98,-162006.94,-207879.42,-41575.88,1,4,40427.81
COCHINSHIP26JUNFUT,0.1,0.001,2.0,0.3,0.3,1.5,0.5,-36.4628,2.025,-160639.16,-206395.3,-41279.06,1,4,40857.73
COCHINSHIP26JUNFUT,0.1,0.001,2.0,0.3,0.3,1.5,0.6,-35.2425,2.0325,-159214.22,-203784.03,-40756.81,1,4,41169.31
COCHINSHIP26JUNFUT,0.1,0.001,2.0,0.3,0.3,2.0,0.4,-16.8172,2.16,-167442.61,-231479.37,-46295.87,1,4,55817.88
COCHINSHIP26JUNFUT,0.1,0.001,2.0,0.3,0.3,2.0,0.5,-16.7686,2.16,-167442.61,-228250.88,-45650.18,1,4,55627.27
COCHINSHIP26JUNFUT,0.1,0.001,2.0,0.3,0.3,2.0,0.6,-16.9287,2.1475,-167280.16,-229176.49,-45835.3,1,4,54233.21
COCHINSHIP26JUNFUT,0.1,0.001,2.0,0.3,0.5,1.0,0.4,-24.9437,3.445,-15208.92,-108680.72,-21736.14,2,4,49775.37
COCHINSHIP26JUNFUT,0.1,0.001,2.0,0.3,0.5,1.0,0.5,-24.8924,3.4275,-16191.72,-110866.88,-22173.38,2,4,50372.15
COCHINSHIP26JUNFUT,0.1,0.001,2.0,0.3,0.5,1.0,0.6,-24.1095,3.3925,-13956.26,-105277.43,-21055.49,2,4,47539.91
COCHINSHIP26JUNFUT,0.1,0.001,2.0,0.3,0.5,1.5,0.4,-36.1269,1.98,-162014.94,-207883.43,-41576.69,1,4,40424.79
COCHINSHIP26JUNFUT,0.1,0.001,2.0,0.3,0.5,1.5,0.5,-36.4577,2.025,-160647.17,-206399.3,-41279.86,1,4,40854.65
COCHINSHIP26JUNFUT,0.1,0.001,2.0,0.3,0.5,1.5,0.6,-35.2396,2.0325,-159214.22,-203780.04,-40756.01,1,4,41168.15
COCHINSHIP26JUNFUT,0.1,0.001,2.0,0.3,0.5,2.0,0.4,-16.8401,2.135,-168164.76,-232201.52,-46440.3,1,4,55811.63
COCHINSHIP26JUNFUT,0.1,0.001,2.0,0.3,0.5,2.0,0.5,-16.7909,2.135,-168164.76,-228973.03,-45794.61,1,4,55622.68
COCHINSHIP26JUNFUT,0.1,0.001,2.0,0.3,0.5,2.0,0.6,-16.9287,2.1475,-167280.16,-229176.49,-45835.3,1,4,54233.21
COCHINSHIP26JUNFUT,0.1,0.001,2.0,0.3,1.0,1.0,0.4,-25.6065,3.4175,-16521.16,-109900.96,-21980.19,2,4,49883.76
COCHINSHIP26JUNFUT,0.1,0.001,2.0,0.3,1.0,1.0,0.5,-25.544,3.4,-17503.97,-112087.12,-22417.42,2,4,50476.76
COCHINSHIP26JUNFUT,0.1,0.001,2.0,0.3,1.0,1.0,0.6,-24.1087,3.3925,-13956.26,-105277.43,-21055.49,2,4,47538.66
COCHINSHIP26JUNFUT,0.1,0.001,2.0,0.3,1.0,1.5,0.4,-36.0626,1.98,-162014.95,-207831.07,-41566.21,1,4,40424.43
COCHINSHIP26JUNFUT,0.1,0.001,2.0,0.3,1.0,1.5,0.5,-36.4567,2.025,-160643.18,-206395.31,-41279.06,1,4,40854.69
COCHINSHIP26JUNFUT,0.1,0.001,2.0,0.3,1.0,1.5,0.6,-35.2349,2.0325,-159210.23,-203772.04,-40754.41,1,4,41168.58
COCHINSHIP26JUNFUT,0.1,0.001,2.0,0.3,1.0,2.0,0.4,-16.8401,2.135,-168164.76,-232197.52,-46439.5,1,4,55811.38
COCHINSHIP26JUNFUT,0.1,0.001,2.0,0.3,1.0,2.0,0.5,-16.7908,2.135,-168164.76,-228969.03,-45793.81,1,4,55622.46
COCHINSHIP26JUNFUT,0.1,0.001,2.0,0.3,1.0,2.0,0.6,-16.9273,2.1475,-167276.16,-229168.49,-45833.7,1,4,54233.47
COCHINSHIP26JUNFUT,0.1,0.001,2.0,0.5,0.3,1.0,0.4,-24.8419,3.4525,-14845.34,-108649.15,-21729.83,2,4,49964.7
COCHINSHIP26JUNFUT,0.1,0.001,2.0,0.5,0.3,1.0,0.5,-24.7925,3.435,-15828.14,-110835.31,-22167.06,2,4,50561.7
COCHINSHIP26JUNFUT,0.1,0.001,2.0,0.5,0.3,1.0,0.6,-23.52,3.42,-12632.01,-103953.18,-20790.64,2,4,47405.35
COCHINSHIP26JUNFUT,0.1,0.001,2.0,0.5,0.3,1.5,0.4,-36.1316,1.98,-162006.94,-207879.42,-41575.88,1,4,40427.81
COCHINSHIP26JUNFUT,0.1,0.001,2.0,0.5,0.3,1.5,0.5,-36.4628,2.025,-160639.16,-206395.3,-41279.06,1,4,40857.73
COCHINSHIP26JUNFUT,0.1,0.001,2.0,0.5,0.3,1.5,0.6,-35.2425,2.0325,-159214.22,-203784.03,-40756.81,1,4,41169.31
COCHINSHIP26JUNFUT,0.1,0.001,2.0,0.5,0.3,2.0,0.4,-16.8147,2.16,-167434.61,-231471.37,-46294.27,1,4,55818.86
COCHINSHIP26JUNFUT,0.1,0.001,2.0,0.5,0.3,2.0,0.5,-16.766,2.16,-167434.61,-228242.88,-45648.58,1,4,55628.23
COCHINSHIP26JUNFUT,0.1,0.001,2.0,0.5,0.3,2.0,0.6,-16.9287,2.1475,-167280.16,-229176.49,-45835.3,1,4,54233.21
COCHINSHIP26JUNFUT,0.1,0.001,2.0,0.5,0.5,1.0,0.4,-24.9437,3.445,-15208.92,-108680.72,-21736.14,2,4,49775.37
COCHINSHIP26JUNFUT,0.1,0.001,2.0,0.5,0.5,1.0,0.5,-24.8924,3.4275,-16191.72,-110866.88,-22173.38,2,4,50372.15
COCHINSHIP26JUNFUT,0.1,0.001,2.0,0.5,0.5,1.0,0.6,-24.1095,3.3925,-13956.26,-105277.43,-21055.49,2,4,47539.91
COCHINSHIP26JUNFUT,0.1,0.001,2.0,0.5,0.5,1.5,0.4,-36.1269,1.98,-162014.94,-207883.43,-41576.69,1,4,40424.79
COCHINSHIP26JUNFUT,0.1,0.001,2.0,0.5,0.5,1.5,0.5,-36.4577,2.025,-160647.17,-206399.3,-41279.86,1,4,40854.65
COCHINSHIP26JUNFUT,0.1,0.001,2.0,0.5,0.5,1.5,0.6,-35.2396,2.0325,-159214.22,-203780.04,-40756.01,1,4,41168.15
COCHINSHIP26JUNFUT,0.1,0.001,2.0,0.5,0.5,2.0,0.4,-16.8401,2.135,-168164.76,-232201.52,-46440.3,1,4,55811.63
COCHINSHIP26JUNFUT,0.1,0.001,2.0,0.5,0.5,2.0,0.5,-16.7909,2.135,-168164.76,-228973.03,-45794.61,1,4,55622.68
COCHINSHIP26JUNFUT,0.1,0.001,2.0,0.5,0.5,2.0,0.6,-16.9287,2.1475,-167280.16,-229176.49,-45835.3,1,4,54233.21
COCHINSHIP26JUNFUT,0.1,0.001,2.0,0.5,1.0,1.0,0.4,-25.6065,3.4175,-16521.16,-109900.96,-21980.19,2,4,49883.76
COCHINSHIP26JUNFUT,0.1,0.001,2.0,0.5,1.0,1.0,0.5,-25.544,3.4,-17503.97,-112087.12,-22417.42,2,4,50476.76
COCHINSHIP26JUNFUT,0.1,0.001,2.0,0.5,1.0,1.0,0.6,-24.1087,3.3925,-13956.26,-105277.43,-21055.49,2,4,47538.66
COCHINSHIP26JUNFUT,0.1,0.001,2.0,0.5,1.0,1.5,0.4,-36.0626,1.98,-162014.95,-207831.07,-41566.21,1,4,40424.43
COCHINSHIP26JUNFUT,0.1,0.001,2.0,0.5,1.0,1.5,0.5,-36.4567,2.025,-160643.18,-206395.31,-41279.06,1,4,40854.69
COCHINSHIP26JUNFUT,0.1,0.001,2.0,0.5,1.0,1.5,0.6,-35.2349,2.0325,-159210.23,-203772.04,-40754.41,1,4,41168.58
COCHINSHIP26JUNFUT,0.1,0.001,2.0,0.5,1.0,2.0,0.4,-16.8401,2.135,-168164.76,-232197.52,-46439.5,1,4,55811.38
COCHINSHIP26JUNFUT,0.1,0.001,2.0,0.5,1.0,2.0,0.5,-16.7908,2.135,-168164.76,-228969.03,-45793.81,1,4,55622.46
COCHINSHIP26JUNFUT,0.1,0.001,2.0,0.5,1.0,2.0,0.6,-16.9273,2.1475,-167276.16,-229168.49,-45833.7,1,4,54233.47
COALINDIA26JUNFUT,0.1,0.001,2.0,0.2,0.3,1.0,0.4,-14.3118,0.0,-1112.64,-1161.12,-232.22,0,4,267.98
COALINDIA26JUNFUT,0.1,0.001,2.0,0.2,0.3,1.0,0.5,-17.4602,0.0,-756.82,-805.3,-161.06,0,4,157.97
COALINDIA26JUNFUT,0.1,0.001,2.0,0.2,0.3,1.0,0.6,-17.4602,0.0,-756.82,-805.3,-161.06,0,4,157.98
COALINDIA26JUNFUT,0.1,0.001,2.0,0.2,0.3,1.5,0.4,-0.1607,-533.1175,-9034.71,-3439.26,-687.85,2,4,4631.0
COALINDIA26JUNFUT,0.1,0.001,2.0,0.2,0.3,1.5,0.5,-6.74,-531.795,-8707.35,-7627.87,-1525.57,2,4,3663.19
COALINDIA26JUNFUT,0.1,0.001,2.0,0.2,0.3,1.5,0.6,-6.735,-531.795,-8693.87,-7614.38,-1522.88,2,4,3663.7
COALINDIA26JUNFUT,0.1,0.001,2.0,0.2,0.3,2.0,0.4,8.2999,-3.7075,-7396.26,17943.87,3588.77,2,4,11325.17
COALINDIA26JUNFUT,0.1,0.001,2.0,0.2,0.3,2.0,0.5,9.1784,-3.6675,-4364.76,17259.92,3451.98,2,4,9631.57
COALINDIA26JUNFUT,0.1,0.001,2.0,0.2,0.3,2.0,0.6,9.2088,-3.6675,-4351.26,12230.9,2446.18,2,4,7757.81
COALINDIA26JUNFUT,0.1,0.001,2.0,0.2,0.5,1.0,0.4,-14.3119,0.0,-1112.65,-1161.12,-232.22,0,4,267.98
COALINDIA26JUNFUT,0.1,0.001,2.0,0.2,0.5,1.0,0.5,-17.4602,0.0,-756.83,-805.31,-161.06,0,4,157.98
COALINDIA26JUNFUT,0.1,0.001,2.0,0.2,0.5,1.0,0.6,-17.4601,0.0,-756.83,-805.31,-161.06,0,4,157.98
COALINDIA26JUNFUT,0.1,0.001,2.0,0.2,0.5,1.5,0.4,-0.1645,-533.1175,-9048.21,-3452.76,-690.55,2,4,4635.44
COALINDIA26JUNFUT,0.1,0.001,2.0,0.2,0.5,1.5,0.5,-6.74,-531.795,-8707.35,-7627.87,-1525.57,2,4,3663.19
COALINDIA26JUNFUT,0.1,0.001,2.0,0.2,0.5,1.5,0.6,-6.735,-531.795,-8693.87,-7614.38,-1522.88,2,4,3663.7
COALINDIA26JUNFUT,0.1,0.001,2.0,0.2,0.5,2.0,0.4,8.2393,-3.7075,-7614.07,17726.06,3545.21,2,4,11350.4
COALINDIA26JUNFUT,0.1,0.001,2.0,0.2,0.5,2.0,0.5,9.1636,-3.6675,-4364.76,20983.95,4196.79,2,4,11047.91
COALINDIA26JUNFUT,0.1,0.001,2.0,0.2,0.5,2.0,0.6,9.2088,-3.6675,-4351.26,12230.9,2446.18,2,4,7757.81
COALINDIA26JUNFUT,0.1,0.001,2.0,0.2,1.0,1.0,0.4,-14.3119,0.0,-1112.65,-1161.12,-232.22,0,4,267.98
COALINDIA26JUNFUT,0.1,0.001,2.0,0.2,1.0,1.0,0.5,-17.4602,0.0,-756.83,-805.31,-161.06,0,4,157.98
COALINDIA26JUNFUT,0.1,0.001,2.0,0.2,1.0,1.0,0.6,-17.4601,0.0,-756.83,-805.31,-161.06,0,4,157.98
COALINDIA26JUNFUT,0.1,0.001,2.0,0.2,1.0,1.5,0.4,-0.1645,-533.1175,-9048.21,-3452.76,-690.55,2,4,4635.44
COALINDIA26JUNFUT,0.1,0.001,2.0,0.2,1.0,1.5,0.5,-6.74,-531.795,-8707.35,-7627.87,-1525.57,2,4,3663.19
COALINDIA26JUNFUT,0.1,0.001,2.0,0.2,1.0,1.5,0.6,-6.735,-531.795,-8693.87,-7614.38,-1522.88,2,4,3663.7
COALINDIA26JUNFUT,0.1,0.001,2.0,0.2,1.0,2.0,0.4,8.2318,-3.7225,-7627.57,17712.55,3542.51,2,4,11351.35
COALINDIA26JUNFUT,0.1,0.001,2.0,0.2,1.0,2.0,0.5,9.1636,-3.6675,-4364.76,20983.95,4196.79,2,4,11047.91
COALINDIA26JUNFUT,0.1,0.001,2.0,0.2,1.0,2.0,0.6,9.2088,-3.6675,-4351.26,12230.9,2446.18,2,4,7757.81
COALINDIA26JUNFUT,0.1,0.001,2.0,0.3,0.3,1.0,0.4,-14.3118,0.0,-1112.64,-1161.12,-232.22,0,4,267.98
COALINDIA26JUNFUT,0.1,0.001,2.0,0.3,0.3,1.0,0.5,-17.4602,0.0,-756.82,-805.3,-161.06,0,4,157.97
COALINDIA26JUNFUT,0.1,0.001,2.0,0.3,0.3,1.0,0.6,-17.4602,0.0,-756.82,-805.3,-161.06,0,4,157.98
COALINDIA26JUNFUT,0.1,0.001,2.0,0.3,0.3,1.5,0.4,-0.1607,-533.1175,-9034.71,-3439.26,-687.85,2,4,4631.0
COALINDIA26JUNFUT,0.1,0.001,2.0,0.3,0.3,1.5,0.5,-6.74,-531.795,-8707.35,-7627.87,-1525.57,2,4,3663.19
COALINDIA26JUNFUT,0.1,0.001,2.0,0.3,0.3,1.5,0.6,-6.735,-531.795,-8693.87,-7614.38,-1522.88,2,4,3663.7
COALINDIA26JUNFUT,0.1,0.001,2.0,0.3,0.3,2.0,0.4,8.2999,-3.7075,-7396.26,17943.87,3588.77,2,4,11325.17
COALINDIA26JUNFUT,0.1,0.001,2.0,0.3,0.3,2.0,0.5,9.1784,-3.6675,-4364.76,17259.92,3451.98,2,4,9631.57
COALINDIA26JUNFUT,0.1,0.001,2.0,0.3,0.3,2.0,0.6,9.2088,-3.6675,-4351.26,12230.9,2446.18,2,4,7757.81
COALINDIA26JUNFUT,0.1,0.001,2.0,0.3,0.5,1.0,0.4,-14.3119,0.0,-1112.65,-1161.12,-232.22,0,4,267.98
COALINDIA26JUNFUT,0.1,0.001,2.0,0.3,0.5,1.0,0.5,-17.4602,0.0,-756.83,-805.31,-161.06,0,4,157.98
COALINDIA26JUNFUT,0.1,0.001,2.0,0.3,0.5,1.0,0.6,-17.4601,0.0,-756.83,-805.31,-161.06,0,4,157.98
COALINDIA26JUNFUT,0.1,0.001,2.0,0.3,0.5,1.5,0.4,-0.1645,-533.1175,-9048.21,-3452.76,-690.55,2,4,4635.44
COALINDIA26JUNFUT,0.1,0.001,2.0,0.3,0.5,1.5,0.5,-6.74,-531.795,-8707.35,-7627.87,-1525.57,2,4,3663.19
COALINDIA26JUNFUT,0.1,0.001,2.0,0.3,0.5,1.5,0.6,-6.735,-531.795,-8693.87,-7614.38,-1522.88,2,4,3663.7
COALINDIA26JUNFUT,0.1,0.001,2.0,0.3,0.5,2.0,0.4,8.2393,-3.7075,-7614.07,17726.06,3545.21,2,4,11350.4
COALINDIA26JUNFUT,0.1,0.001,2.0,0.3,0.5,2.0,0.5,9.1636,-3.6675,-4364.76,20983.95,4196.79,2,4,11047.91
COALINDIA26JUNFUT,0.1,0.001,2.0,0.3,0.5,2.0,0.6,9.2088,-3.6675,-4351.26,12230.9,2446.18,2,4,7757.81
COALINDIA26JUNFUT,0.1,0.001,2.0,0.3,1.0,1.0,0.4,-14.3119,0.0,-1112.65,-1161.12,-232.22,0,4,267.98
COALINDIA26JUNFUT,0.1,0.001,2.0,0.3,1.0,1.0,0.5,-17.4602,0.0,-756.83,-805.31,-161.06,0,4,157.98
COALINDIA26JUNFUT,0.1,0.001,2.0,0.3,1.0,1.0,0.6,-17.4601,0.0,-756.83,-805.31,-161.06,0,4,157.98
COALINDIA26JUNFUT,0.1,0.001,2.0,0.3,1.0,1.5,0.4,-0.1645,-533.1175,-9048.21,-3452.76,-690.55,2,4,4635.44
COALINDIA26JUNFUT,0.1,0.001,2.0,0.3,1.0,1.5,0.5,-6.74,-531.795,-8707.35,-7627.87,-1525.57,2,4,3663.19
COALINDIA26JUNFUT,0.1,0.001,2.0,0.3,1.0,1.5,0.6,-6.735,-531.795,-8693.87,-7614.38,-1522.88,2,4,3663.7
COALINDIA26JUNFUT,0.1,0.001,2.0,0.3,1.0,2.0,0.4,8.2318,-3.7225,-7627.57,17712.55,3542.51,2,4,11351.35
COALINDIA26JUNFUT,0.1,0.001,2.0,0.3,1.0,2.0,0.5,9.1636,-3.6675,-4364.76,20983.95,4196.79,2,4,11047.91
COALINDIA26JUNFUT,0.1,0.001,2.0,0.3,1.0,2.0,0.6,9.2088,-3.6675,-4351.26,12230.9,2446.18,2,4,7757.81
COALINDIA26JUNFUT,0.1,0.001,2.0,0.5,0.3,1.0,0.4,-14.3118,0.0,-1112.64,-1161.12,-232.22,0,4,267.98
COALINDIA26JUNFUT,0.1,0.001,2.0,0.5,0.3,1.0,0.5,-17.4602,0.0,-756.82,-805.3,-161.06,0,4,157.97
COALINDIA26JUNFUT,0.1,0.001,2.0,0.5,0.3,1.0,0.6,-17.4602,0.0,-756.82,-805.3,-161.06,0,4,157.98
COALINDIA26JUNFUT,0.1,0.001,2.0,0.5,0.3,1.5,0.4,-0.1607,-533.1175,-9034.71,-3439.26,-687.85,2,4,4631.0
COALINDIA26JUNFUT,0.1,0.001,2.0,0.5,0.3,1.5,0.5,-6.74,-531.795,-8707.35,-7627.87,-1525.57,2,4,3663.19
COALINDIA26JUNFUT,0.1,0.001,2.0,0.5,0.3,1.5,0.6,-6.735,-531.795,-8693.87,-7614.38,-1522.88,2,4,3663.7
COALINDIA26JUNFUT,0.1,0.001,2.0,0.5,0.3,2.0,0.4,8.2999,-3.7075,-7396.26,17943.87,3588.77,2,4,11325.17
COALINDIA26JUNFUT,0.1,0.001,2.0,0.5,0.3,2.0,0.5,9.1784,-3.6675,-4364.76,17259.92,3451.98,2,4,9631.57
COALINDIA26JUNFUT,0.1,0.001,2.0,0.5,0.3,2.0,0.6,9.2088,-3.6675,-4351.26,12230.9,2446.18,2,4,7757.81
COALINDIA26JUNFUT,0.1,0.001,2.0,0.5,0.5,1.0,0.4,-14.3119,0.0,-1112.65,-1161.12,-232.22,0,4,267.98
COALINDIA26JUNFUT,0.1,0.001,2.0,0.5,0.5,1.0,0.5,-17.4602,0.0,-756.83,-805.31,-161.06,0,4,157.98
COALINDIA26JUNFUT,0.1,0.001,2.0,0.5,0.5,1.0,0.6,-17.4601,0.0,-756.83,-805.31,-161.06,0,4,157.98
COALINDIA26JUNFUT,0.1,0.001,2.0,0.5,0.5,1.5,0.4,-0.1645,-533.1175,-9048.21,-3452.76,-690.55,2,4,4635.44
COALINDIA26JUNFUT,0.1,0.001,2.0,0.5,0.5,1.5,0.5,-6.74,-531.795,-8707.35,-7627.87,-1525.57,2,4,3663.19
COALINDIA26JUNFUT,0.1,0.001,2.0,0.5,0.5,1.5,0.6,-6.735,-531.795,-8693.87,-7614.38,-1522.88,2,4,3663.7
COALINDIA26JUNFUT,0.1,0.001,2.0,0.5,0.5,2.0,0.4,8.2393,-3.7075,-7614.07,17726.06,3545.21,2,4,11350.4
COALINDIA26JUNFUT,0.1,0.001,2.0,0.5,0.5,2.0,0.5,9.1636,-3.6675,-4364.76,20983.95,4196.79,2,4,11047.91
COALINDIA26JUNFUT,0.1,0.001,2.0,0.5,0.5,2.0,0.6,9.2088,-3.6675,-4351.26,12230.9,2446.18,2,4,7757.81
COALINDIA26JUNFUT,0.1,0.001,2.0,0.5,1.0,1.0,0.4,-14.3119,0.0,-1112.65,-1161.12,-232.22,0,4,267.98
COALINDIA26JUNFUT,0.1,0.001,2.0,0.5,1.0,1.0,0.5,-17.4602,0.0,-756.83,-805.31,-161.06,0,4,157.98
COALINDIA26JUNFUT,0.1,0.001,2.0,0.5,1.0,1.0,0.6,-17.4601,0.0,-756.83,-805.31,-161.06,0,4,157.98
COALINDIA26JUNFUT,0.1,0.001,2.0,0.5,1.0,1.5,0.4,-0.1645,-533.1175,-9048.21,-3452.76,-690.55,2,4,4635.44
COALINDIA26JUNFUT,0.1,0.001,2.0,0.5,1.0,1.5,0.5,-6.74,-531.795,-8707.35,-7627.87,-1525.57,2,4,3663.19
COALINDIA26JUNFUT,0.1,0.001,2.0,0.5,1.0,1.5,0.6,-6.735,-531.795,-8693.87,-7614.38,-1522.88,2,4,3663.7
COALINDIA26JUNFUT,0.1,0.001,2.0,0.5,1.0,2.0,0.4,8.2318,-3.7225,-7627.57,17712.55,3542.51,2,4,11351.35
COALINDIA26JUNFUT,0.1,0.001,2.0,0.5,1.0,2.0,0.5,9.1636,-3.6675,-4364.76,20983.95,4196.79,2,4,11047.91
COALINDIA26JUNFUT,0.1,0.001,2.0,0.5,1.0,2.0,0.6,9.2088,-3.6675,-4351.26,12230.9,2446.18,2,4,7757.81
CIPLA26JUNFUT,0.1,0.001,2.0,0.2,0.3,1.0,0.4,-10.2056,1.0,-59664.28,-53608.32,-10721.66,1,4,10340.27
CIPLA26JUNFUT,0.1,0.001,2.0,0.2,0.3,1.0,0.5,-9.6334,0.9525,-58128.07,-52072.11,-10414.42,1,4,10046.88
CIPLA26JUNFUT,0.1,0.001,2.0,0.2,0.3,1.0,0.6,-7.2358,0.7225,-64826.83,-57177.4,-11435.48,1,4,12167.14
CIPLA26JUNFUT,0.1,0.001,2.0,0.2,0.3,1.5,0.4,-8.3757,3.4075,-69361.71,-59105.52,-11821.1,3,4,24671.1
CIPLA26JUNFUT,0.1,0.001,2.0,0.2,0.3,1.5,0.5,-8.4031,3.4025,-69614.85,-59358.66,-11871.73,3,4,24813.98
CIPLA26JUNFUT,0.1,0.001,2.0,0.2,0.3,1.5,0.6,-9.1004,3.33,-68880.23,-60395.93,-12079.19,3,4,23954.63
CIPLA26JUNFUT,0.1,0.001,2.0,0.2,0.3,2.0,0.4,-70.0642,3.7425,-101480.18,-130055.47,-26011.09,1,4,22045.53
CIPLA26JUNFUT,0.1,0.001,2.0,0.2,0.3,2.0,0.5,-68.1029,3.74,-101665.0,-129853.52,-25970.7,1,4,22051.5
CIPLA26JUNFUT,0.1,0.001,2.0,0.2,0.3,2.0,0.6,-67.4329,3.8125,-94603.66,-122888.94,-24577.79,1,4,22496.58
CIPLA26JUNFUT,0.1,0.001,2.0,0.2,0.5,1.0,0.4,-10.2057,1.0,-59664.28,-53608.32,-10721.66,1,4,10341.33
CIPLA26JUNFUT,0.1,0.001,2.0,0.2,0.5,1.0,0.5,-9.6345,0.9525,-58136.57,-52080.61,-10416.12,1,4,10048.29
CIPLA26JUNFUT,0.1,0.001,2.0,0.2,0.5,1.0,0.6,-7.2358,0.7225,-64826.83,-57177.4,-11435.48,1,4,12167.14
CIPLA26JUNFUT,0.1,0.001,2.0,0.2,0.5,1.5,0.4,-8.431,3.38,-70308.17,-60051.97,-12010.39,3,4,24592.54
CIPLA26JUNFUT,0.1,0.001,2.0,0.2,0.5,1.5,0.5,-8.4583,3.375,-70569.8,-60313.61,-12062.72,3,4,24733.66
CIPLA26JUNFUT,0.1,0.001,2.0,0.2,0.5,1.5,0.6,-9.1006,3.345,-68993.55,-60509.25,-12101.85,3,4,23940.12
CIPLA26JUNFUT,0.1,0.001,2.0,0.2,0.5,2.0,0.4,-70.0809,3.74,-101118.92,-129698.46,-25939.69,1,4,22189.98
CIPLA26JUNFUT,0.1,0.001,2.0,0.2,0.5,2.0,0.5,-68.1257,3.7375,-101295.24,-129488.0,-25897.6,1,4,22194.94
CIPLA26JUNFUT,0.1,0.001,2.0,0.2,0.5,2.0,0.6,-67.4329,3.8125,-94603.66,-122888.94,-24577.79,1,4,22496.58
CIPLA26JUNFUT,0.1,0.001,2.0,0.2,1.0,1.0,0.4,-10.2056,1.0,-59655.79,-53599.83,-10719.97,1,4,10340.93
CIPLA26JUNFUT,0.1,0.001,2.0,0.2,1.0,1.0,0.5,-9.6344,0.9525,-58128.08,-52072.11,-10414.42,1,4,10047.82
CIPLA26JUNFUT,0.1,0.001,2.0,0.2,1.0,1.0,0.6,-7.2357,0.7225,-64822.59,-57173.15,-11434.63,1,4,12166.21
CIPLA26JUNFUT,0.1,0.001,2.0,0.2,1.0,1.5,0.4,-8.4295,3.38,-70303.92,-60043.48,-12008.7,3,4,24595.78
CIPLA26JUNFUT,0.1,0.001,2.0,0.2,1.0,1.5,0.5,-8.4573,3.375,-70574.06,-60313.62,-12062.72,3,4,24735.28
CIPLA26JUNFUT,0.1,0.001,2.0,0.2,1.0,1.5,0.6,-9.1006,3.345,-68993.55,-60509.25,-12101.85,3,4,23940.12
CIPLA26JUNFUT,0.1,0.001,2.0,0.2,1.0,2.0,0.4,-70.0938,3.74,-101114.67,-129694.21,-25938.84,1,4,22191.38
CIPLA26JUNFUT,0.1,0.001,2.0,0.2,1.0,2.0,0.5,-68.1376,3.7375,-101290.99,-129483.76,-25896.75,1,4,22196.34
CIPLA26JUNFUT,0.1,0.001,2.0,0.2,1.0,2.0,0.6,-67.4329,3.8125,-94599.42,-122884.69,-24576.94,1,4,22498.22
CIPLA26JUNFUT,0.1,0.001,2.0,0.3,0.3,1.0,0.4,-10.2056,1.0,-59664.28,-53608.32,-10721.66,1,4,10340.27
CIPLA26JUNFUT,0.1,0.001,2.0,0.3,0.3,1.0,0.5,-9.6334,0.9525,-58128.07,-52072.11,-10414.42,1,4,10046.88
CIPLA26JUNFUT,0.1,0.001,2.0,0.3,0.3,1.0,0.6,-7.2358,0.7225,-64826.83,-57177.4,-11435.48,1,4,12167.14
CIPLA26JUNFUT,0.1,0.001,2.0,0.3,0.3,1.5,0.4,-8.3757,3.4075,-69361.71,-59105.52,-11821.1,3,4,24671.1
CIPLA26JUNFUT,0.1,0.001,2.0,0.3,0.3,1.5,0.5,-8.4031,3.4025,-69614.85,-59358.66,-11871.73,3,4,24813.98
CIPLA26JUNFUT,0.1,0.001,2.0,0.3,0.3,1.5,0.6,-9.1004,3.33,-68880.23,-60395.93,-12079.19,3,4,23954.63
CIPLA26JUNFUT,0.1,0.001,2.0,0.3,0.3,2.0,0.4,-70.0642,3.7425,-101480.18,-130055.47,-26011.09,1,4,22045.53
CIPLA26JUNFUT,0.1,0.001,2.0,0.3,0.3,2.0,0.5,-68.1029,3.74,-101665.0,-129853.52,-25970.7,1,4,22051.5
CIPLA26JUNFUT,0.1,0.001,2.0,0.3,0.3,2.0,0.6,-67.4329,3.8125,-94603.66,-122888.94,-24577.79,1,4,22496.58
CIPLA26JUNFUT,0.1,0.001,2.0,0.3,0.5,1.0,0.4,-10.2057,1.0,-59664.28,-53608.32,-10721.66,1,4,10341.33
CIPLA26JUNFUT,0.1,0.001,2.0,0.3,0.5,1.0,0.5,-9.6345,0.9525,-58136.57,-52080.61,-10416.12,1,4,10048.29
CIPLA26JUNFUT,0.1,0.001,2.0,0.3,0.5,1.0,0.6,-7.2358,0.7225,-64826.83,-57177.4,-11435.48,1,4,12167.14
CIPLA26JUNFUT,0.1,0.001,2.0,0.3,0.5,1.5,0.4,-8.431,3.38,-70308.17,-60051.97,-12010.39,3,4,24592.54
CIPLA26JUNFUT,0.1,0.001,2.0,0.3,0.5,1.5,0.5,-8.4583,3.375,-70569.8,-60313.61,-12062.72,3,4,24733.66
CIPLA26JUNFUT,0.1,0.001,2.0,0.3,0.5,1.5,0.6,-9.1006,3.345,-68993.55,-60509.25,-12101.85,3,4,23940.12
CIPLA26JUNFUT,0.1,0.001,2.0,0.3,0.5,2.0,0.4,-70.0809,3.74,-101118.92,-129698.46,-25939.69,1,4,22189.98
CIPLA26JUNFUT,0.1,0.001,2.0,0.3,0.5,2.0,0.5,-68.1257,3.7375,-101295.24,-129488.0,-25897.6,1,4,22194.94
CIPLA26JUNFUT,0.1,0.001,2.0,0.3,0.5,2.0,0.6,-67.4329,3.8125,-94603.66,-122888.94,-24577.79,1,4,22496.58
CIPLA26JUNFUT,0.1,0.001,2.0,0.3,1.0,1.0,0.4,-10.2056,1.0,-59655.79,-53599.83,-10719.97,1,4,10340.93
CIPLA26JUNFUT,0.1,0.001,2.0,0.3,1.0,1.0,0.5,-9.6344,0.9525,-58128.08,-52072.11,-10414.42,1,4,10047.82
CIPLA26JUNFUT,0.1,0.001,2.0,0.3,1.0,1.0,0.6,-7.2357,0.7225,-64822.59,-57173.15,-11434.63,1,4,12166.21
CIPLA26JUNFUT,0.1,0.001,2.0,0.3,1.0,1.5,0.4,-8.4295,3.38,-70303.92,-60043.48,-12008.7,3,4,24595.78
CIPLA26JUNFUT,0.1,0.001,2.0,0.3,1.0,1.5,0.5,-8.4573,3.375,-70574.06,-60313.62,-12062.72,3,4,24735.28
CIPLA26JUNFUT,0.1,0.001,2.0,0.3,1.0,1.5,0.6,-9.1006,3.345,-68993.55,-60509.25,-12101.85,3,4,23940.12
CIPLA26JUNFUT,0.1,0.001,2.0,0.3,1.0,2.0,0.4,-70.0938,3.74,-101114.67,-129694.21,-25938.84,1,4,22191.38
CIPLA26JUNFUT,0.1,0.001,2.0,0.3,1.0,2.0,0.5,-68.1376,3.7375,-101290.99,-129483.76,-25896.75,1,4,22196.34
CIPLA26JUNFUT,0.1,0.001,2.0,0.3,1.0,2.0,0.6,-67.4329,3.8125,-94599.42,-122884.69,-24576.94,1,4,22498.22
CIPLA26JUNFUT,0.1,0.001,2.0,0.5,0.3,1.0,0.4,-10.2056,1.0,-59664.28,-53608.32,-10721.66,1,4,10340.27
CIPLA26JUNFUT,0.1,0.001,2.0,0.5,0.3,1.0,0.5,-9.6334,0.9525,-58128.07,-52072.11,-10414.42,1,4,10046.88
CIPLA26JUNFUT,0.1,0.001,2.0,0.5,0.3,1.0,0.6,-7.2358,0.7225,-64826.83,-57177.4,-11435.48,1,4,12167.14
CIPLA26JUNFUT,0.1,0.001,2.0,0.5,0.3,1.5,0.4,-8.3757,3.4075,-69361.71,-59105.52,-11821.1,3,4,24671.1
CIPLA26JUNFUT,0.1,0.001,2.0,0.5,0.3,1.5,0.5,-8.4031,3.4025,-69614.85,-59358.66,-11871.73,3,4,24813.98
CIPLA26JUNFUT,0.1,0.001,2.0,0.5,0.3,1.5,0.6,-9.1004,3.33,-68880.23,-60395.93,-12079.19,3,4,23954.63
CIPLA26JUNFUT,0.1,0.001,2.0,0.5,0.3,2.0,0.4,-70.0642,3.7425,-101480.18,-130055.47,-26011.09,1,4,22045.53
CIPLA26JUNFUT,0.1,0.001,2.0,0.5,0.3,2.0,0.5,-68.1029,3.74,-101665.0,-129853.52,-25970.7,1,4,22051.5
CIPLA26JUNFUT,0.1,0.001,2.0,0.5,0.3,2.0,0.6,-67.4329,3.8125,-94603.66,-122888.94,-24577.79,1,4,22496.58
CIPLA26JUNFUT,0.1,0.001,2.0,0.5,0.5,1.0,0.4,-10.2057,1.0,-59664.28,-53608.32,-10721.66,1,4,10341.33
CIPLA26JUNFUT,0.1,0.001,2.0,0.5,0.5,1.0,0.5,-9.6345,0.9525,-58136.57,-52080.61,-10416.12,1,4,10048.29
CIPLA26JUNFUT,0.1,0.001,2.0,0.5,0.5,1.0,0.6,-7.2358,0.7225,-64826.83,-57177.4,-11435.48,1,4,12167.14
CIPLA26JUNFUT,0.1,0.001,2.0,0.5,0.5,1.5,0.4,-8.431,3.38,-70308.17,-60051.97,-12010.39,3,4,24592.54
CIPLA26JUNFUT,0.1,0.001,2.0,0.5,0.5,1.5,0.5,-8.4583,3.375,-70569.8,-60313.61,-12062.72,3,4,24733.66
CIPLA26JUNFUT,0.1,0.001,2.0,0.5,0.5,1.5,0.6,-9.1006,3.345,-68993.55,-60509.25,-12101.85,3,4,23940.12
CIPLA26JUNFUT,0.1,0.001,2.0,0.5,0.5,2.0,0.4,-70.0809,3.74,-101118.92,-129698.46,-25939.69,1,4,22189.98
CIPLA26JUNFUT,0.1,0.001,2.0,0.5,0.5,2.0,0.5,-68.1257,3.7375,-101295.24,-129488.0,-25897.6,1,4,22194.94
CIPLA26JUNFUT,0.1,0.001,2.0,0.5,0.5,2.0,0.6,-67.4329,3.8125,-94603.66,-122888.94,-24577.79,1,4,22496.58
CIPLA26JUNFUT,0.1,0.001,2.0,0.5,1.0,1.0,0.4,-10.2056,1.0,-59655.79,-53599.83,-10719.97,1,4,10340.93
CIPLA26JUNFUT,0.1,0.001,2.0,0.5,1.0,1.0,0.5,-9.6344,0.9525,-58128.08,-52072.11,-10414.42,1,4,10047.82
CIPLA26JUNFUT,0.1,0.001,2.0,0.5,1.0,1.0,0.6,-7.2357,0.7225,-64822.59,-57173.15,-11434.63,1,4,12166.21
CIPLA26JUNFUT,0.1,0.001,2.0,0.5,1.0,1.5,0.4,-8.4295,3.38,-70303.92,-60043.48,-12008.7,3,4,24595.78
CIPLA26JUNFUT,0.1,0.001,2.0,0.5,1.0,1.5,0.5,-8.4573,3.375,-70574.06,-60313.62,-12062.72,3,4,24735.28
CIPLA26JUNFUT,0.1,0.001,2.0,0.5,1.0,1.5,0.6,-9.1006,3.345,-68993.55,-60509.25,-12101.85,3,4,23940.12
CIPLA26JUNFUT,0.1,0.001,2.0,0.5,1.0,2.0,0.4,-70.0938,3.74,-101114.67,-129694.21,-25938.84,1,4,22191.38
CIPLA26JUNFUT,0.1,0.001,2.0,0.5,1.0,2.0,0.5,-68.1376,3.7375,-101290.99,-129483.76,-25896.75,1,4,22196.34
CIPLA26JUNFUT,0.1,0.001,2.0,0.5,1.0,2.0,0.6,-67.4329,3.8125,-94599.42,-122884.69,-24576.94,1,4,22498.22
CROMPTON26JUNFUT,0.05,0.005,3.0,0.2,0.3,1.0,0.4,-9.0922,0.7975,-1912.44,-1912.44,-382.49,1,4,3001.09
CROMPTON26JUNFUT,0.05,0.005,3.0,0.2,0.3,1.0,0.5,-9.0922,0.7975,-1912.44,-1912.44,-382.49,1,4,3001.09
CROMPTON26JUNFUT,0.05,0.005,3.0,0.2,0.3,1.0,0.6,-9.0922,0.7975,-1912.44,-1912.44,-382.49,1,4,3001.09
CROMPTON26JUNFUT,0.05,0.005,3.0,0.2,0.3,1.5,0.4,-9.3294,10.155,19577.53,19329.41,3865.88,2,4,15195.58
CROMPTON26JUNFUT,0.05,0.005,3.0,0.2,0.3,1.5,0.5,-9.3294,10.155,19577.53,19329.41,3865.88,2,4,15195.58
CROMPTON26JUNFUT,0.05,0.005,3.0,0.2,0.3,1.5,0.6,-11.3339,10.18,16848.43,16600.3,3320.06,1,4,15325.27
CROMPTON26JUNFUT,0.05,0.005,3.0,0.2,0.3,2.0,0.4,-7.0154,7.425,-35233.77,-31541.68,-6308.34,3,4,42303.91
CROMPTON26JUNFUT,0.05,0.005,3.0,0.2,0.3,2.0,0.5,-7.0809,7.5175,-38012.78,-34320.69,-6864.14,3,4,42550.29
CROMPTON26JUNFUT,0.05,0.005,3.0,0.2,0.3,2.0,0.6,-7.083,7.1425,-38428.03,-34735.94,-6947.19,3,4,42610.54
CROMPTON26JUNFUT,0.05,0.005,3.0,0.2,0.5,1.0,0.4,-9.0922,0.7975,-1912.44,-1912.44,-382.49,1,4,3001.09
CROMPTON26JUNFUT,0.05,0.005,3.0,0.2,0.5,1.0,0.5,-9.0922,0.7975,-1912.44,-1912.44,-382.49,1,4,3001.09
CROMPTON26JUNFUT,0.05,0.005,3.0,0.2,0.5,1.0,0.6,-9.0922,0.7975,-1912.44,-1912.44,-382.49,1,4,3001.09
CROMPTON26JUNFUT,0.05,0.005,3.0,0.2,0.5,1.5,0.4,-9.3294,10.155,19577.53,19329.41,3865.88,2,4,15195.58
CROMPTON26JUNFUT,0.05,0.005,3.0,0.2,0.5,1.5,0.5,-9.3294,10.155,19577.53,19329.41,3865.88,2,4,15195.58
CROMPTON26JUNFUT,0.05,0.005,3.0,0.2,0.5,1.5,0.6,-11.3339,10.18,16848.43,16600.3,3320.06,1,4,15325.27
CROMPTON26JUNFUT,0.05,0.005,3.0,0.2,0.5,2.0,0.4,-7.0171,7.43,-35255.27,-31563.18,-6312.64,3,4,42300.79
CROMPTON26JUNFUT,0.05,0.005,3.0,0.2,0.5,2.0,0.5,-7.0809,7.5175,-38012.78,-34320.69,-6864.14,3,4,42550.29
CROMPTON26JUNFUT,0.05,0.005,3.0,0.2,0.5,2.0,0.6,-7.083,7.1425,-38428.03,-34735.94,-6947.19,3,4,42610.54
CROMPTON26JUNFUT,0.05,0.005,3.0,0.2,1.0,1.0,0.4,-9.0922,0.7975,-1912.44,-1912.44,-382.49,1,4,3001.09
CROMPTON26JUNFUT,0.05,0.005,3.0,0.2,1.0,1.0,0.5,-9.0922,0.7975,-1912.44,-1912.44,-382.49,1,4,3001.09
CROMPTON26JUNFUT,0.05,0.005,3.0,0.2,1.0,1.0,0.6,-9.0922,0.7975,-1912.44,-1912.44,-382.49,1,4,3001.09
CROMPTON26JUNFUT,0.05,0.005,3.0,0.2,1.0,1.5,0.4,-9.3294,10.155,19577.53,19329.41,3865.88,2,4,15195.58
CROMPTON26JUNFUT,0.05,0.005,3.0,0.2,1.0,1.5,0.5,-9.3294,10.155,19577.53,19329.41,3865.88,2,4,15195.58
CROMPTON26JUNFUT,0.05,0.005,3.0,0.2,1.0,1.5,0.6,-11.3339,10.18,16848.43,16600.3,3320.06,1,4,15325.27
CROMPTON26JUNFUT,0.05,0.005,3.0,0.2,1.0,2.0,0.4,-7.0171,7.43,-35255.27,-31563.18,-6312.64,3,4,42300.79
CROMPTON26JUNFUT,0.05,0.005,3.0,0.2,1.0,2.0,0.5,-7.0809,7.5175,-38012.78,-34320.69,-6864.14,3,4,42550.29
CROMPTON26JUNFUT,0.05,0.005,3.0,0.2,1.0,2.0,0.6,-7.083,7.1425,-38428.03,-34735.94,-6947.19,3,4,42610.54
CROMPTON26JUNFUT,0.05,0.005,3.0,0.3,0.3,1.0,0.4,-9.0922,0.7975,-1912.44,-1912.44,-382.49,1,4,3001.09
CROMPTON26JUNFUT,0.05,0.005,3.0,0.3,0.3,1.0,0.5,-9.0922,0.7975,-1912.44,-1912.44,-382.49,1,4,3001.09
CROMPTON26JUNFUT,0.05,0.005,3.0,0.3,0.3,1.0,0.6,-9.0922,0.7975,-1912.44,-1912.44,-382.49,1,4,3001.09
CROMPTON26JUNFUT,0.05,0.005,3.0,0.3,0.3,1.5,0.4,-9.3294,10.155,19577.53,19329.41,3865.88,2,4,15195.58
CROMPTON26JUNFUT,0.05,0.005,3.0,0.3,0.3,1.5,0.5,-9.3294,10.155,19577.53,19329.41,3865.88,2,4,15195.58
CROMPTON26JUNFUT,0.05,0.005,3.0,0.3,0.3,1.5,0.6,-11.3339,10.18,16848.43,16600.3,3320.06,1,4,15325.27
CROMPTON26JUNFUT,0.05,0.005,3.0,0.3,0.3,2.0,0.4,-7.0154,7.425,-35233.77,-31541.68,-6308.34,3,4,42303.91
CROMPTON26JUNFUT,0.05,0.005,3.0,0.3,0.3,2.0,0.5,-7.0809,7.5175,-38012.78,-34320.69,-6864.14,3,4,42550.29
CROMPTON26JUNFUT,0.05,0.005,3.0,0.3,0.3,2.0,0.6,-7.083,7.1425,-38428.03,-34735.94,-6947.19,3,4,42610.54
CROMPTON26JUNFUT,0.05,0.005,3.0,0.3,0.5,1.0,0.4,-9.0922,0.7975,-1912.44,-1912.44,-382.49,1,4,3001.09
CROMPTON26JUNFUT,0.05,0.005,3.0,0.3,0.5,1.0,0.5,-9.0922,0.7975,-1912.44,-1912.44,-382.49,1,4,3001.09
CROMPTON26JUNFUT,0.05,0.005,3.0,0.3,0.5,1.0,0.6,-9.0922,0.7975,-1912.44,-1912.44,-382.49,1,4,3001.09
CROMPTON26JUNFUT,0.05,0.005,3.0,0.3,0.5,1.5,0.4,-9.3294,10.155,19577.53,19329.41,3865.88,2,4,15195.58
CROMPTON26JUNFUT,0.05,0.005,3.0,0.3,0.5,1.5,0.5,-9.3294,10.155,19577.53,19329.41,3865.88,2,4,15195.58
CROMPTON26JUNFUT,0.05,0.005,3.0,0.3,0.5,1.5,0.6,-11.3339,10.18,16848.43,16600.3,3320.06,1,4,15325.27
CROMPTON26JUNFUT,0.05,0.005,3.0,0.3,0.5,2.0,0.4,-7.0171,7.43,-35255.27,-31563.18,-6312.64,3,4,42300.79
CROMPTON26JUNFUT,0.05,0.005,3.0,0.3,0.5,2.0,0.5,-7.0809,7.5175,-38012.78,-34320.69,-6864.14,3,4,42550.29
CROMPTON26JUNFUT,0.05,0.005,3.0,0.3,0.5,2.0,0.6,-7.083,7.1425,-38428.03,-34735.94,-6947.19,3,4,42610.54
CROMPTON26JUNFUT,0.05,0.005,3.0,0.3,1.0,1.0,0.4,-9.0922,0.7975,-1912.44,-1912.44,-382.49,1,4,3001.09
CROMPTON26JUNFUT,0.05,0.005,3.0,0.3,1.0,1.0,0.5,-9.0922,0.7975,-1912.44,-1912.44,-382.49,1,4,3001.09
CROMPTON26JUNFUT,0.05,0.005,3.0,0.3,1.0,1.0,0.6,-9.0922,0.7975,-1912.44,-1912.44,-382.49,1,4,3001.09
CROMPTON26JUNFUT,0.05,0.005,3.0,0.3,1.0,1.5,0.4,-9.3294,10.155,19577.53,19329.41,3865.88,2,4,15195.58
CROMPTON26JUNFUT,0.05,0.005,3.0,0.3,1.0,1.5,0.5,-9.3294,10.155,19577.53,19329.41,3865.88,2,4,15195.58
CROMPTON26JUNFUT,0.05,0.005,3.0,0.3,1.0,1.5,0.6,-11.3339,10.18,16848.43,16600.3,3320.06,1,4,15325.27
CROMPTON26JUNFUT,0.05,0.005,3.0,0.3,1.0,2.0,0.4,-7.0171,7.43,-35255.27,-31563.18,-6312.64,3,4,42300.79
CROMPTON26JUNFUT,0.05,0.005,3.0,0.3,1.0,2.0,0.5,-7.0809,7.5175,-38012.78,-34320.69,-6864.14,3,4,42550.29
CROMPTON26JUNFUT,0.05,0.005,3.0,0.3,1.0,2.0,0.6,-7.083,7.1425,-38428.03,-34735.94,-6947.19,3,4,42610.54
CROMPTON26JUNFUT,0.05,0.005,3.0,0.5,0.3,1.0,0.4,-9.0922,0.7975,-1912.44,-1912.44,-382.49,1,4,3001.09
CROMPTON26JUNFUT,0.05,0.005,3.0,0.5,0.3,1.0,0.5,-9.0922,0.7975,-1912.44,-1912.44,-382.49,1,4,3001.09
CROMPTON26JUNFUT,0.05,0.005,3.0,0.5,0.3,1.0,0.6,-9.0922,0.7975,-1912.44,-1912.44,-382.49,1,4,3001.09
CROMPTON26JUNFUT,0.05,0.005,3.0,0.5,0.3,1.5,0.4,-9.3294,10.155,19577.53,19329.41,3865.88,2,4,15195.58
CROMPTON26JUNFUT,0.05,0.005,3.0,0.5,0.3,1.5,0.5,-9.3294,10.155,19577.53,19329.41,3865.88,2,4,15195.58
CROMPTON26JUNFUT,0.05,0.005,3.0,0.5,0.3,1.5,0.6,-11.3339,10.18,16848.43,16600.3,3320.06,1,4,15325.27
CROMPTON26JUNFUT,0.05,0.005,3.0,0.5,0.3,2.0,0.4,-7.0154,7.425,-35233.77,-31541.68,-6308.34,3,4,42303.91
CROMPTON26JUNFUT,0.05,0.005,3.0,0.5,0.3,2.0,0.5,-7.0809,7.5175,-38012.78,-34320.69,-6864.14,3,4,42550.29
CROMPTON26JUNFUT,0.05,0.005,3.0,0.5,0.3,2.0,0.6,-7.083,7.1425,-38428.03,-34735.94,-6947.19,3,4,42610.54
CROMPTON26JUNFUT,0.05,0.005,3.0,0.5,0.5,1.0,0.4,-9.0922,0.7975,-1912.44,-1912.44,-382.49,1,4,3001.09
CROMPTON26JUNFUT,0.05,0.005,3.0,0.5,0.5,1.0,0.5,-9.0922,0.7975,-1912.44,-1912.44,-382.49,1,4,3001.09
CROMPTON26JUNFUT,0.05,0.005,3.0,0.5,0.5,1.0,0.6,-9.0922,0.7975,-1912.44,-1912.44,-382.49,1,4,3001.09
CROMPTON26JUNFUT,0.05,0.005,3.0,0.5,0.5,1.5,0.4,-9.3294,10.155,19577.53,19329.41,3865.88,2,4,15195.58
CROMPTON26JUNFUT,0.05,0.005,3.0,0.5,0.5,1.5,0.5,-9.3294,10.155,19577.53,19329.41,3865.88,2,4,15195.58
CROMPTON26JUNFUT,0.05,0.005,3.0,0.5,0.5,1.5,0.6,-11.3339,10.18,16848.43,16600.3,3320.06,1,4,15325.27
CROMPTON26JUNFUT,0.05,0.005,3.0,0.5,0.5,2.0,0.4,-7.0171,7.43,-35255.27,-31563.18,-6312.64,3,4,42300.79
CROMPTON26JUNFUT,0.05,0.005,3.0,0.5,0.5,2.0,0.5,-7.0809,7.5175,-38012.78,-34320.69,-6864.14,3,4,42550.29
CROMPTON26JUNFUT,0.05,0.005,3.0,0.5,0.5,2.0,0.6,-7.083,7.1425,-38428.03,-34735.94,-6947.19,3,4,42610.54
CROMPTON26JUNFUT,0.05,0.005,3.0,0.5,1.0,1.0,0.4,-9.0922,0.7975,-1912.44,-1912.44,-382.49,1,4,3001.09
CROMPTON26JUNFUT,0.05,0.005,3.0,0.5,1.0,1.0,0.5,-9.0922,0.7975,-1912.44,-1912.44,-382.49,1,4,3001.09
CROMPTON26JUNFUT,0.05,0.005,3.0,0.5,1.0,1.0,0.6,-9.0922,0.7975,-1912.44,-1912.44,-382.49,1,4,3001.09
CROMPTON26JUNFUT,0.05,0.005,3.0,0.5,1.0,1.5,0.4,-9.3294,10.155,19577.53,19329.41,3865.88,2,4,15195.58
CROMPTON26JUNFUT,0.05,0.005,3.0,0.5,1.0,1.5,0.5,-9.3294,10.155,19577.53,19329.41,3865.88,2,4,15195.58
CROMPTON26JUNFUT,0.05,0.005,3.0,0.5,1.0,1.5,0.6,-11.3339,10.18,16848.43,16600.3,3320.06,1,4,15325.27
CROMPTON26JUNFUT,0.05,0.005,3.0,0.5,1.0,2.0,0.4,-7.0171,7.43,-35255.27,-31563.18,-6312.64,3,4,42300.79
CROMPTON26JUNFUT,0.05,0.005,3.0,0.5,1.0,2.0,0.5,-7.0809,7.5175,-38012.78,-34320.69,-6864.14,3,4,42550.29
CROMPTON26JUNFUT,0.05,0.005,3.0,0.5,1.0,2.0,0.6,-7.083,7.1425,-38428.03,-34735.94,-6947.19,3,4,42610.54
EICHERMOT26JUNFUT,0.1,0.001,2.0,0.2,0.3,1.0,0.4,-12.727,2.8875,-200324.72,-206369.63,-41273.93,1,4,46663.47
EICHERMOT26JUNFUT,0.1,0.001,2.0,0.2,0.3,1.0,0.5,-12.7269,2.8875,-200322.72,-206367.63,-41273.53,1,4,46663.66
EICHERMOT26JUNFUT,0.1,0.001,2.0,0.2,0.3,1.0,0.6,-12.6828,2.85,-201959.24,-208001.15,-41600.23,1,4,47114.11
EICHERMOT26JUNFUT,0.1,0.001,2.0,0.2,0.3,1.5,0.4,-13.0977,2.9375,-197317.89,-206457.03,-41291.41,1,4,46873.28
EICHERMOT26JUNFUT,0.1,0.001,2.0,0.2,0.3,1.5,0.5,-13.0977,2.9375,-197317.89,-206457.03,-41291.41,1,4,46873.28
EICHERMOT26JUNFUT,0.1,0.001,2.0,0.2,0.3,1.5,0.6,-13.0977,2.9375,-197317.89,-206457.03,-41291.41,1,4,46873.28
EICHERMOT26JUNFUT,0.1,0.001,2.0,0.2,0.3,2.0,0.4,-13.0992,2.9375,-197358.87,-206498.01,-41299.6,1,4,46876.32
EICHERMOT26JUNFUT,0.1,0.001,2.0,0.2,0.3,2.0,0.5,-13.0992,2.9375,-197358.87,-206498.01,-41299.6,1,4,46876.32
EICHERMOT26JUNFUT,0.1,0.001,2.0,0.2,0.3,2.0,0.6,-13.0992,2.9375,-197358.87,-206498.01,-41299.6,1,4,46876.32
EICHERMOT26JUNFUT,0.1,0.001,2.0,0.2,0.5,1.0,0.4,-12.727,2.8875,-200325.72,-206370.63,-41274.13,1,4,46663.17
EICHERMOT26JUNFUT,0.1,0.001,2.0,0.2,0.5,1.0,0.5,-12.727,2.8875,-200323.72,-206368.63,-41273.73,1,4,46663.36
EICHERMOT26JUNFUT,0.1,0.001,2.0,0.2,0.5,1.0,0.6,-12.6827,2.85,-201960.24,-208002.15,-41600.43,1,4,47114.39
EICHERMOT26JUNFUT,0.1,0.001,2.0,0.2,0.5,1.5,0.4,-13.0977,2.9375,-197317.89,-206457.03,-41291.41,1,4,46873.28
EICHERMOT26JUNFUT,0.1,0.001,2.0,0.2,0.5,1.5,0.5,-13.0977,2.9375,-197317.89,-206457.03,-41291.41,1,4,46873.28
EICHERMOT26JUNFUT,0.1,0.001,2.0,0.2,0.5,1.5,0.6,-13.0977,2.9375,-197317.89,-206457.03,-41291.41,1,4,46873.28
EICHERMOT26JUNFUT,0.1,0.001,2.0,0.2,0.5,2.0,0.4,-13.0992,2.9375,-197358.87,-206498.01,-41299.6,1,4,46876.32
EICHERMOT26JUNFUT,0.1,0.001,2.0,0.2,0.5,2.0,0.5,-13.0992,2.9375,-197358.87,-206498.01,-41299.6,1,4,46876.32
EICHERMOT26JUNFUT,0.1,0.001,2.0,0.2,0.5,2.0,0.6,-13.0992,2.9375,-197358.87,-206498.01,-41299.6,1,4,46876.32
EICHERMOT26JUNFUT,0.1,0.001,2.0,0.2,1.0,1.0,0.4,-12.727,2.8875,-200326.72,-206371.63,-41274.33,1,4,46663.44
EICHERMOT26JUNFUT,0.1,0.001,2.0,0.2,1.0,1.0,0.5,-12.727,2.8875,-200324.72,-206369.63,-41273.93,1,4,46663.63
EICHERMOT26JUNFUT,0.1,0.001,2.0,0.2,1.0,1.0,0.6,-12.6827,2.85,-201960.24,-208002.15,-41600.43,1,4,47114.39
EICHERMOT26JUNFUT,0.1,0.001,2.0,0.2,1.0,1.5,0.4,-13.0977,2.9375,-197317.89,-206457.03,-41291.41,1,4,46873.28
EICHERMOT26JUNFUT,0.1,0.001,2.0,0.2,1.0,1.5,0.5,-13.0977,2.9375,-197317.89,-206457.03,-41291.41,1,4,46873.28
EICHERMOT26JUNFUT,0.1,0.001,2.0,0.2,1.0,1.5,0.6,-13.0977,2.9375,-197317.89,-206457.03,-41291.41,1,4,46873.28
EICHERMOT26JUNFUT,0.1,0.001,2.0,0.2,1.0,2.0,0.4,-13.0992,2.9375,-197358.87,-206498.01,-41299.6,1,4,46876.32
EICHERMOT26JUNFUT,0.1,0.001,2.0,0.2,1.0,2.0,0.5,-13.0992,2.9375,-197358.87,-206498.01,-41299.6,1,4,46876.32
EICHERMOT26JUNFUT,0.1,0.001,2.0,0.2,1.0,2.0,0.6,-13.0992,2.9375,-197358.87,-206498.01,-41299.6,1,4,46876.32
EICHERMOT26JUNFUT,0.1,0.001,2.0,0.3,0.3,1.0,0.4,-12.727,2.8875,-200324.72,-206369.63,-41273.93,1,4,46663.47
EICHERMOT26JUNFUT,0.1,0.001,2.0,0.3,0.3,1.0,0.5,-12.7269,2.8875,-200322.72,-206367.63,-41273.53,1,4,46663.66
EICHERMOT26JUNFUT,0.1,0.001,2.0,0.3,0.3,1.0,0.6,-12.6828,2.85,-201959.24,-208001.15,-41600.23,1,4,47114.11
EICHERMOT26JUNFUT,0.1,0.001,2.0,0.3,0.3,1.5,0.4,-13.0977,2.9375,-197317.89,-206457.03,-41291.41,1,4,46873.28
EICHERMOT26JUNFUT,0.1,0.001,2.0,0.3,0.3,1.5,0.5,-13.0977,2.9375,-197317.89,-206457.03,-41291.41,1,4,46873.28
EICHERMOT26JUNFUT,0.1,0.001,2.0,0.3,0.3,1.5,0.6,-13.0977,2.9375,-197317.89,-206457.03,-41291.41,1,4,46873.28
EICHERMOT26JUNFUT,0.1,0.001,2.0,0.3,0.3,2.0,0.4,-13.0992,2.9375,-197358.87,-206498.01,-41299.6,1,4,46876.32
EICHERMOT26JUNFUT,0.1,0.001,2.0,0.3,0.3,2.0,0.5,-13.0992,2.9375,-197358.87,-206498.01,-41299.6,1,4,46876.32
EICHERMOT26JUNFUT,0.1,0.001,2.0,0.3,0.3,2.0,0.6,-13.0992,2.9375,-197358.87,-206498.01,-41299.6,1,4,46876.32
EICHERMOT26JUNFUT,0.1,0.001,2.0,0.3,0.5,1.0,0.4,-12.727,2.8875,-200325.72,-206370.63,-41274.13,1,4,46663.17
EICHERMOT26JUNFUT,0.1,0.001,2.0,0.3,0.5,1.0,0.5,-12.727,2.8875,-200323.72,-206368.63,-41273.73,1,4,46663.36
EICHERMOT26JUNFUT,0.1,0.001,2.0,0.3,0.5,1.0,0.6,-12.6827,2.85,-201960.24,-208002.15,-41600.43,1,4,47114.39
EICHERMOT26JUNFUT,0.1,0.001,2.0,0.3,0.5,1.5,0.4,-13.0977,2.9375,-197317.89,-206457.03,-41291.41,1,4,46873.28
EICHERMOT26JUNFUT,0.1,0.001,2.0,0.3,0.5,1.5,0.5,-13.0977,2.9375,-197317.89,-206457.03,-41291.41,1,4,46873.28
EICHERMOT26JUNFUT,0.1,0.001,2.0,0.3,0.5,1.5,0.6,-13.0977,2.9375,-197317.89,-206457.03,-41291.41,1,4,46873.28
EICHERMOT26JUNFUT,0.1,0.001,2.0,0.3,0.5,2.0,0.4,-13.0992,2.9375,-197358.87,-206498.01,-41299.6,1,4,46876.32
EICHERMOT26JUNFUT,0.1,0.001,2.0,0.3,0.5,2.0,0.5,-13.0992,2.9375,-197358.87,-206498.01,-41299.6,1,4,46876.32
EICHERMOT26JUNFUT,0.1,0.001,2.0,0.3,0.5,2.0,0.6,-13.0992,2.9375,-197358.87,-206498.01,-41299.6,1,4,46876.32
EICHERMOT26JUNFUT,0.1,0.001,2.0,0.3,1.0,1.0,0.4,-12.727,2.8875,-200326.72,-206371.63,-41274.33,1,4,46663.44
EICHERMOT26JUNFUT,0.1,0.001,2.0,0.3,1.0,1.0,0.5,-12.727,2.8875,-200324.72,-206369.63,-41273.93,1,4,46663.63
EICHERMOT26JUNFUT,0.1,0.001,2.0,0.3,1.0,1.0,0.6,-12.6827,2.85,-201960.24,-208002.15,-41600.43,1,4,47114.39
EICHERMOT26JUNFUT,0.1,0.001,2.0,0.3,1.0,1.5,0.4,-13.0977,2.9375,-197317.89,-206457.03,-41291.41,1,4,46873.28
EICHERMOT26JUNFUT,0.1,0.001,2.0,0.3,1.0,1.5,0.5,-13.0977,2.9375,-197317.89,-206457.03,-41291.41,1,4,46873.28
EICHERMOT26JUNFUT,0.1,0.001,2.0,0.3,1.0,1.5,0.6,-13.0977,2.9375,-197317.89,-206457.03,-41291.41,1,4,46873.28
EICHERMOT26JUNFUT,0.1,0.001,2.0,0.3,1.0,2.0,0.4,-13.0992,2.9375,-197358.87,-206498.01,-41299.6,1,4,46876.32
EICHERMOT26JUNFUT,0.1,0.001,2.0,0.3,1.0,2.0,0.5,-13.0992,2.9375,-197358.87,-206498.01,-41299.6,1,4,46876.32
EICHERMOT26JUNFUT,0.1,0.001,2.0,0.3,1.0,2.0,0.6,-13.0992,2.9375,-197358.87,-206498.01,-41299.6,1,4,46876.32
EICHERMOT26JUNFUT,0.1,0.001,2.0,0.5,0.3,1.0,0.4,-12.727,2.8875,-200324.72,-206369.63,-41273.93,1,4,46663.47
EICHERMOT26JUNFUT,0.1,0.001,2.0,0.5,0.3,1.0,0.5,-12.7269,2.8875,-200322.72,-206367.63,-41273.53,1,4,46663.66
EICHERMOT26JUNFUT,0.1,0.001,2.0,0.5,0.3,1.0,0.6,-12.6828,2.85,-201959.24,-208001.15,-41600.23,1,4,47114.11
EICHERMOT26JUNFUT,0.1,0.001,2.0,0.5,0.3,1.5,0.4,-13.0977,2.9375,-197317.89,-206457.03,-41291.41,1,4,46873.28
EICHERMOT26JUNFUT,0.1,0.001,2.0,0.5,0.3,1.5,0.5,-13.0977,2.9375,-197317.89,-206457.03,-41291.41,1,4,46873.28
EICHERMOT26JUNFUT,0.1,0.001,2.0,0.5,0.3,1.5,0.6,-13.0977,2.9375,-197317.89,-206457.03,-41291.41,1,4,46873.28
EICHERMOT26JUNFUT,0.1,0.001,2.0,0.5,0.3,2.0,0.4,-13.0992,2.9375,-197358.87,-206498.01,-41299.6,1,4,46876.32
EICHERMOT26JUNFUT,0.1,0.001,2.0,0.5,0.3,2.0,0.5,-13.0992,2.9375,-197358.87,-206498.01,-41299.6,1,4,46876.32
EICHERMOT26JUNFUT,0.1,0.001,2.0,0.5,0.3,2.0,0.6,-13.0992,2.9375,-197358.87,-206498.01,-41299.6,1,4,46876.32
EICHERMOT26JUNFUT,0.1,0.001,2.0,0.5,0.5,1.0,0.4,-12.727,2.8875,-200325.72,-206370.63,-41274.13,1,4,46663.17
EICHERMOT26JUNFUT,0.1,0.001,2.0,0.5,0.5,1.0,0.5,-12.727,2.8875,-200323.72,-206368.63,-41273.73,1,4,46663.36
EICHERMOT26JUNFUT,0.1,0.001,2.0,0.5,0.5,1.0,0.6,-12.6827,2.85,-201960.24,-208002.15,-41600.43,1,4,47114.39
EICHERMOT26JUNFUT,0.1,0.001,2.0,0.5,0.5,1.5,0.4,-13.0977,2.9375,-197317.89,-206457.03,-41291.41,1,4,46873.28
EICHERMOT26JUNFUT,0.1,0.001,2.0,0.5,0.5,1.5,0.5,-13.0977,2.9375,-197317.89,-206457.03,-41291.41,1,4,46873.28
EICHERMOT26JUNFUT,0.1,0.001,2.0,0.5,0.5,1.5,0.6,-13.0977,2.9375,-197317.89,-206457.03,-41291.41,1,4,46873.28
EICHERMOT26JUNFUT,0.1,0.001,2.0,0.5,0.5,2.0,0.4,-13.0992,2.9375,-197358.87,-206498.01,-41299.6,1,4,46876.32
EICHERMOT26JUNFUT,0.1,0.001,2.0,0.5,0.5,2.0,0.5,-13.0992,2.9375,-197358.87,-206498.01,-41299.6,1,4,46876.32
EICHERMOT26JUNFUT,0.1,0.001,2.0,0.5,0.5,2.0,0.6,-13.0992,2.9375,-197358.87,-206498.01,-41299.6,1,4,46876.32
EICHERMOT26JUNFUT,0.1,0.001,2.0,0.5,1.0,1.0,0.4,-12.727,2.8875,-200326.72,-206371.63,-41274.33,1,4,46663.44
EICHERMOT26JUNFUT,0.1,0.001,2.0,0.5,1.0,1.0,0.5,-12.727,2.8875,-200324.72,-206369.63,-41273.93,1,4,46663.63
EICHERMOT26JUNFUT,0.1,0.001,2.0,0.5,1.0,1.0,0.6,-12.6827,2.85,-201960.24,-208002.15,-41600.43,1,4,47114.39
EICHERMOT26JUNFUT,0.1,0.001,2.0,0.5,1.0,1.5,0.4,-13.0977,2.9375,-197317.89,-206457.03,-41291.41,1,4,46873.28
EICHERMOT26JUNFUT,0.1,0.001,2.0,0.5,1.0,1.5,0.5,-13.0977,2.9375,-197317.89,-206457.03,-41291.41,1,4,46873.28
EICHERMOT26JUNFUT,0.1,0.001,2.0,0.5,1.0,1.5,0.6,-13.0977,2.9375,-197317.89,-206457.03,-41291.41,1,4,46873.28
EICHERMOT26JUNFUT,0.1,0.001,2.0,0.5,1.0,2.0,0.4,-13.0992,2.9375,-197358.87,-206498.01,-41299.6,1,4,46876.32
EICHERMOT26JUNFUT,0.1,0.001,2.0,0.5,1.0,2.0,0.5,-13.0992,2.9375,-197358.87,-206498.01,-41299.6,1,4,46876.32
EICHERMOT26JUNFUT,0.1,0.001,2.0,0.5,1.0,2.0,0.6,-13.0992,2.9375,-197358.87,-206498.01,-41299.6,1,4,46876.32
DLF26JUNFUT,0.05,0.005,2.0,0.2,0.3,1.0,0.4,-4.2403,2.165,-2737.68,-4759.37,-951.87,3,4,23935.79
DLF26JUNFUT,0.05,0.005,2.0,0.2,0.3,1.0,0.5,-2.3441,2.255,-504.48,-2526.17,-505.23,3,4,24002.9
DLF26JUNFUT,0.05,0.005,2.0,0.2,0.3,1.0,0.6,-3.8982,3.85,5368.84,3413.61,682.72,3,4,25390.87
DLF26JUNFUT,0.05,0.005,2.0,0.2,0.3,1.5,0.4,-55.0582,3.03,34336.45,7779.3,1555.86,2,4,44980.16
DLF26JUNFUT,0.05,0.005,2.0,0.2,0.3,1.5,0.5,-55.7829,3.025,34527.71,7970.56,1594.11,2,4,44950.12
DLF26JUNFUT,0.05,0.005,2.0,0.2,0.3,1.5,0.6,-78.9085,3.295,41670.04,15141.38,3028.28,2,4,45222.09
DLF26JUNFUT,0.05,0.005,2.0,0.2,0.3,2.0,0.4,-12.1768,3.2725,38866.69,19634.03,3926.81,2,4,54578.58
DLF26JUNFUT,0.05,0.005,2.0,0.2,0.3,2.0,0.5,-12.2629,3.27,40000.85,20768.18,4153.64,2,4,54379.64
DLF26JUNFUT,0.05,0.005,2.0,0.2,0.3,2.0,0.6,-12.0633,3.1425,35574.59,16360.92,3272.18,2,4,53518.35
DLF26JUNFUT,0.05,0.005,2.0,0.2,0.5,1.0,0.4,-4.2403,2.165,-2737.68,-4759.37,-951.87,3,4,23935.79
DLF26JUNFUT,0.05,0.005,2.0,0.2,0.5,1.0,0.5,-2.3441,2.255,-504.48,-2526.17,-505.23,3,4,24002.9
DLF26JUNFUT,0.05,0.005,2.0,0.2,0.5,1.0,0.6,-3.8982,3.85,5368.84,3413.61,682.72,3,4,25390.87
DLF26JUNFUT,0.05,0.005,2.0,0.2,0.5,1.5,0.4,-55.0582,3.03,34336.44,7779.29,1555.86,2,4,44980.16
DLF26JUNFUT,0.05,0.005,2.0,0.2,0.5,1.5,0.5,-55.8198,3.0275,34537.2,7980.05,1596.01,2,4,44948.63
DLF26JUNFUT,0.05,0.005,2.0,0.2,0.5,1.5,0.6,-78.9085,3.295,41670.04,15141.38,3028.28,2,4,45222.09
DLF26JUNFUT,0.05,0.005,2.0,0.2,0.5,2.0,0.4,-12.1277,3.3125,40536.59,21303.93,4260.79,2,4,55291.25
DLF26JUNFUT,0.05,0.005,2.0,0.2,0.5,2.0,0.5,-12.2163,3.2975,41466.65,22233.99,4446.8,2,4,55023.21
DLF26JUNFUT,0.05,0.005,2.0,0.2,0.5,2.0,0.6,-12.0645,3.1425,35565.09,16351.42,3270.28,2,4,53518.77
DLF26JUNFUT,0.05,0.005,2.0,0.2,1.0,1.0,0.4,-4.2403,2.165,-2737.68,-4759.37,-951.87,3,4,23935.79
DLF26JUNFUT,0.05,0.005,2.0,0.2,1.0,1.0,0.5,-2.3441,2.255,-504.48,-2526.17,-505.23,3,4,24002.9
DLF26JUNFUT,0.05,0.005,2.0,0.2,1.0,1.0,0.6,-3.8982,3.85,5368.84,3413.61,682.72,3,4,25390.87
DLF26JUNFUT,0.05,0.005,2.0,0.2,1.0,1.5,0.4,-55.0231,3.03,34326.94,7769.79,1553.96,2,4,44981.66
DLF26JUNFUT,0.05,0.005,2.0,0.2,1.0,1.5,0.5,-55.8198,3.0275,34537.2,7980.05,1596.01,2,4,44948.63
DLF26JUNFUT,0.05,0.005,2.0,0.2,1.0,1.5,0.6,-78.9085,3.295,41670.04,15141.38,3028.28,2,4,45222.09
DLF26JUNFUT,0.05,0.005,2.0,0.2,1.0,2.0,0.4,-11.586,3.3425,41677.04,22444.38,4488.88,2,4,55677.75
DLF26JUNFUT,0.05,0.005,2.0,0.2,1.0,2.0,0.5,-11.8194,3.3525,44593.48,25360.82,5072.16,2,4,54878.85
DLF26JUNFUT,0.05,0.005,2.0,0.2,1.0,2.0,0.6,-12.0645,3.1425,35565.09,16351.42,3270.28,2,4,53518.77
DLF26JUNFUT,0.05,0.005,2.0,0.3,0.3,1.0,0.4,-4.2403,2.165,-2737.68,-4759.37,-951.87,3,4,23935.79
DLF26JUNFUT,0.05,0.005,2.0,0.3,0.3,1.0,0.5,-2.3441,2.255,-504.48,-2526.17,-505.23,3,4,24002.9
DLF26JUNFUT,0.05,0.005,2.0,0.3,0.3,1.0,0.6,-3.8982,3.85,5368.84,3413.61,682.72,3,4,25390.87
DLF26JUNFUT,0.05,0.005,2.0,0.3,0.3,1.5,0.4,-55.0582,3.03,34336.45,7779.3,1555.86,2,4,44980.16
DLF26JUNFUT,0.05,0.005,2.0,0.3,0.3,1.5,0.5,-55.7829,3.025,34527.71,7970.56,1594.11,2,4,44950.12
DLF26JUNFUT,0.05,0.005,2.0,0.3,0.3,1.5,0.6,-78.9085,3.295,41670.04,15141.38,3028.28,2,4,45222.09
DLF26JUNFUT,0.05,0.005,2.0,0.3,0.3,2.0,0.4,-12.1768,3.2725,38866.69,19634.03,3926.81,2,4,54578.58
DLF26JUNFUT,0.05,0.005,2.0,0.3,0.3,2.0,0.5,-12.2629,3.27,40000.85,20768.18,4153.64,2,4,54379.64
DLF26JUNFUT,0.05,0.005,2.0,0.3,0.3,2.0,0.6,-12.0633,3.1425,35574.59,16360.92,3272.18,2,4,53518.35
DLF26JUNFUT,0.05,0.005,2.0,0.3,0.5,1.0,0.4,-4.2403,2.165,-2737.68,-4759.37,-951.87,3,4,23935.79
DLF26JUNFUT,0.05,0.005,2.0,0.3,0.5,1.0,0.5,-2.3441,2.255,-504.48,-2526.17,-505.23,3,4,24002.9
DLF26JUNFUT,0.05,0.005,2.0,0.3,0.5,1.0,0.6,-3.8982,3.85,5368.84,3413.61,682.72,3,4,25390.87
DLF26JUNFUT,0.05,0.005,2.0,0.3,0.5,1.5,0.4,-55.0582,3.03,34336.44,7779.29,1555.86,2,4,44980.16
DLF26JUNFUT,0.05,0.005,2.0,0.3,0.5,1.5,0.5,-55.8198,3.0275,34537.2,7980.05,1596.01,2,4,44948.63
DLF26JUNFUT,0.05,0.005,2.0,0.3,0.5,1.5,0.6,-78.9085,3.295,41670.04,15141.38,3028.28,2,4,45222.09
DLF26JUNFUT,0.05,0.005,2.0,0.3,0.5,2.0,0.4,-12.1277,3.3125,40536.59,21303.93,4260.79,2,4,55291.25
DLF26JUNFUT,0.05,0.005,2.0,0.3,0.5,2.0,0.5,-12.2163,3.2975,41466.65,22233.99,4446.8,2,4,55023.21
DLF26JUNFUT,0.05,0.005,2.0,0.3,0.5,2.0,0.6,-12.0645,3.1425,35565.09,16351.42,3270.28,2,4,53518.77
DLF26JUNFUT,0.05,0.005,2.0,0.3,1.0,1.0,0.4,-4.2403,2.165,-2737.68,-4759.37,-951.87,3,4,23935.79
DLF26JUNFUT,0.05,0.005,2.0,0.3,1.0,1.0,0.5,-2.3441,2.255,-504.48,-2526.17,-505.23,3,4,24002.9
DLF26JUNFUT,0.05,0.005,2.0,0.3,1.0,1.0,0.6,-3.8982,3.85,5368.84,3413.61,682.72,3,4,25390.87
DLF26JUNFUT,0.05,0.005,2.0,0.3,1.0,1.5,0.4,-55.0231,3.03,34326.94,7769.79,1553.96,2,4,44981.66
DLF26JUNFUT,0.05,0.005,2.0,0.3,1.0,1.5,0.5,-55.8198,3.0275,34537.2,7980.05,1596.01,2,4,44948.63
DLF26JUNFUT,0.05,0.005,2.0,0.3,1.0,1.5,0.6,-78.9085,3.295,41670.04,15141.38,3028.28,2,4,45222.09
DLF26JUNFUT,0.05,0.005,2.0,0.3,1.0,2.0,0.4,-11.586,3.3425,41677.04,22444.38,4488.88,2,4,55677.75
DLF26JUNFUT,0.05,0.005,2.0,0.3,1.0,2.0,0.5,-11.8194,3.3525,44593.48,25360.82,5072.16,2,4,54878.85
DLF26JUNFUT,0.05,0.005,2.0,0.3,1.0,2.0,0.6,-12.0645,3.1425,35565.09,16351.42,3270.28,2,4,53518.77
DLF26JUNFUT,0.05,0.005,2.0,0.5,0.3,1.0,0.4,-4.2403,2.165,-2737.68,-4759.37,-951.87,3,4,23935.79
DLF26JUNFUT,0.05,0.005,2.0,0.5,0.3,1.0,0.5,-2.3441,2.255,-504.48,-2526.17,-505.23,3,4,24002.9
DLF26JUNFUT,0.05,0.005,2.0,0.5,0.3,1.0,0.6,-3.8982,3.85,5368.84,3413.61,682.72,3,4,25390.87
DLF26JUNFUT,0.05,0.005,2.0,0.5,0.3,1.5,0.4,-55.0582,3.03,34336.45,7779.3,1555.86,2,4,44980.16
DLF26JUNFUT,0.05,0.005,2.0,0.5,0.3,1.5,0.5,-55.7829,3.025,34527.71,7970.56,1594.11,2,4,44950.12
DLF26JUNFUT,0.05,0.005,2.0,0.5,0.3,1.5,0.6,-78.9085,3.295,41670.04,15141.38,3028.28,2,4,45222.09
DLF26JUNFUT,0.05,0.005,2.0,0.5,0.3,2.0,0.4,-12.1768,3.2725,38866.69,19634.03,3926.81,2,4,54578.58
DLF26JUNFUT,0.05,0.005,2.0,0.5,0.3,2.0,0.5,-12.2629,3.27,40000.85,20768.18,4153.64,2,4,54379.64
DLF26JUNFUT,0.05,0.005,2.0,0.5,0.3,2.0,0.6,-12.0633,3.1425,35574.59,16360.92,3272.18,2,4,53518.35
DLF26JUNFUT,0.05,0.005,2.0,0.5,0.5,1.0,0.4,-4.2403,2.165,-2737.68,-4759.37,-951.87,3,4,23935.79
DLF26JUNFUT,0.05,0.005,2.0,0.5,0.5,1.0,0.5,-2.3441,2.255,-504.48,-2526.17,-505.23,3,4,24002.9
DLF26JUNFUT,0.05,0.005,2.0,0.5,0.5,1.0,0.6,-3.8982,3.85,5368.84,3413.61,682.72,3,4,25390.87
DLF26JUNFUT,0.05,0.005,2.0,0.5,0.5,1.5,0.4,-55.0582,3.03,34336.44,7779.29,1555.86,2,4,44980.16
DLF26JUNFUT,0.05,0.005,2.0,0.5,0.5,1.5,0.5,-55.8198,3.0275,34537.2,7980.05,1596.01,2,4,44948.63
DLF26JUNFUT,0.05,0.005,2.0,0.5,0.5,1.5,0.6,-78.9085,3.295,41670.04,15141.38,3028.28,2,4,45222.09
DLF26JUNFUT,0.05,0.005,2.0,0.5,0.5,2.0,0.4,-12.1277,3.3125,40536.59,21303.93,4260.79,2,4,55291.25
DLF26JUNFUT,0.05,0.005,2.0,0.5,0.5,2.0,0.5,-12.2163,3.2975,41466.65,22233.99,4446.8,2,4,55023.21
DLF26JUNFUT,0.05,0.005,2.0,0.5,0.5,2.0,0.6,-12.0645,3.1425,35565.09,16351.42,3270.28,2,4,53518.77
DLF26JUNFUT,0.05,0.005,2.0,0.5,1.0,1.0,0.4,-4.2403,2.165,-2737.68,-4759.37,-951.87,3,4,23935.79
DLF26JUNFUT,0.05,0.005,2.0,0.5,1.0,1.0,0.5,-2.3441,2.255,-504.48,-2526.17,-505.23,3,4,24002.9
DLF26JUNFUT,0.05,0.005,2.0,0.5,1.0,1.0,0.6,-3.8982,3.85,5368.84,3413.61,682.72,3,4,25390.87
DLF26JUNFUT,0.05,0.005,2.0,0.5,1.0,1.5,0.4,-55.0231,3.03,34326.94,7769.79,1553.96,2,4,44981.66
DLF26JUNFUT,0.05,0.005,2.0,0.5,1.0,1.5,0.5,-55.8198,3.0275,34537.2,7980.05,1596.01,2,4,44948.63
DLF26JUNFUT,0.05,0.005,2.0,0.5,1.0,1.5,0.6,-78.9085,3.295,41670.04,15141.38,3028.28,2,4,45222.09
DLF26JUNFUT,0.05,0.005,2.0,0.5,1.0,2.0,0.4,-11.586,3.3425,41677.04,22444.38,4488.88,2,4,55677.75
DLF26JUNFUT,0.05,0.005,2.0,0.5,1.0,2.0,0.5,-11.8194,3.3525,44593.48,25360.82,5072.16,2,4,54878.85
DLF26JUNFUT,0.05,0.005,2.0,0.5,1.0,2.0,0.6,-12.0645,3.1425,35565.09,16351.42,3270.28,2,4,53518.77
DIVISLAB26JUNFUT,0.1,0.001,2.0,0.2,0.3,1.0,0.4,0.4318,4.65,-22332.46,13636.85,2727.37,2,4,46085.5
DIVISLAB26JUNFUT,0.1,0.001,2.0,0.2,0.3,1.0,0.5,0.4319,4.65,-22331.46,13637.85,2727.57,2,4,46085.46
DIVISLAB26JUNFUT,0.1,0.001,2.0,0.2,0.3,1.0,0.6,0.4449,4.655,-21937.45,14035.87,2807.17,2,4,46069.7
DIVISLAB26JUNFUT,0.1,0.001,2.0,0.2,0.3,1.5,0.4,-1.652,4.025,-36411.74,-12744.16,-2548.83,2,4,45973.78
DIVISLAB26JUNFUT,0.1,0.001,2.0,0.2,0.3,1.5,0.5,-1.652,4.025,-36411.74,-12744.16,-2548.83,2,4,45973.78
DIVISLAB26JUNFUT,0.1,0.001,2.0,0.2,0.3,1.5,0.6,-1.652,4.025,-36411.74,-12744.16,-2548.83,2,4,45973.78
DIVISLAB26JUNFUT,0.1,0.001,2.0,0.2,0.3,2.0,0.4,-1.6532,4.025,-36411.74,-12752.15,-2550.43,2,4,45972.87
DIVISLAB26JUNFUT,0.1,0.001,2.0,0.2,0.3,2.0,0.5,-1.6532,4.025,-36411.74,-12752.15,-2550.43,2,4,45972.87
DIVISLAB26JUNFUT,0.1,0.001,2.0,0.2,0.3,2.0,0.6,-1.6532,4.025,-36411.74,-12752.15,-2550.43,2,4,45972.87
DIVISLAB26JUNFUT,0.1,0.001,2.0,0.2,0.5,1.0,0.4,0.4318,4.65,-22332.46,13636.85,2727.37,2,4,46085.5
DIVISLAB26JUNFUT,0.1,0.001,2.0,0.2,0.5,1.0,0.5,0.4319,4.65,-22331.46,13637.85,2727.57,2,4,46085.46
DIVISLAB26JUNFUT,0.1,0.001,2.0,0.2,0.5,1.0,0.6,0.4449,4.655,-21937.45,14035.87,2807.17,2,4,46069.7
DIVISLAB26JUNFUT,0.1,0.001,2.0,0.2,0.5,1.5,0.4,-1.652,4.025,-36411.74,-12744.16,-2548.83,2,4,45973.78
DIVISLAB26JUNFUT,0.1,0.001,2.0,0.2,0.5,1.5,0.5,-1.652,4.025,-36411.74,-12744.16,-2548.83,2,4,45973.78
DIVISLAB26JUNFUT,0.1,0.001,2.0,0.2,0.5,1.5,0.6,-1.652,4.025,-36411.74,-12744.16,-2548.83,2,4,45973.78
DIVISLAB26JUNFUT,0.1,0.001,2.0,0.2,0.5,2.0,0.4,-1.6532,4.025,-36411.74,-12752.15,-2550.43,2,4,45972.87
DIVISLAB26JUNFUT,0.1,0.001,2.0,0.2,0.5,2.0,0.5,-1.6532,4.025,-36411.74,-12752.15,-2550.43,2,4,45972.87
DIVISLAB26JUNFUT,0.1,0.001,2.0,0.2,0.5,2.0,0.6,-1.6532,4.025,-36411.74,-12752.15,-2550.43,2,4,45972.87
DIVISLAB26JUNFUT,0.1,0.001,2.0,0.2,1.0,1.0,0.4,0.4318,4.65,-22332.46,13636.85,2727.37,2,4,46085.5
DIVISLAB26JUNFUT,0.1,0.001,2.0,0.2,1.0,1.0,0.5,0.4319,4.65,-22331.46,13637.85,2727.57,2,4,46085.46
DIVISLAB26JUNFUT,0.1,0.001,2.0,0.2,1.0,1.0,0.6,0.4449,4.655,-21937.45,14035.87,2807.17,2,4,46069.7
DIVISLAB26JUNFUT,0.1,0.001,2.0,0.2,1.0,1.5,0.4,-1.652,4.025,-36411.74,-12744.16,-2548.83,2,4,45973.78
DIVISLAB26JUNFUT,0.1,0.001,2.0,0.2,1.0,1.5,0.5,-1.652,4.025,-36411.74,-12744.16,-2548.83,2,4,45973.78
DIVISLAB26JUNFUT,0.1,0.001,2.0,0.2,1.0,1.5,0.6,-1.652,4.025,-36411.74,-12744.16,-2548.83,2,4,45973.78
DIVISLAB26JUNFUT,0.1,0.001,2.0,0.2,1.0,2.0,0.4,-1.6532,4.025,-36411.74,-12752.15,-2550.43,2,4,45972.87
DIVISLAB26JUNFUT,0.1,0.001,2.0,0.2,1.0,2.0,0.5,-1.6532,4.025,-36411.74,-12752.15,-2550.43,2,4,45972.87
DIVISLAB26JUNFUT,0.1,0.001,2.0,0.2,1.0,2.0,0.6,-1.6532,4.025,-36411.74,-12752.15,-2550.43,2,4,45972.87
DIVISLAB26JUNFUT,0.1,0.001,2.0,0.3,0.3,1.0,0.4,0.4318,4.65,-22332.46,13636.85,2727.37,2,4,46085.5
DIVISLAB26JUNFUT,0.1,0.001,2.0,0.3,0.3,1.0,0.5,0.4319,4.65,-22331.46,13637.85,2727.57,2,4,46085.46
DIVISLAB26JUNFUT,0.1,0.001,2.0,0.3,0.3,1.0,0.6,0.4449,4.655,-21937.45,14035.87,2807.17,2,4,46069.7
DIVISLAB26JUNFUT,0.1,0.001,2.0,0.3,0.3,1.5,0.4,-1.652,4.025,-36411.74,-12744.16,-2548.83,2,4,45973.78
DIVISLAB26JUNFUT,0.1,0.001,2.0,0.3,0.3,1.5,0.5,-1.652,4.025,-36411.74,-12744.16,-2548.83,2,4,45973.78
DIVISLAB26JUNFUT,0.1,0.001,2.0,0.3,0.3,1.5,0.6,-1.652,4.025,-36411.74,-12744.16,-2548.83,2,4,45973.78
DIVISLAB26JUNFUT,0.1,0.001,2.0,0.3,0.3,2.0,0.4,-1.6532,4.025,-36411.74,-12752.15,-2550.43,2,4,45972.87
DIVISLAB26JUNFUT,0.1,0.001,2.0,0.3,0.3,2.0,0.5,-1.6532,4.025,-36411.74,-12752.15,-2550.43,2,4,45972.87
DIVISLAB26JUNFUT,0.1,0.001,2.0,0.3,0.3,2.0,0.6,-1.6532,4.025,-36411.74,-12752.15,-2550.43,2,4,45972.87
DIVISLAB26JUNFUT,0.1,0.001,2.0,0.3,0.5,1.0,0.4,0.4318,4.65,-22332.46,13636.85,2727.37,2,4,46085.5
DIVISLAB26JUNFUT,0.1,0.001,2.0,0.3,0.5,1.0,0.5,0.4319,4.65,-22331.46,13637.85,2727.57,2,4,46085.46
DIVISLAB26JUNFUT,0.1,0.001,2.0,0.3,0.5,1.0,0.6,0.4449,4.655,-21937.45,14035.87,2807.17,2,4,46069.7
DIVISLAB26JUNFUT,0.1,0.001,2.0,0.3,0.5,1.5,0.4,-1.652,4.025,-36411.74,-12744.16,-2548.83,2,4,45973.78
DIVISLAB26JUNFUT,0.1,0.001,2.0,0.3,0.5,1.5,0.5,-1.652,4.025,-36411.74,-12744.16,-2548.83,2,4,45973.78
DIVISLAB26JUNFUT,0.1,0.001,2.0,0.3,0.5,1.5,0.6,-1.652,4.025,-36411.74,-12744.16,-2548.83,2,4,45973.78
DIVISLAB26JUNFUT,0.1,0.001,2.0,0.3,0.5,2.0,0.4,-1.6532,4.025,-36411.74,-12752.15,-2550.43,2,4,45972.87
DIVISLAB26JUNFUT,0.1,0.001,2.0,0.3,0.5,2.0,0.5,-1.6532,4.025,-36411.74,-12752.15,-2550.43,2,4,45972.87
DIVISLAB26JUNFUT,0.1,0.001,2.0,0.3,0.5,2.0,0.6,-1.6532,4.025,-36411.74,-12752.15,-2550.43,2,4,45972.87
DIVISLAB26JUNFUT,0.1,0.001,2.0,0.3,1.0,1.0,0.4,0.4318,4.65,-22332.46,13636.85,2727.37,2,4,46085.5
DIVISLAB26JUNFUT,0.1,0.001,2.0,0.3,1.0,1.0,0.5,0.4319,4.65,-22331.46,13637.85,2727.57,2,4,46085.46
DIVISLAB26JUNFUT,0.1,0.001,2.0,0.3,1.0,1.0,0.6,0.4449,4.655,-21937.45,14035.87,2807.17,2,4,46069.7
DIVISLAB26JUNFUT,0.1,0.001,2.0,0.3,1.0,1.5,0.4,-1.652,4.025,-36411.74,-12744.16,-2548.83,2,4,45973.78
DIVISLAB26JUNFUT,0.1,0.001,2.0,0.3,1.0,1.5,0.5,-1.652,4.025,-36411.74,-12744.16,-2548.83,2,4,45973.78
DIVISLAB26JUNFUT,0.1,0.001,2.0,0.3,1.0,1.5,0.6,-1.652,4.025,-36411.74,-12744.16,-2548.83,2,4,45973.78
DIVISLAB26JUNFUT,0.1,0.001,2.0,0.3,1.0,2.0,0.4,-1.6532,4.025,-36411.74,-12752.15,-2550.43,2,4,45972.87
DIVISLAB26JUNFUT,0.1,0.001,2.0,0.3,1.0,2.0,0.5,-1.6532,4.025,-36411.74,-12752.15,-2550.43,2,4,45972.87
DIVISLAB26JUNFUT,0.1,0.001,2.0,0.3,1.0,2.0,0.6,-1.6532,4.025,-36411.74,-12752.15,-2550.43,2,4,45972.87
DIVISLAB26JUNFUT,0.1,0.001,2.0,0.5,0.3,1.0,0.4,0.4318,4.65,-22332.46,13636.85,2727.37,2,4,46085.5
DIVISLAB26JUNFUT,0.1,0.001,2.0,0.5,0.3,1.0,0.5,0.4319,4.65,-22331.46,13637.85,2727.57,2,4,46085.46
DIVISLAB26JUNFUT,0.1,0.001,2.0,0.5,0.3,1.0,0.6,0.4449,4.655,-21937.45,14035.87,2807.17,2,4,46069.7
DIVISLAB26JUNFUT,0.1,0.001,2.0,0.5,0.3,1.5,0.4,-1.652,4.025,-36411.74,-12744.16,-2548.83,2,4,45973.78
DIVISLAB26JUNFUT,0.1,0.001,2.0,0.5,0.3,1.5,0.5,-1.652,4.025,-36411.74,-12744.16,-2548.83,2,4,45973.78
DIVISLAB26JUNFUT,0.1,0.001,2.0,0.5,0.3,1.5,0.6,-1.652,4.025,-36411.74,-12744.16,-2548.83,2,4,45973.78
DIVISLAB26JUNFUT,0.1,0.001,2.0,0.5,0.3,2.0,0.4,-1.6532,4.025,-36411.74,-12752.15,-2550.43,2,4,45972.87
DIVISLAB26JUNFUT,0.1,0.001,2.0,0.5,0.3,2.0,0.5,-1.6532,4.025,-36411.74,-12752.15,-2550.43,2,4,45972.87
DIVISLAB26JUNFUT,0.1,0.001,2.0,0.5,0.3,2.0,0.6,-1.6532,4.025,-36411.74,-12752.15,-2550.43,2,4,45972.87
DIVISLAB26JUNFUT,0.1,0.001,2.0,0.5,0.5,1.0,0.4,0.4318,4.65,-22332.46,13636.85,2727.37,2,4,46085.5
DIVISLAB26JUNFUT,0.1,0.001,2.0,0.5,0.5,1.0,0.5,0.4319,4.65,-22331.46,13637.85,2727.57,2,4,46085.46
DIVISLAB26JUNFUT,0.1,0.001,2.0,0.5,0.5,1.0,0.6,0.4449,4.655,-21937.45,14035.87,2807.17,2,4,46069.7
DIVISLAB26JUNFUT,0.1,0.001,2.0,0.5,0.5,1.5,0.4,-1.652,4.025,-36411.74,-12744.16,-2548.83,2,4,45973.78
DIVISLAB26JUNFUT,0.1,0.001,2.0,0.5,0.5,1.5,0.5,-1.652,4.025,-36411.74,-12744.16,-2548.83,2,4,45973.78
DIVISLAB26JUNFUT,0.1,0.001,2.0,0.5,0.5,1.5,0.6,-1.652,4.025,-36411.74,-12744.16,-2548.83,2,4,45973.78
DIVISLAB26JUNFUT,0.1,0.001,2.0,0.5,0.5,2.0,0.4,-1.6532,4.025,-36411.74,-12752.15,-2550.43,2,4,45972.87
DIVISLAB26JUNFUT,0.1,0.001,2.0,0.5,0.5,2.0,0.5,-1.6532,4.025,-36411.74,-12752.15,-2550.43,2,4,45972.87
DIVISLAB26JUNFUT,0.1,0.001,2.0,0.5,0.5,2.0,0.6,-1.6532,4.025,-36411.74,-12752.15,-2550.43,2,4,45972.87
DIVISLAB26JUNFUT,0.1,0.001,2.0,0.5,1.0,1.0,0.4,0.4318,4.65,-22332.46,13636.85,2727.37,2,4,46085.5
DIVISLAB26JUNFUT,0.1,0.001,2.0,0.5,1.0,1.0,0.5,0.4319,4.65,-22331.46,13637.85,2727.57,2,4,46085.46
DIVISLAB26JUNFUT,0.1,0.001,2.0,0.5,1.0,1.0,0.6,0.4449,4.655,-21937.45,14035.87,2807.17,2,4,46069.7
DIVISLAB26JUNFUT,0.1,0.001,2.0,0.5,1.0,1.5,0.4,-1.652,4.025,-36411.74,-12744.16,-2548.83,2,4,45973.78
DIVISLAB26JUNFUT,0.1,0.001,2.0,0.5,1.0,1.5,0.5,-1.652,4.025,-36411.74,-12744.16,-2548.83,2,4,45973.78
DIVISLAB26JUNFUT,0.1,0.001,2.0,0.5,1.0,1.5,0.6,-1.652,4.025,-36411.74,-12744.16,-2548.83,2,4,45973.78
DIVISLAB26JUNFUT,0.1,0.001,2.0,0.5,1.0,2.0,0.4,-1.6532,4.025,-36411.74,-12752.15,-2550.43,2,4,45972.87
DIVISLAB26JUNFUT,0.1,0.001,2.0,0.5,1.0,2.0,0.5,-1.6532,4.025,-36411.74,-12752.15,-2550.43,2,4,45972.87
DIVISLAB26JUNFUT,0.1,0.001,2.0,0.5,1.0,2.0,0.6,-1.6532,4.025,-36411.74,-12752.15,-2550.43,2,4,45972.87
FEDERALBNK26JUNFUT,0.05,0.002,1.0,0.2,0.3,1.0,0.4,-9.3107,-2.79,-16562.47,-16562.47,-3312.49,0,4,4620.76
FEDERALBNK26JUNFUT,0.05,0.002,1.0,0.2,0.3,1.0,0.5,-9.3107,-2.79,-16562.47,-16562.47,-3312.49,0,4,4620.76
FEDERALBNK26JUNFUT,0.05,0.002,1.0,0.2,0.3,1.0,0.6,-9.3107,-2.79,-16562.47,-16562.47,-3312.49,0,4,4620.76
FEDERALBNK26JUNFUT,0.05,0.002,1.0,0.2,0.3,1.5,0.4,-0.2333,4.38140553116641e+16,6559.78,6559.78,1311.96,3,4,1610.83
FEDERALBNK26JUNFUT,0.05,0.002,1.0,0.2,0.3,1.5,0.5,-2.056,4.38140553116641e+16,5736.51,5736.51,1147.3,3,4,1841.4
FEDERALBNK26JUNFUT,0.05,0.002,1.0,0.2,0.3,1.5,0.6,-2.0106,4.38140553116641e+16,5761.51,5761.51,1152.3,3,4,1833.95
FEDERALBNK26JUNFUT,0.05,0.002,1.0,0.2,0.3,2.0,0.4,-9.3004,9.76,-45019.16,-45019.16,-9003.83,2,4,25066.75
FEDERALBNK26JUNFUT,0.05,0.002,1.0,0.2,0.3,2.0,0.5,-9.2958,9.9425,-44698.42,-44698.42,-8939.68,2,4,25792.93
FEDERALBNK26JUNFUT,0.05,0.002,1.0,0.2,0.3,2.0,0.6,-9.3801,9.77,-46245.0,-46245.0,-9249.0,1,4,25680.95
FEDERALBNK26JUNFUT,0.05,0.002,1.0,0.2,0.5,1.0,0.4,-9.3107,-2.79,-16562.47,-16562.47,-3312.49,0,4,4620.76
FEDERALBNK26JUNFUT,0.05,0.002,1.0,0.2,0.5,1.0,0.5,-9.3107,-2.79,-16562.47,-16562.47,-3312.49,0,4,4620.76
FEDERALBNK26JUNFUT,0.05,0.002,1.0,0.2,0.5,1.0,0.6,-9.3107,-2.79,-16562.47,-16562.47,-3312.49,0,4,4620.76
FEDERALBNK26JUNFUT,0.05,0.002,1.0,0.2,0.5,1.5,0.4,-0.2333,4.38140553116641e+16,6559.78,6559.78,1311.96,3,4,1610.83
FEDERALBNK26JUNFUT,0.05,0.002,1.0,0.2,0.5,1.5,0.5,-2.056,4.38140553116641e+16,5736.51,5736.51,1147.3,3,4,1841.4
FEDERALBNK26JUNFUT,0.05,0.002,1.0,0.2,0.5,1.5,0.6,-2.0106,4.38140553116641e+16,5761.51,5761.51,1152.3,3,4,1833.95
FEDERALBNK26JUNFUT,0.05,0.002,1.0,0.2,0.5,2.0,0.4,-9.3004,9.76,-45019.16,-45019.16,-9003.83,2,4,25066.75
FEDERALBNK26JUNFUT,0.05,0.002,1.0,0.2,0.5,2.0,0.5,-9.2958,9.9425,-44698.42,-44698.42,-8939.68,2,4,25792.93
FEDERALBNK26JUNFUT,0.05,0.002,1.0,0.2,0.5,2.0,0.6,-9.3801,9.77,-46245.0,-46245.0,-9249.0,1,4,25680.95
FEDERALBNK26JUNFUT,0.05,0.002,1.0,0.2,1.0,1.0,0.4,-9.3107,-2.79,-16562.47,-16562.47,-3312.49,0,4,4620.76
FEDERALBNK26JUNFUT,0.05,0.002,1.0,0.2,1.0,1.0,0.5,-9.3107,-2.79,-16562.47,-16562.47,-3312.49,0,4,4620.76
FEDERALBNK26JUNFUT,0.05,0.002,1.0,0.2,1.0,1.0,0.6,-9.3107,-2.79,-16562.47,-16562.47,-3312.49,0,4,4620.76
FEDERALBNK26JUNFUT,0.05,0.002,1.0,0.2,1.0,1.5,0.4,-0.2333,4.38140553116641e+16,6559.78,6559.78,1311.96,3,4,1610.83
FEDERALBNK26JUNFUT,0.05,0.002,1.0,0.2,1.0,1.5,0.5,-2.056,4.38140553116641e+16,5736.51,5736.51,1147.3,3,4,1841.4
FEDERALBNK26JUNFUT,0.05,0.002,1.0,0.2,1.0,1.5,0.6,-2.0106,4.38140553116641e+16,5761.51,5761.51,1152.3,3,4,1833.95
FEDERALBNK26JUNFUT,0.05,0.002,1.0,0.2,1.0,2.0,0.4,-9.3004,9.76,-45019.16,-45019.16,-9003.83,2,4,25066.75
FEDERALBNK26JUNFUT,0.05,0.002,1.0,0.2,1.0,2.0,0.5,-9.2958,9.9425,-44698.42,-44698.42,-8939.68,2,4,25792.93
FEDERALBNK26JUNFUT,0.05,0.002,1.0,0.2,1.0,2.0,0.6,-9.3801,9.77,-46245.0,-46245.0,-9249.0,1,4,25680.95
FEDERALBNK26JUNFUT,0.05,0.002,1.0,0.3,0.3,1.0,0.4,-9.3107,-2.79,-16562.47,-16562.47,-3312.49,0,4,4620.76
FEDERALBNK26JUNFUT,0.05,0.002,1.0,0.3,0.3,1.0,0.5,-9.3107,-2.79,-16562.47,-16562.47,-3312.49,0,4,4620.76
FEDERALBNK26JUNFUT,0.05,0.002,1.0,0.3,0.3,1.0,0.6,-9.3107,-2.79,-16562.47,-16562.47,-3312.49,0,4,4620.76
FEDERALBNK26JUNFUT,0.05,0.002,1.0,0.3,0.3,1.5,0.4,-0.2333,4.38140553116641e+16,6559.78,6559.78,1311.96,3,4,1610.83
FEDERALBNK26JUNFUT,0.05,0.002,1.0,0.3,0.3,1.5,0.5,-2.056,4.38140553116641e+16,5736.51,5736.51,1147.3,3,4,1841.4
FEDERALBNK26JUNFUT,0.05,0.002,1.0,0.3,0.3,1.5,0.6,-2.0106,4.38140553116641e+16,5761.51,5761.51,1152.3,3,4,1833.95
FEDERALBNK26JUNFUT,0.05,0.002,1.0,0.3,0.3,2.0,0.4,-9.3004,9.76,-45019.16,-45019.16,-9003.83,2,4,25066.75
FEDERALBNK26JUNFUT,0.05,0.002,1.0,0.3,0.3,2.0,0.5,-9.2958,9.9425,-44698.42,-44698.42,-8939.68,2,4,25792.93
FEDERALBNK26JUNFUT,0.05,0.002,1.0,0.3,0.3,2.0,0.6,-9.3801,9.77,-46245.0,-46245.0,-9249.0,1,4,25680.95
FEDERALBNK26JUNFUT,0.05,0.002,1.0,0.3,0.5,1.0,0.4,-9.3107,-2.79,-16562.47,-16562.47,-3312.49,0,4,4620.76
FEDERALBNK26JUNFUT,0.05,0.002,1.0,0.3,0.5,1.0,0.5,-9.3107,-2.79,-16562.47,-16562.47,-3312.49,0,4,4620.76
FEDERALBNK26JUNFUT,0.05,0.002,1.0,0.3,0.5,1.0,0.6,-9.3107,-2.79,-16562.47,-16562.47,-3312.49,0,4,4620.76
FEDERALBNK26JUNFUT,0.05,0.002,1.0,0.3,0.5,1.5,0.4,-0.2333,4.38140553116641e+16,6559.78,6559.78,1311.96,3,4,1610.83
FEDERALBNK26JUNFUT,0.05,0.002,1.0,0.3,0.5,1.5,0.5,-2.056,4.38140553116641e+16,5736.51,5736.51,1147.3,3,4,1841.4
FEDERALBNK26JUNFUT,0.05,0.002,1.0,0.3,0.5,1.5,0.6,-2.0106,4.38140553116641e+16,5761.51,5761.51,1152.3,3,4,1833.95
FEDERALBNK26JUNFUT,0.05,0.002,1.0,0.3,0.5,2.0,0.4,-9.3004,9.76,-45019.16,-45019.16,-9003.83,2,4,25066.75
FEDERALBNK26JUNFUT,0.05,0.002,1.0,0.3,0.5,2.0,0.5,-9.2958,9.9425,-44698.42,-44698.42,-8939.68,2,4,25792.93
FEDERALBNK26JUNFUT,0.05,0.002,1.0,0.3,0.5,2.0,0.6,-9.3801,9.77,-46245.0,-46245.0,-9249.0,1,4,25680.95
FEDERALBNK26JUNFUT,0.05,0.002,1.0,0.3,1.0,1.0,0.4,-9.3107,-2.79,-16562.47,-16562.47,-3312.49,0,4,4620.76
FEDERALBNK26JUNFUT,0.05,0.002,1.0,0.3,1.0,1.0,0.5,-9.3107,-2.79,-16562.47,-16562.47,-3312.49,0,4,4620.76
FEDERALBNK26JUNFUT,0.05,0.002,1.0,0.3,1.0,1.0,0.6,-9.3107,-2.79,-16562.47,-16562.47,-3312.49,0,4,4620.76
FEDERALBNK26JUNFUT,0.05,0.002,1.0,0.3,1.0,1.5,0.4,-0.2333,4.38140553116641e+16,6559.78,6559.78,1311.96,3,4,1610.83
FEDERALBNK26JUNFUT,0.05,0.002,1.0,0.3,1.0,1.5,0.5,-2.056,4.38140553116641e+16,5736.51,5736.51,1147.3,3,4,1841.4
FEDERALBNK26JUNFUT,0.05,0.002,1.0,0.3,1.0,1.5,0.6,-2.0106,4.38140553116641e+16,5761.51,5761.51,1152.3,3,4,1833.95
FEDERALBNK26JUNFUT,0.05,0.002,1.0,0.3,1.0,2.0,0.4,-9.3004,9.76,-45019.16,-45019.16,-9003.83,2,4,25066.75
FEDERALBNK26JUNFUT,0.05,0.002,1.0,0.3,1.0,2.0,0.5,-9.2958,9.9425,-44698.42,-44698.42,-8939.68,2,4,25792.93
FEDERALBNK26JUNFUT,0.05,0.002,1.0,0.3,1.0,2.0,0.6,-9.3801,9.77,-46245.0,-46245.0,-9249.0,1,4,25680.95
FEDERALBNK26JUNFUT,0.05,0.002,1.0,0.5,0.3,1.0,0.4,-9.3107,-2.79,-16562.47,-16562.47,-3312.49,0,4,4620.76
FEDERALBNK26JUNFUT,0.05,0.002,1.0,0.5,0.3,1.0,0.5,-9.3107,-2.79,-16562.47,-16562.47,-3312.49,0,4,4620.76
FEDERALBNK26JUNFUT,0.05,0.002,1.0,0.5,0.3,1.0,0.6,-9.3107,-2.79,-16562.47,-16562.47,-3312.49,0,4,4620.76
FEDERALBNK26JUNFUT,0.05,0.002,1.0,0.5,0.3,1.5,0.4,-0.2333,4.38140553116641e+16,6559.78,6559.78,1311.96,3,4,1610.83
FEDERALBNK26JUNFUT,0.05,0.002,1.0,0.5,0.3,1.5,0.5,-2.056,4.38140553116641e+16,5736.51,5736.51,1147.3,3,4,1841.4
FEDERALBNK26JUNFUT,0.05,0.002,1.0,0.5,0.3,1.5,0.6,-2.0106,4.38140553116641e+16,5761.51,5761.51,1152.3,3,4,1833.95
FEDERALBNK26JUNFUT,0.05,0.002,1.0,0.5,0.3,2.0,0.4,-9.3004,9.76,-45019.16,-45019.16,-9003.83,2,4,25066.75
FEDERALBNK26JUNFUT,0.05,0.002,1.0,0.5,0.3,2.0,0.5,-9.2958,9.9425,-44698.42,-44698.42,-8939.68,2,4,25792.93
FEDERALBNK26JUNFUT,0.05,0.002,1.0,0.5,0.3,2.0,0.6,-9.3801,9.77,-46245.0,-46245.0,-9249.0,1,4,25680.95
FEDERALBNK26JUNFUT,0.05,0.002,1.0,0.5,0.5,1.0,0.4,-9.3107,-2.79,-16562.47,-16562.47,-3312.49,0,4,4620.76
FEDERALBNK26JUNFUT,0.05,0.002,1.0,0.5,0.5,1.0,0.5,-9.3107,-2.79,-16562.47,-16562.47,-3312.49,0,4,4620.76
FEDERALBNK26JUNFUT,0.05,0.002,1.0,0.5,0.5,1.0,0.6,-9.3107,-2.79,-16562.47,-16562.47,-3312.49,0,4,4620.76
FEDERALBNK26JUNFUT,0.05,0.002,1.0,0.5,0.5,1.5,0.4,-0.2333,4.38140553116641e+16,6559.78,6559.78,1311.96,3,4,1610.83
FEDERALBNK26JUNFUT,0.05,0.002,1.0,0.5,0.5,1.5,0.5,-2.056,4.38140553116641e+16,5736.51,5736.51,1147.3,3,4,1841.4
FEDERALBNK26JUNFUT,0.05,0.002,1.0,0.5,0.5,1.5,0.6,-2.0106,4.38140553116641e+16,5761.51,5761.51,1152.3,3,4,1833.95
FEDERALBNK26JUNFUT,0.05,0.002,1.0,0.5,0.5,2.0,0.4,-9.3004,9.76,-45019.16,-45019.16,-9003.83,2,4,25066.75
FEDERALBNK26JUNFUT,0.05,0.002,1.0,0.5,0.5,2.0,0.5,-9.2958,9.9425,-44698.42,-44698.42,-8939.68,2,4,25792.93
FEDERALBNK26JUNFUT,0.05,0.002,1.0,0.5,0.5,2.0,0.6,-9.3801,9.77,-46245.0,-46245.0,-9249.0,1,4,25680.95
FEDERALBNK26JUNFUT,0.05,0.002,1.0,0.5,1.0,1.0,0.4,-9.3107,-2.79,-16562.47,-16562.47,-3312.49,0,4,4620.76
FEDERALBNK26JUNFUT,0.05,0.002,1.0,0.5,1.0,1.0,0.5,-9.3107,-2.79,-16562.47,-16562.47,-3312.49,0,4,4620.76
FEDERALBNK26JUNFUT,0.05,0.002,1.0,0.5,1.0,1.0,0.6,-9.3107,-2.79,-16562.47,-16562.47,-3312.49,0,4,4620.76
FEDERALBNK26JUNFUT,0.05,0.002,1.0,0.5,1.0,1.5,0.4,-0.2333,4.38140553116641e+16,6559.78,6559.78,1311.96,3,4,1610.83
FEDERALBNK26JUNFUT,0.05,0.002,1.0,0.5,1.0,1.5,0.5,-2.056,4.38140553116641e+16,5736.51,5736.51,1147.3,3,4,1841.4
FEDERALBNK26JUNFUT,0.05,0.002,1.0,0.5,1.0,1.5,0.6,-2.0106,4.38140553116641e+16,5761.51,5761.51,1152.3,3,4,1833.95
FEDERALBNK26JUNFUT,0.05,0.002,1.0,0.5,1.0,2.0,0.4,-9.3004,9.76,-45019.16,-45019.16,-9003.83,2,4,25066.75
FEDERALBNK26JUNFUT,0.05,0.002,1.0,0.5,1.0,2.0,0.5,-9.2958,9.9425,-44698.42,-44698.42,-8939.68,2,4,25792.93
FEDERALBNK26JUNFUT,0.05,0.002,1.0,0.5,1.0,2.0,0.6,-9.3801,9.77,-46245.0,-46245.0,-9249.0,1,4,25680.95
DRREDDY26JUNFUT,0.05,0.002,2.0,0.2,0.3,1.0,0.4,-1.415,8.6825,37253.93,22784.56,4556.91,3,4,22502.34
DRREDDY26JUNFUT,0.05,0.002,2.0,0.2,0.3,1.0,0.5,-1.3932,8.72,38696.51,23839.62,4767.92,3,4,22165.99
DRREDDY26JUNFUT,0.05,0.002,2.0,0.2,0.3,1.0,0.6,-1.7396,6.6625,8818.86,-3900.08,-780.02,2,4,22408.87
DRREDDY26JUNFUT,0.05,0.002,2.0,0.2,0.3,1.5,0.4,-4.6607,7.83,17206.46,-23398.98,-4679.8,3,4,21685.35
DRREDDY26JUNFUT,0.05,0.002,2.0,0.2,0.3,1.5,0.5,-4.7933,7.7425,14127.42,-26478.02,-5295.6,3,4,21017.63
DRREDDY26JUNFUT,0.05,0.002,2.0,0.2,0.3,1.5,0.6,-5.6234,7.745,3822.75,-40887.58,-8177.52,3,4,20381.67
DRREDDY26JUNFUT,0.05,0.002,2.0,0.2,0.3,2.0,0.4,-20.2404,4.405,-136581.22,-188124.26,-37624.85,0,4,16982.38
DRREDDY26JUNFUT,0.05,0.002,2.0,0.2,0.3,2.0,0.5,-18.7816,4.475,-135410.22,-186953.26,-37390.65,0,4,17900.85
DRREDDY26JUNFUT,0.05,0.002,2.0,0.2,0.3,2.0,0.6,-30.7466,4.2375,-146989.21,-197330.72,-39466.14,0,4,14027.67
DRREDDY26JUNFUT,0.05,0.002,2.0,0.2,0.5,1.0,0.4,-1.415,8.6825,37253.93,22784.56,4556.91,3,4,22502.34
DRREDDY26JUNFUT,0.05,0.002,2.0,0.2,0.5,1.0,0.5,-1.3932,8.72,38696.5,23839.61,4767.92,3,4,22165.99
DRREDDY26JUNFUT,0.05,0.002,2.0,0.2,0.5,1.0,0.6,-1.7396,6.6625,8818.86,-3900.08,-780.02,2,4,22408.87
DRREDDY26JUNFUT,0.05,0.002,2.0,0.2,0.5,1.5,0.4,-4.6594,7.83,17218.95,-23386.49,-4677.3,3,4,21689.4
DRREDDY26JUNFUT,0.05,0.002,2.0,0.2,0.5,1.5,0.5,-4.792,7.7425,14139.91,-26465.53,-5293.11,3,4,21021.56
DRREDDY26JUNFUT,0.05,0.002,2.0,0.2,0.5,1.5,0.6,-5.6234,7.745,3822.75,-40887.58,-8177.52,3,4,20381.67
DRREDDY26JUNFUT,0.05,0.002,2.0,0.2,0.5,2.0,0.4,-20.2455,4.4025,-136599.97,-188143.01,-37628.6,0,4,16980.31
DRREDDY26JUNFUT,0.05,0.002,2.0,0.2,0.5,2.0,0.5,-18.7861,4.46,-136715.81,-188258.85,-37651.77,0,4,18162.05
DRREDDY26JUNFUT,0.05,0.002,2.0,0.2,0.5,2.0,0.6,-30.7502,4.2325,-148034.82,-198370.09,-39674.02,0,4,14309.94
DRREDDY26JUNFUT,0.05,0.002,2.0,0.2,1.0,1.0,0.4,-1.4518,8.65,36782.06,22312.69,4462.54,3,4,22644.62
DRREDDY26JUNFUT,0.05,0.002,2.0,0.2,1.0,1.0,0.5,-1.3927,8.72,38702.75,23845.86,4769.17,3,4,22164.15
DRREDDY26JUNFUT,0.05,0.002,2.0,0.2,1.0,1.0,0.6,-1.7396,6.6625,8818.86,-3900.08,-780.02,2,4,22408.87
DRREDDY26JUNFUT,0.05,0.002,2.0,0.2,1.0,1.5,0.4,-4.7779,7.82,16200.72,-24404.72,-4880.94,3,4,21637.12
DRREDDY26JUNFUT,0.05,0.002,2.0,0.2,1.0,1.5,0.5,-4.9122,7.7325,13121.68,-27483.76,-5496.75,3,4,20961.65
DRREDDY26JUNFUT,0.05,0.002,2.0,0.2,1.0,1.5,0.6,-5.6234,7.745,3816.5,-40893.83,-8178.77,3,4,20382.16
DRREDDY26JUNFUT,0.05,0.002,2.0,0.2,1.0,2.0,0.4,-20.2503,4.385,-137270.8,-188813.84,-37762.77,0,4,17012.17
DRREDDY26JUNFUT,0.05,0.002,2.0,0.2,1.0,2.0,0.5,-18.8032,4.4425,-137386.64,-188929.68,-37785.94,0,4,18180.23
DRREDDY26JUNFUT,0.05,0.002,2.0,0.2,1.0,2.0,0.6,-30.7499,4.23,-148034.83,-198370.09,-39674.02,0,4,14311.77
DRREDDY26JUNFUT,0.05,0.002,2.0,0.3,0.3,1.0,0.4,-1.415,8.6825,37253.93,22784.56,4556.91,3,4,22502.34
DRREDDY26JUNFUT,0.05,0.002,2.0,0.3,0.3,1.0,0.5,-1.3932,8.72,38696.51,23839.62,4767.92,3,4,22165.99
DRREDDY26JUNFUT,0.05,0.002,2.0,0.3,0.3,1.0,0.6,-1.7396,6.6625,8818.86,-3900.08,-780.02,2,4,22408.87
DRREDDY26JUNFUT,0.05,0.002,2.0,0.3,0.3,1.5,0.4,-4.6607,7.83,17206.46,-23398.98,-4679.8,3,4,21685.35
DRREDDY26JUNFUT,0.05,0.002,2.0,0.3,0.3,1.5,0.5,-4.7933,7.7425,14127.42,-26478.02,-5295.6,3,4,21017.63
DRREDDY26JUNFUT,0.05,0.002,2.0,0.3,0.3,1.5,0.6,-5.6234,7.745,3822.75,-40887.58,-8177.52,3,4,20381.67
DRREDDY26JUNFUT,0.05,0.002,2.0,0.3,0.3,2.0,0.4,-20.2404,4.405,-136581.22,-188124.26,-37624.85,0,4,16982.38
DRREDDY26JUNFUT,0.05,0.002,2.0,0.3,0.3,2.0,0.5,-18.7816,4.475,-135410.22,-186953.26,-37390.65,0,4,17900.85
DRREDDY26JUNFUT,0.05,0.002,2.0,0.3,0.3,2.0,0.6,-30.7466,4.2375,-146989.21,-197330.72,-39466.14,0,4,14027.67
DRREDDY26JUNFUT,0.05,0.002,2.0,0.3,0.5,1.0,0.4,-1.415,8.6825,37253.93,22784.56,4556.91,3,4,22502.34
DRREDDY26JUNFUT,0.05,0.002,2.0,0.3,0.5,1.0,0.5,-1.3932,8.72,38696.5,23839.61,4767.92,3,4,22165.99
DRREDDY26JUNFUT,0.05,0.002,2.0,0.3,0.5,1.0,0.6,-1.7396,6.6625,8818.86,-3900.08,-780.02,2,4,22408.87
DRREDDY26JUNFUT,0.05,0.002,2.0,0.3,0.5,1.5,0.4,-4.6594,7.83,17218.95,-23386.49,-4677.3,3,4,21689.4
DRREDDY26JUNFUT,0.05,0.002,2.0,0.3,0.5,1.5,0.5,-4.792,7.7425,14139.91,-26465.53,-5293.11,3,4,21021.56
DRREDDY26JUNFUT,0.05,0.002,2.0,0.3,0.5,1.5,0.6,-5.6234,7.745,3822.75,-40887.58,-8177.52,3,4,20381.67
DRREDDY26JUNFUT,0.05,0.002,2.0,0.3,0.5,2.0,0.4,-20.2455,4.4025,-136599.97,-188143.01,-37628.6,0,4,16980.31
DRREDDY26JUNFUT,0.05,0.002,2.0,0.3,0.5,2.0,0.5,-18.7861,4.46,-136715.81,-188258.85,-37651.77,0,4,18162.05
DRREDDY26JUNFUT,0.05,0.002,2.0,0.3,0.5,2.0,0.6,-30.7502,4.2325,-148034.82,-198370.09,-39674.02,0,4,14309.94
DRREDDY26JUNFUT,0.05,0.002,2.0,0.3,1.0,1.0,0.4,-1.4518,8.65,36782.06,22312.69,4462.54,3,4,22644.62
DRREDDY26JUNFUT,0.05,0.002,2.0,0.3,1.0,1.0,0.5,-1.3927,8.72,38702.75,23845.86,4769.17,3,4,22164.15
DRREDDY26JUNFUT,0.05,0.002,2.0,0.3,1.0,1.0,0.6,-1.7396,6.6625,8818.86,-3900.08,-780.02,2,4,22408.87
DRREDDY26JUNFUT,0.05,0.002,2.0,0.3,1.0,1.5,0.4,-4.7779,7.82,16200.72,-24404.72,-4880.94,3,4,21637.12
DRREDDY26JUNFUT,0.05,0.002,2.0,0.3,1.0,1.5,0.5,-4.9122,7.7325,13121.68,-27483.76,-5496.75,3,4,20961.65
DRREDDY26JUNFUT,0.05,0.002,2.0,0.3,1.0,1.5,0.6,-5.6234,7.745,3816.5,-40893.83,-8178.77,3,4,20382.16
DRREDDY26JUNFUT,0.05,0.002,2.0,0.3,1.0,2.0,0.4,-20.2503,4.385,-137270.8,-188813.84,-37762.77,0,4,17012.17
DRREDDY26JUNFUT,0.05,0.002,2.0,0.3,1.0,2.0,0.5,-18.8032,4.4425,-137386.64,-188929.68,-37785.94,0,4,18180.23
DRREDDY26JUNFUT,0.05,0.002,2.0,0.3,1.0,2.0,0.6,-30.7499,4.23,-148034.83,-198370.09,-39674.02,0,4,14311.77
DRREDDY26JUNFUT,0.05,0.002,2.0,0.5,0.3,1.0,0.4,-1.415,8.6825,37253.93,22784.56,4556.91,3,4,22502.34
DRREDDY26JUNFUT,0.05,0.002,2.0,0.5,0.3,1.0,0.5,-1.3932,8.72,38696.51,23839.62,4767.92,3,4,22165.99
DRREDDY26JUNFUT,0.05,0.002,2.0,0.5,0.3,1.0,0.6,-1.7396,6.6625,8818.86,-3900.08,-780.02,2,4,22408.87
DRREDDY26JUNFUT,0.05,0.002,2.0,0.5,0.3,1.5,0.4,-4.6607,7.83,17206.46,-23398.98,-4679.8,3,4,21685.35
DRREDDY26JUNFUT,0.05,0.002,2.0,0.5,0.3,1.5,0.5,-4.7933,7.7425,14127.42,-26478.02,-5295.6,3,4,21017.63
DRREDDY26JUNFUT,0.05,0.002,2.0,0.5,0.3,1.5,0.6,-5.6234,7.745,3822.75,-40887.58,-8177.52,3,4,20381.67
DRREDDY26JUNFUT,0.05,0.002,2.0,0.5,0.3,2.0,0.4,-20.2404,4.405,-136581.22,-188124.26,-37624.85,0,4,16982.38
DRREDDY26JUNFUT,0.05,0.002,2.0,0.5,0.3,2.0,0.5,-18.7816,4.475,-135410.22,-186953.26,-37390.65,0,4,17900.85
DRREDDY26JUNFUT,0.05,0.002,2.0,0.5,0.3,2.0,0.6,-30.7466,4.2375,-146989.21,-197330.72,-39466.14,0,4,14027.67
DRREDDY26JUNFUT,0.05,0.002,2.0,0.5,0.5,1.0,0.4,-1.415,8.6825,37253.93,22784.56,4556.91,3,4,22502.34
DRREDDY26JUNFUT,0.05,0.002,2.0,0.5,0.5,1.0,0.5,-1.3932,8.72,38696.5,23839.61,4767.92,3,4,22165.99
DRREDDY26JUNFUT,0.05,0.002,2.0,0.5,0.5,1.0,0.6,-1.7396,6.6625,8818.86,-3900.08,-780.02,2,4,22408.87
DRREDDY26JUNFUT,0.05,0.002,2.0,0.5,0.5,1.5,0.4,-4.6594,7.83,17218.95,-23386.49,-4677.3,3,4,21689.4
DRREDDY26JUNFUT,0.05,0.002,2.0,0.5,0.5,1.5,0.5,-4.792,7.7425,14139.91,-26465.53,-5293.11,3,4,21021.56
DRREDDY26JUNFUT,0.05,0.002,2.0,0.5,0.5,1.5,0.6,-5.6234,7.745,3822.75,-40887.58,-8177.52,3,4,20381.67
DRREDDY26JUNFUT,0.05,0.002,2.0,0.5,0.5,2.0,0.4,-20.2455,4.4025,-136599.97,-188143.01,-37628.6,0,4,16980.31
DRREDDY26JUNFUT,0.05,0.002,2.0,0.5,0.5,2.0,0.5,-18.7861,4.46,-136715.81,-188258.85,-37651.77,0,4,18162.05
DRREDDY26JUNFUT,0.05,0.002,2.0,0.5,0.5,2.0,0.6,-30.7502,4.2325,-148034.82,-198370.09,-39674.02,0,4,14309.94
DRREDDY26JUNFUT,0.05,0.002,2.0,0.5,1.0,1.0,0.4,-1.4518,8.65,36782.06,22312.69,4462.54,3,4,22644.62
DRREDDY26JUNFUT,0.05,0.002,2.0,0.5,1.0,1.0,0.5,-1.3927,8.72,38702.75,23845.86,4769.17,3,4,22164.15
DRREDDY26JUNFUT,0.05,0.002,2.0,0.5,1.0,1.0,0.6,-1.7396,6.6625,8818.86,-3900.08,-780.02,2,4,22408.87
DRREDDY26JUNFUT,0.05,0.002,2.0,0.5,1.0,1.5,0.4,-4.7779,7.82,16200.72,-24404.72,-4880.94,3,4,21637.12
DRREDDY26JUNFUT,0.05,0.002,2.0,0.5,1.0,1.5,0.5,-4.9122,7.7325,13121.68,-27483.76,-5496.75,3,4,20961.65
DRREDDY26JUNFUT,0.05,0.002,2.0,0.5,1.0,1.5,0.6,-5.6234,7.745,3816.5,-40893.83,-8178.77,3,4,20382.16
DRREDDY26JUNFUT,0.05,0.002,2.0,0.5,1.0,2.0,0.4,-20.2503,4.385,-137270.8,-188813.84,-37762.77,0,4,17012.17
DRREDDY26JUNFUT,0.05,0.002,2.0,0.5,1.0,2.0,0.5,-18.8032,4.4425,-137386.64,-188929.68,-37785.94,0,4,18180.23
DRREDDY26JUNFUT,0.05,0.002,2.0,0.5,1.0,2.0,0.6,-30.7499,4.23,-148034.83,-198370.09,-39674.02,0,4,14311.77
EXIDEIND26JUNFUT,0.05,0.001,2.0,0.2,0.3,1.0,0.4,-40.612,1.0875,-13949.88,-26585.32,-5317.06,0,4,4831.59
EXIDEIND26JUNFUT,0.05,0.001,2.0,0.2,0.3,1.0,0.5,-28.4963,1.1075,-12258.75,-24947.44,-4989.49,0,4,4593.23
EXIDEIND26JUNFUT,0.05,0.001,2.0,0.2,0.3,1.0,0.6,-28.7573,1.12,-12241.57,-24840.76,-4968.15,0,4,4565.88
EXIDEIND26JUNFUT,0.05,0.001,2.0,0.2,0.3,1.5,0.4,0.082,6.49,168665.99,169754.84,33950.97,4,4,54492.03
EXIDEIND26JUNFUT,0.05,0.001,2.0,0.2,0.3,1.5,0.5,0.5274,6.515,165643.28,167731.05,33546.21,4,4,53191.75
EXIDEIND26JUNFUT,0.05,0.001,2.0,0.2,0.3,1.5,0.6,2.0082,7.415,162766.19,166757.64,33351.53,4,4,49567.85
EXIDEIND26JUNFUT,0.05,0.001,2.0,0.2,0.3,2.0,0.4,20.3861,9.18,291508.0,350255.85,70051.17,5,4,35817.51
EXIDEIND26JUNFUT,0.05,0.001,2.0,0.2,0.3,2.0,0.5,21.2086,9.0575,266123.16,322617.03,64523.41,5,4,29413.56
EXIDEIND26JUNFUT,0.05,0.001,2.0,0.2,0.3,2.0,0.6,20.6155,9.02,269551.89,325034.99,65007.0,5,4,30192.25
EXIDEIND26JUNFUT,0.05,0.001,2.0,0.2,0.5,1.0,0.4,-40.612,1.0875,-13949.88,-26585.32,-5317.06,0,4,4831.59
EXIDEIND26JUNFUT,0.05,0.001,2.0,0.2,0.5,1.0,0.5,-28.4963,1.1075,-12258.75,-24947.44,-4989.49,0,4,4593.23
EXIDEIND26JUNFUT,0.05,0.001,2.0,0.2,0.5,1.0,0.6,-28.7573,1.12,-12241.57,-24840.76,-4968.15,0,4,4565.88
EXIDEIND26JUNFUT,0.05,0.001,2.0,0.2,0.5,1.5,0.4,0.082,6.49,168665.99,169754.84,33950.97,4,4,54492.03
EXIDEIND26JUNFUT,0.05,0.001,2.0,0.2,0.5,1.5,0.5,0.5274,6.515,165643.28,167731.05,33546.21,4,4,53191.75
EXIDEIND26JUNFUT,0.05,0.001,2.0,0.2,0.5,1.5,0.6,2.0082,7.415,162766.19,166757.64,33351.53,4,4,49567.85
EXIDEIND26JUNFUT,0.05,0.001,2.0,0.2,0.5,2.0,0.4,20.3781,9.18,291472.0,350219.85,70043.97,5,4,35822.34
EXIDEIND26JUNFUT,0.05,0.001,2.0,0.2,0.5,2.0,0.5,21.2094,9.0575,266105.16,322599.03,64519.81,5,4,29411.65
EXIDEIND26JUNFUT,0.05,0.001,2.0,0.2,0.5,2.0,0.6,20.6155,9.02,269551.89,325034.99,65007.0,5,4,30192.25
EXIDEIND26JUNFUT,0.05,0.001,2.0,0.2,1.0,1.0,0.4,-40.612,1.0875,-13949.88,-26585.32,-5317.06,0,4,4831.59
EXIDEIND26JUNFUT,0.05,0.001,2.0,0.2,1.0,1.0,0.5,-28.4963,1.1075,-12258.75,-24947.44,-4989.49,0,4,4593.23
EXIDEIND26JUNFUT,0.05,0.001,2.0,0.2,1.0,1.0,0.6,-28.7573,1.12,-12241.57,-24840.76,-4968.15,0,4,4565.88
EXIDEIND26JUNFUT,0.05,0.001,2.0,0.2,1.0,1.5,0.4,0.3607,6.765,170865.05,171953.9,34390.78,4,4,54067.76
EXIDEIND26JUNFUT,0.05,0.001,2.0,0.2,1.0,1.5,0.5,0.8493,6.79,167842.34,169930.11,33986.02,4,4,52760.56
EXIDEIND26JUNFUT,0.05,0.001,2.0,0.2,1.0,1.5,0.6,2.4861,7.705,164965.25,168956.7,33791.34,4,4,49141.56
EXIDEIND26JUNFUT,0.05,0.001,2.0,0.2,1.0,2.0,0.4,19.8654,9.135,290376.79,349106.64,69821.33,5,4,36171.85
EXIDEIND26JUNFUT,0.05,0.001,2.0,0.2,1.0,2.0,0.5,20.6489,9.0125,265009.96,321485.83,64297.17,5,4,29794.85
EXIDEIND26JUNFUT,0.05,0.001,2.0,0.2,1.0,2.0,0.6,20.6155,9.02,269551.89,325034.99,65007.0,5,4,30192.25
EXIDEIND26JUNFUT,0.05,0.001,2.0,0.3,0.3,1.0,0.4,-40.612,1.0875,-13949.88,-26585.32,-5317.06,0,4,4831.59
EXIDEIND26JUNFUT,0.05,0.001,2.0,0.3,0.3,1.0,0.5,-28.4963,1.1075,-12258.75,-24947.44,-4989.49,0,4,4593.23
EXIDEIND26JUNFUT,0.05,0.001,2.0,0.3,0.3,1.0,0.6,-28.7573,1.12,-12241.57,-24840.76,-4968.15,0,4,4565.88
EXIDEIND26JUNFUT,0.05,0.001,2.0,0.3,0.3,1.5,0.4,0.082,6.49,168665.99,169754.84,33950.97,4,4,54492.03
EXIDEIND26JUNFUT,0.05,0.001,2.0,0.3,0.3,1.5,0.5,0.5274,6.515,165643.28,167731.05,33546.21,4,4,53191.75
EXIDEIND26JUNFUT,0.05,0.001,2.0,0.3,0.3,1.5,0.6,2.0082,7.415,162766.19,166757.64,33351.53,4,4,49567.85
EXIDEIND26JUNFUT,0.05,0.001,2.0,0.3,0.3,2.0,0.4,20.3861,9.18,291508.0,350255.85,70051.17,5,4,35817.51
EXIDEIND26JUNFUT,0.05,0.001,2.0,0.3,0.3,2.0,0.5,21.2086,9.0575,266123.16,322617.03,64523.41,5,4,29413.56
EXIDEIND26JUNFUT,0.05,0.001,2.0,0.3,0.3,2.0,0.6,20.6155,9.02,269551.89,325034.99,65007.0,5,4,30192.25
EXIDEIND26JUNFUT,0.05,0.001,2.0,0.3,0.5,1.0,0.4,-40.612,1.0875,-13949.88,-26585.32,-5317.06,0,4,4831.59
EXIDEIND26JUNFUT,0.05,0.001,2.0,0.3,0.5,1.0,0.5,-28.4963,1.1075,-12258.75,-24947.44,-4989.49,0,4,4593.23
EXIDEIND26JUNFUT,0.05,0.001,2.0,0.3,0.5,1.0,0.6,-28.7573,1.12,-12241.57,-24840.76,-4968.15,0,4,4565.88
EXIDEIND26JUNFUT,0.05,0.001,2.0,0.3,0.5,1.5,0.4,0.082,6.49,168665.99,169754.84,33950.97,4,4,54492.03
EXIDEIND26JUNFUT,0.05,0.001,2.0,0.3,0.5,1.5,0.5,0.5274,6.515,165643.28,167731.05,33546.21,4,4,53191.75
EXIDEIND26JUNFUT,0.05,0.001,2.0,0.3,0.5,1.5,0.6,2.0082,7.415,162766.19,166757.64,33351.53,4,4,49567.85
EXIDEIND26JUNFUT,0.05,0.001,2.0,0.3,0.5,2.0,0.4,20.3781,9.18,291472.0,350219.85,70043.97,5,4,35822.34
EXIDEIND26JUNFUT,0.05,0.001,2.0,0.3,0.5,2.0,0.5,21.2094,9.0575,266105.16,322599.03,64519.81,5,4,29411.65
EXIDEIND26JUNFUT,0.05,0.001,2.0,0.3,0.5,2.0,0.6,20.6155,9.02,269551.89,325034.99,65007.0,5,4,30192.25
EXIDEIND26JUNFUT,0.05,0.001,2.0,0.3,1.0,1.0,0.4,-40.612,1.0875,-13949.88,-26585.32,-5317.06,0,4,4831.59
EXIDEIND26JUNFUT,0.05,0.001,2.0,0.3,1.0,1.0,0.5,-28.4963,1.1075,-12258.75,-24947.44,-4989.49,0,4,4593.23
EXIDEIND26JUNFUT,0.05,0.001,2.0,0.3,1.0,1.0,0.6,-28.7573,1.12,-12241.57,-24840.76,-4968.15,0,4,4565.88
EXIDEIND26JUNFUT,0.05,0.001,2.0,0.3,1.0,1.5,0.4,0.3607,6.765,170865.05,171953.9,34390.78,4,4,54067.76
EXIDEIND26JUNFUT,0.05,0.001,2.0,0.3,1.0,1.5,0.5,0.8493,6.79,167842.34,169930.11,33986.02,4,4,52760.56
EXIDEIND26JUNFUT,0.05,0.001,2.0,0.3,1.0,1.5,0.6,2.4861,7.705,164965.25,168956.7,33791.34,4,4,49141.56
EXIDEIND26JUNFUT,0.05,0.001,2.0,0.3,1.0,2.0,0.4,19.8654,9.135,290376.79,349106.64,69821.33,5,4,36171.85
EXIDEIND26JUNFUT,0.05,0.001,2.0,0.3,1.0,2.0,0.5,20.6489,9.0125,265009.96,321485.83,64297.17,5,4,29794.85
EXIDEIND26JUNFUT,0.05,0.001,2.0,0.3,1.0,2.0,0.6,20.6155,9.02,269551.89,325034.99,65007.0,5,4,30192.25
EXIDEIND26JUNFUT,0.05,0.001,2.0,0.5,0.3,1.0,0.4,-40.612,1.0875,-13949.88,-26585.32,-5317.06,0,4,4831.59
EXIDEIND26JUNFUT,0.05,0.001,2.0,0.5,0.3,1.0,0.5,-28.4963,1.1075,-12258.75,-24947.44,-4989.49,0,4,4593.23
EXIDEIND26JUNFUT,0.05,0.001,2.0,0.5,0.3,1.0,0.6,-28.7573,1.12,-12241.57,-24840.76,-4968.15,0,4,4565.88
EXIDEIND26JUNFUT,0.05,0.001,2.0,0.5,0.3,1.5,0.4,0.082,6.49,168665.99,169754.84,33950.97,4,4,54492.03
EXIDEIND26JUNFUT,0.05,0.001,2.0,0.5,0.3,1.5,0.5,0.5274,6.515,165643.28,167731.05,33546.21,4,4,53191.75
EXIDEIND26JUNFUT,0.05,0.001,2.0,0.5,0.3,1.5,0.6,2.0082,7.415,162766.19,166757.64,33351.53,4,4,49567.85
EXIDEIND26JUNFUT,0.05,0.001,2.0,0.5,0.3,2.0,0.4,20.3861,9.18,291508.0,350255.85,70051.17,5,4,35817.51
EXIDEIND26JUNFUT,0.05,0.001,2.0,0.5,0.3,2.0,0.5,21.2086,9.0575,266123.16,322617.03,64523.41,5,4,29413.56
EXIDEIND26JUNFUT,0.05,0.001,2.0,0.5,0.3,2.0,0.6,20.6155,9.02,269551.89,325034.99,65007.0,5,4,30192.25
EXIDEIND26JUNFUT,0.05,0.001,2.0,0.5,0.5,1.0,0.4,-40.612,1.0875,-13949.88,-26585.32,-5317.06,0,4,4831.59
EXIDEIND26JUNFUT,0.05,0.001,2.0,0.5,0.5,1.0,0.5,-28.4963,1.1075,-12258.75,-24947.44,-4989.49,0,4,4593.23
EXIDEIND26JUNFUT,0.05,0.001,2.0,0.5,0.5,1.0,0.6,-28.7573,1.12,-12241.57,-24840.76,-4968.15,0,4,4565.88
EXIDEIND26JUNFUT,0.05,0.001,2.0,0.5,0.5,1.5,0.4,0.082,6.49,168665.99,169754.84,33950.97,4,4,54492.03
EXIDEIND26JUNFUT,0.05,0.001,2.0,0.5,0.5,1.5,0.5,0.5274,6.515,165643.28,167731.05,33546.21,4,4,53191.75
EXIDEIND26JUNFUT,0.05,0.001,2.0,0.5,0.5,1.5,0.6,2.0082,7.415,162766.19,166757.64,33351.53,4,4,49567.85
EXIDEIND26JUNFUT,0.05,0.001,2.0,0.5,0.5,2.0,0.4,20.3781,9.18,291472.0,350219.85,70043.97,5,4,35822.34
EXIDEIND26JUNFUT,0.05,0.001,2.0,0.5,0.5,2.0,0.5,21.2094,9.0575,266105.16,322599.03,64519.81,5,4,29411.65
EXIDEIND26JUNFUT,0.05,0.001,2.0,0.5,0.5,2.0,0.6,20.6155,9.02,269551.89,325034.99,65007.0,5,4,30192.25
EXIDEIND26JUNFUT,0.05,0.001,2.0,0.5,1.0,1.0,0.4,-40.612,1.0875,-13949.88,-26585.32,-5317.06,0,4,4831.59
EXIDEIND26JUNFUT,0.05,0.001,2.0,0.5,1.0,1.0,0.5,-28.4963,1.1075,-12258.75,-24947.44,-4989.49,0,4,4593.23
EXIDEIND26JUNFUT,0.05,0.001,2.0,0.5,1.0,1.0,0.6,-28.7573,1.12,-12241.57,-24840.76,-4968.15,0,4,4565.88
EXIDEIND26JUNFUT,0.05,0.001,2.0,0.5,1.0,1.5,0.4,0.3607,6.765,170865.05,171953.9,34390.78,4,4,54067.76
EXIDEIND26JUNFUT,0.05,0.001,2.0,0.5,1.0,1.5,0.5,0.8493,6.79,167842.34,169930.11,33986.02,4,4,52760.56
EXIDEIND26JUNFUT,0.05,0.001,2.0,0.5,1.0,1.5,0.6,2.4861,7.705,164965.25,168956.7,33791.34,4,4,49141.56
EXIDEIND26JUNFUT,0.05,0.001,2.0,0.5,1.0,2.0,0.4,19.8654,9.135,290376.79,349106.64,69821.33,5,4,36171.85
EXIDEIND26JUNFUT,0.05,0.001,2.0,0.5,1.0,2.0,0.5,20.6489,9.0125,265009.96,321485.83,64297.17,5,4,29794.85
EXIDEIND26JUNFUT,0.05,0.001,2.0,0.5,1.0,2.0,0.6,20.6155,9.02,269551.89,325034.99,65007.0,5,4,30192.25
GODREJPROP26JUNFUT,0.1,0.001,2.0,0.2,0.3,1.0,0.4,3.2636,4.89,47095.26,62938.94,12587.79,3,4,22871.61
GODREJPROP26JUNFUT,0.1,0.001,2.0,0.2,0.3,1.0,0.5,2.0589,4.8725,48015.27,60011.11,12002.22,3,4,23589.52
GODREJPROP26JUNFUT,0.1,0.001,2.0,0.2,0.3,1.0,0.6,1.3046,4.995,51947.26,61515.28,12303.06,3,4,25355.65
GODREJPROP26JUNFUT,0.1,0.001,2.0,0.2,0.3,1.5,0.4,-21.716,2.8625,-136884.67,-154565.8,-30913.16,0,4,15873.33
GODREJPROP26JUNFUT,0.1,0.001,2.0,0.2,0.3,1.5,0.5,-21.5007,2.9875,-129088.31,-146327.96,-29265.59,0,4,15157.19
GODREJPROP26JUNFUT,0.1,0.001,2.0,0.2,0.3,1.5,0.6,-23.1475,2.965,-130579.83,-150712.75,-30142.55,0,4,15332.59
GODREJPROP26JUNFUT,0.1,0.001,2.0,0.2,0.3,2.0,0.4,-15.622,2.7075,-192750.1,-194014.68,-38802.94,0,4,28636.54
GODREJPROP26JUNFUT,0.1,0.001,2.0,0.2,0.3,2.0,0.5,-15.5554,2.6975,-193097.72,-194342.81,-38868.56,0,4,28373.19
GODREJPROP26JUNFUT,0.1,0.001,2.0,0.2,0.3,2.0,0.6,-14.9418,2.725,-188654.71,-187683.79,-37536.76,1,4,27652.09
GODREJPROP26JUNFUT,0.1,0.001,2.0,0.2,0.5,1.0,0.4,3.1979,4.87,45428.29,63298.9,12659.78,3,4,22932.05
GODREJPROP26JUNFUT,0.1,0.001,2.0,0.2,0.5,1.0,0.5,2.0652,4.855,46325.53,60348.31,12069.66,3,4,23594.39
GODREJPROP26JUNFUT,0.1,0.001,2.0,0.2,0.5,1.0,0.6,1.3067,4.995,51953.75,61521.78,12304.36,3,4,25355.97
GODREJPROP26JUNFUT,0.1,0.001,2.0,0.2,0.5,1.5,0.4,-23.522,2.8625,-136878.18,-157372.35,-31474.47,0,4,15441.28
GODREJPROP26JUNFUT,0.1,0.001,2.0,0.2,0.5,1.5,0.5,-23.3105,2.9875,-129088.32,-149141.01,-29828.2,0,4,14750.61
GODREJPROP26JUNFUT,0.1,0.001,2.0,0.2,0.5,1.5,0.6,-23.1475,2.965,-130579.83,-150712.75,-30142.55,0,4,15332.59
GODREJPROP26JUNFUT,0.1,0.001,2.0,0.2,0.5,2.0,0.4,-15.6534,2.7,-193630.44,-194895.02,-38979.0,0,4,28739.27
GODREJPROP26JUNFUT,0.1,0.001,2.0,0.2,0.5,2.0,0.5,-15.5866,2.6875,-193981.31,-195226.4,-39045.28,0,4,28476.06
GODREJPROP26JUNFUT,0.1,0.001,2.0,0.2,0.5,2.0,0.6,-14.9409,2.725,-188664.46,-187690.29,-37538.06,1,4,27652.95
GODREJPROP26JUNFUT,0.1,0.001,2.0,0.2,1.0,1.0,0.4,2.7885,4.8625,44674.9,62545.51,12509.1,3,4,22993.88
GODREJPROP26JUNFUT,0.1,0.001,2.0,0.2,1.0,1.0,0.5,1.6116,4.8475,45572.14,59594.92,11918.98,3,4,23650.65
GODREJPROP26JUNFUT,0.1,0.001,2.0,0.2,1.0,1.0,0.6,1.3088,4.995,51957.0,61525.03,12305.01,3,4,25355.58
GODREJPROP26JUNFUT,0.1,0.001,2.0,0.2,1.0,1.5,0.4,-23.5184,2.87,-136429.67,-156923.83,-31384.77,0,4,15378.78
GODREJPROP26JUNFUT,0.1,0.001,2.0,0.2,1.0,1.5,0.5,-23.3083,2.9875,-129091.57,-149144.26,-29828.85,0,4,14752.38
GODREJPROP26JUNFUT,0.1,0.001,2.0,0.2,1.0,1.5,0.6,-23.1463,2.965,-130583.08,-150716.0,-30143.2,0,4,15333.75
GODREJPROP26JUNFUT,0.1,0.001,2.0,0.2,1.0,2.0,0.4,-15.4721,2.665,-197291.1,-198555.68,-39711.14,0,4,29854.9
GODREJPROP26JUNFUT,0.1,0.001,2.0,0.2,1.0,2.0,0.5,-15.4064,2.6525,-197635.47,-198880.55,-39776.11,0,4,29600.19
GODREJPROP26JUNFUT,0.1,0.001,2.0,0.2,1.0,2.0,0.6,-14.9407,2.725,-188664.46,-187690.29,-37538.06,1,4,27652.07
GODREJPROP26JUNFUT,0.1,0.001,2.0,0.3,0.3,1.0,0.4,3.2636,4.89,47095.26,62938.94,12587.79,3,4,22871.61
GODREJPROP26JUNFUT,0.1,0.001,2.0,0.3,0.3,1.0,0.5,2.0589,4.8725,48015.27,60011.11,12002.22,3,4,23589.52
GODREJPROP26JUNFUT,0.1,0.001,2.0,0.3,0.3,1.0,0.6,1.3046,4.995,51947.26,61515.28,12303.06,3,4,25355.65
GODREJPROP26JUNFUT,0.1,0.001,2.0,0.3,0.3,1.5,0.4,-21.716,2.8625,-136884.67,-154565.8,-30913.16,0,4,15873.33
GODREJPROP26JUNFUT,0.1,0.001,2.0,0.3,0.3,1.5,0.5,-21.5007,2.9875,-129088.31,-146327.96,-29265.59,0,4,15157.19
GODREJPROP26JUNFUT,0.1,0.001,2.0,0.3,0.3,1.5,0.6,-23.1475,2.965,-130579.83,-150712.75,-30142.55,0,4,15332.59
GODREJPROP26JUNFUT,0.1,0.001,2.0,0.3,0.3,2.0,0.4,-15.622,2.7075,-192750.1,-194014.68,-38802.94,0,4,28636.54
GODREJPROP26JUNFUT,0.1,0.001,2.0,0.3,0.3,2.0,0.5,-15.5554,2.6975,-193097.72,-194342.81,-38868.56,0,4,28373.19
GODREJPROP26JUNFUT,0.1,0.001,2.0,0.3,0.3,2.0,0.6,-14.9418,2.725,-188654.71,-187683.79,-37536.76,1,4,27652.09
GODREJPROP26JUNFUT,0.1,0.001,2.0,0.3,0.5,1.0,0.4,3.1979,4.87,45428.29,63298.9,12659.78,3,4,22932.05
GODREJPROP26JUNFUT,0.1,0.001,2.0,0.3,0.5,1.0,0.5,2.0652,4.855,46325.53,60348.31,12069.66,3,4,23594.39
GODREJPROP26JUNFUT,0.1,0.001,2.0,0.3,0.5,1.0,0.6,1.3067,4.995,51953.75,61521.78,12304.36,3,4,25355.97
GODREJPROP26JUNFUT,0.1,0.001,2.0,0.3,0.5,1.5,0.4,-23.522,2.8625,-136878.18,-157372.35,-31474.47,0,4,15441.28
GODREJPROP26JUNFUT,0.1,0.001,2.0,0.3,0.5,1.5,0.5,-23.3105,2.9875,-129088.32,-149141.01,-29828.2,0,4,14750.61
GODREJPROP26JUNFUT,0.1,0.001,2.0,0.3,0.5,1.5,0.6,-23.1475,2.965,-130579.83,-150712.75,-30142.55,0,4,15332.59
GODREJPROP26JUNFUT,0.1,0.001,2.0,0.3,0.5,2.0,0.4,-15.6534,2.7,-193630.44,-194895.02,-38979.0,0,4,28739.27
GODREJPROP26JUNFUT,0.1,0.001,2.0,0.3,0.5,2.0,0.5,-15.5866,2.6875,-193981.31,-195226.4,-39045.28,0,4,28476.06
GODREJPROP26JUNFUT,0.1,0.001,2.0,0.3,0.5,2.0,0.6,-14.9409,2.725,-188664.46,-187690.29,-37538.06,1,4,27652.95
GODREJPROP26JUNFUT,0.1,0.001,2.0,0.3,1.0,1.0,0.4,2.7885,4.8625,44674.9,62545.51,12509.1,3,4,22993.88
GODREJPROP26JUNFUT,0.1,0.001,2.0,0.3,1.0,1.0,0.5,1.6116,4.8475,45572.14,59594.92,11918.98,3,4,23650.65
GODREJPROP26JUNFUT,0.1,0.001,2.0,0.3,1.0,1.0,0.6,1.3088,4.995,51957.0,61525.03,12305.01,3,4,25355.58
GODREJPROP26JUNFUT,0.1,0.001,2.0,0.3,1.0,1.5,0.4,-23.5184,2.87,-136429.67,-156923.83,-31384.77,0,4,15378.78
GODREJPROP26JUNFUT,0.1,0.001,2.0,0.3,1.0,1.5,0.5,-23.3083,2.9875,-129091.57,-149144.26,-29828.85,0,4,14752.38
GODREJPROP26JUNFUT,0.1,0.001,2.0,0.3,1.0,1.5,0.6,-23.1463,2.965,-130583.08,-150716.0,-30143.2,0,4,15333.75
GODREJPROP26JUNFUT,0.1,0.001,2.0,0.3,1.0,2.0,0.4,-15.4721,2.665,-197291.1,-198555.68,-39711.14,0,4,29854.9
GODREJPROP26JUNFUT,0.1,0.001,2.0,0.3,1.0,2.0,0.5,-15.4064,2.6525,-197635.47,-198880.55,-39776.11,0,4,29600.19
GODREJPROP26JUNFUT,0.1,0.001,2.0,0.3,1.0,2.0,0.6,-14.9407,2.725,-188664.46,-187690.29,-37538.06,1,4,27652.07
GODREJPROP26JUNFUT,0.1,0.001,2.0,0.5,0.3,1.0,0.4,3.2636,4.89,47095.26,62938.94,12587.79,3,4,22871.61
GODREJPROP26JUNFUT,0.1,0.001,2.0,0.5,0.3,1.0,0.5,2.0589,4.8725,48015.27,60011.11,12002.22,3,4,23589.52
GODREJPROP26JUNFUT,0.1,0.001,2.0,0.5,0.3,1.0,0.6,1.3046,4.995,51947.26,61515.28,12303.06,3,4,25355.65
GODREJPROP26JUNFUT,0.1,0.001,2.0,0.5,0.3,1.5,0.4,-21.716,2.8625,-136884.67,-154565.8,-30913.16,0,4,15873.33
GODREJPROP26JUNFUT,0.1,0.001,2.0,0.5,0.3,1.5,0.5,-21.5007,2.9875,-129088.31,-146327.96,-29265.59,0,4,15157.19
GODREJPROP26JUNFUT,0.1,0.001,2.0,0.5,0.3,1.5,0.6,-23.1475,2.965,-130579.83,-150712.75,-30142.55,0,4,15332.59
GODREJPROP26JUNFUT,0.1,0.001,2.0,0.5,0.3,2.0,0.4,-15.622,2.7075,-192750.1,-194014.68,-38802.94,0,4,28636.54
GODREJPROP26JUNFUT,0.1,0.001,2.0,0.5,0.3,2.0,0.5,-15.5554,2.6975,-193097.72,-194342.81,-38868.56,0,4,28373.19
GODREJPROP26JUNFUT,0.1,0.001,2.0,0.5,0.3,2.0,0.6,-14.9418,2.725,-188654.71,-187683.79,-37536.76,1,4,27652.09
GODREJPROP26JUNFUT,0.1,0.001,2.0,0.5,0.5,1.0,0.4,3.1979,4.87,45428.29,63298.9,12659.78,3,4,22932.05
GODREJPROP26JUNFUT,0.1,0.001,2.0,0.5,0.5,1.0,0.5,2.0652,4.855,46325.53,60348.31,12069.66,3,4,23594.39
GODREJPROP26JUNFUT,0.1,0.001,2.0,0.5,0.5,1.0,0.6,1.3067,4.995,51953.75,61521.78,12304.36,3,4,25355.97
GODREJPROP26JUNFUT,0.1,0.001,2.0,0.5,0.5,1.5,0.4,-23.522,2.8625,-136878.18,-157372.35,-31474.47,0,4,15441.28
GODREJPROP26JUNFUT,0.1,0.001,2.0,0.5,0.5,1.5,0.5,-23.3105,2.9875,-129088.32,-149141.01,-29828.2,0,4,14750.61
GODREJPROP26JUNFUT,0.1,0.001,2.0,0.5,0.5,1.5,0.6,-23.1475,2.965,-130579.83,-150712.75,-30142.55,0,4,15332.59
GODREJPROP26JUNFUT,0.1,0.001,2.0,0.5,0.5,2.0,0.4,-15.6534,2.7,-193630.44,-194895.02,-38979.0,0,4,28739.27
GODREJPROP26JUNFUT,0.1,0.001,2.0,0.5,0.5,2.0,0.5,-15.5866,2.6875,-193981.31,-195226.4,-39045.28,0,4,28476.06
GODREJPROP26JUNFUT,0.1,0.001,2.0,0.5,0.5,2.0,0.6,-14.9409,2.725,-188664.46,-187690.29,-37538.06,1,4,27652.95
GODREJPROP26JUNFUT,0.1,0.001,2.0,0.5,1.0,1.0,0.4,2.7885,4.8625,44674.9,62545.51,12509.1,3,4,22993.88
GODREJPROP26JUNFUT,0.1,0.001,2.0,0.5,1.0,1.0,0.5,1.6116,4.8475,45572.14,59594.92,11918.98,3,4,23650.65
GODREJPROP26JUNFUT,0.1,0.001,2.0,0.5,1.0,1.0,0.6,1.3088,4.995,51957.0,61525.03,12305.01,3,4,25355.58
GODREJPROP26JUNFUT,0.1,0.001,2.0,0.5,1.0,1.5,0.4,-23.5184,2.87,-136429.67,-156923.83,-31384.77,0,4,15378.78
GODREJPROP26JUNFUT,0.1,0.001,2.0,0.5,1.0,1.5,0.5,-23.3083,2.9875,-129091.57,-149144.26,-29828.85,0,4,14752.38
GODREJPROP26JUNFUT,0.1,0.001,2.0,0.5,1.0,1.5,0.6,-23.1463,2.965,-130583.08,-150716.0,-30143.2,0,4,15333.75
GODREJPROP26JUNFUT,0.1,0.001,2.0,0.5,1.0,2.0,0.4,-15.4721,2.665,-197291.1,-198555.68,-39711.14,0,4,29854.9
GODREJPROP26JUNFUT,0.1,0.001,2.0,0.5,1.0,2.0,0.5,-15.4064,2.6525,-197635.47,-198880.55,-39776.11,0,4,29600.19
GODREJPROP26JUNFUT,0.1,0.001,2.0,0.5,1.0,2.0,0.6,-14.9407,2.725,-188664.46,-187690.29,-37538.06,1,4,27652.07
HAVELLS26JUNFUT,0.05,0.002,1.5,0.2,0.3,1.0,0.4,-9.8117,7.3025,-20477.34,-47227.9,-9445.58,3,4,22018.6
HAVELLS26JUNFUT,0.05,0.002,1.5,0.2,0.3,1.0,0.5,-9.8102,7.305,-20422.34,-47172.89,-9434.58,3,4,22027.79
HAVELLS26JUNFUT,0.05,0.002,1.5,0.2,0.3,1.0,0.6,-11.2697,6.5725,-15361.23,-42121.79,-8424.36,3,4,24730.57
HAVELLS26JUNFUT,0.05,0.002,1.5,0.2,0.3,1.5,0.4,-67.5186,4.0,32405.72,7784.42,1556.88,2,4,62221.1
HAVELLS26JUNFUT,0.05,0.002,1.5,0.2,0.3,1.5,0.5,-67.6436,3.9975,33302.79,8681.49,1736.3,2,4,62058.27
HAVELLS26JUNFUT,0.05,0.002,1.5,0.2,0.3,1.5,0.6,-95.3612,3.935,22764.55,-592.81,-118.56,1,4,59578.91
HAVELLS26JUNFUT,0.05,0.002,1.5,0.2,0.3,2.0,0.4,-15.5425,5.25,16737.29,3365.99,673.2,1,4,51932.54
HAVELLS26JUNFUT,0.05,0.002,1.5,0.2,0.3,2.0,0.5,-15.5573,5.2475,16692.27,3325.97,665.19,1,4,51950.23
HAVELLS26JUNFUT,0.05,0.002,1.5,0.2,0.3,2.0,0.6,-16.3854,5.1575,17883.21,4049.71,809.94,1,4,53318.84
HAVELLS26JUNFUT,0.05,0.002,1.5,0.2,0.5,1.0,0.4,-9.8117,7.2975,-20521.51,-47272.07,-9454.41,3,4,22012.14
HAVELLS26JUNFUT,0.05,0.002,1.5,0.2,0.5,1.0,0.5,-9.8102,7.2975,-20466.51,-47217.06,-9443.41,3,4,22021.34
HAVELLS26JUNFUT,0.05,0.002,1.5,0.2,0.5,1.0,0.6,-11.2697,6.5725,-15361.23,-42121.79,-8424.36,3,4,24730.57
HAVELLS26JUNFUT,0.05,0.002,1.5,0.2,0.5,1.5,0.4,-117.3551,4.07,33829.22,9212.92,1842.58,2,4,62123.02
HAVELLS26JUNFUT,0.05,0.002,1.5,0.2,0.5,1.5,0.5,-117.4696,4.0675,34726.29,10109.99,2022.0,2,4,61955.41
HAVELLS26JUNFUT,0.05,0.002,1.5,0.2,0.5,1.5,0.6,-95.3619,3.935,22769.55,-587.81,-117.56,1,4,59577.87
HAVELLS26JUNFUT,0.05,0.002,1.5,0.2,0.5,2.0,0.4,-15.6064,5.2425,16920.57,3549.27,709.85,1,4,51896.44
HAVELLS26JUNFUT,0.05,0.002,1.5,0.2,0.5,2.0,0.5,-15.6212,5.24,16880.55,3514.25,702.85,1,4,51916.12
HAVELLS26JUNFUT,0.05,0.002,1.5,0.2,0.5,2.0,0.6,-16.3854,5.1575,17883.21,4049.71,809.94,1,4,53318.84
HAVELLS26JUNFUT,0.05,0.002,1.5,0.2,1.0,1.0,0.4,-9.8117,7.2975,-20526.51,-47277.07,-9455.41,3,4,22011.41
HAVELLS26JUNFUT,0.05,0.002,1.5,0.2,1.0,1.0,0.5,-9.8102,7.2975,-20471.51,-47222.06,-9444.41,3,4,22020.61
HAVELLS26JUNFUT,0.05,0.002,1.5,0.2,1.0,1.0,0.6,-11.2697,6.5725,-15361.23,-42121.79,-8424.36,3,4,24730.57
HAVELLS26JUNFUT,0.05,0.002,1.5,0.2,1.0,1.5,0.4,-117.3559,4.07,33829.21,9212.91,1842.58,2,4,62121.89
HAVELLS26JUNFUT,0.05,0.002,1.5,0.2,1.0,1.5,0.5,-117.4705,4.0675,34726.28,10109.98,2022.0,2,4,61954.29
HAVELLS26JUNFUT,0.05,0.002,1.5,0.2,1.0,1.5,0.6,-95.3618,3.935,22774.54,-582.81,-116.56,1,4,59579.75
HAVELLS26JUNFUT,0.05,0.002,1.5,0.2,1.0,2.0,0.4,-15.6236,5.2325,16860.23,3488.92,697.78,1,4,51898.31
HAVELLS26JUNFUT,0.05,0.002,1.5,0.2,1.0,2.0,0.5,-15.6372,5.23,16825.21,3458.9,691.78,1,4,51917.59
HAVELLS26JUNFUT,0.05,0.002,1.5,0.2,1.0,2.0,0.6,-16.3854,5.1575,17883.21,4049.71,809.94,1,4,53318.84
HAVELLS26JUNFUT,0.05,0.002,1.5,0.3,0.3,1.0,0.4,-9.8117,7.3025,-20477.34,-47227.9,-9445.58,3,4,22018.6
HAVELLS26JUNFUT,0.05,0.002,1.5,0.3,0.3,1.0,0.5,-9.8102,7.305,-20422.34,-47172.89,-9434.58,3,4,22027.79
HAVELLS26JUNFUT,0.05,0.002,1.5,0.3,0.3,1.0,0.6,-11.2697,6.5725,-15361.23,-42121.79,-8424.36,3,4,24730.57
HAVELLS26JUNFUT,0.05,0.002,1.5,0.3,0.3,1.5,0.4,-67.5186,4.0,32405.72,7784.42,1556.88,2,4,62221.1
HAVELLS26JUNFUT,0.05,0.002,1.5,0.3,0.3,1.5,0.5,-67.6436,3.9975,33302.79,8681.49,1736.3,2,4,62058.27
HAVELLS26JUNFUT,0.05,0.002,1.5,0.3,0.3,1.5,0.6,-95.3612,3.935,22764.55,-592.81,-118.56,1,4,59578.91
HAVELLS26JUNFUT,0.05,0.002,1.5,0.3,0.3,2.0,0.4,-15.5425,5.25,16737.29,3365.99,673.2,1,4,51932.54
HAVELLS26JUNFUT,0.05,0.002,1.5,0.3,0.3,2.0,0.5,-15.5573,5.2475,16692.27,3325.97,665.19,1,4,51950.23
HAVELLS26JUNFUT,0.05,0.002,1.5,0.3,0.3,2.0,0.6,-16.3854,5.1575,17883.21,4049.71,809.94,1,4,53318.84
HAVELLS26JUNFUT,0.05,0.002,1.5,0.3,0.5,1.0,0.4,-9.8117,7.2975,-20521.51,-47272.07,-9454.41,3,4,22012.14
HAVELLS26JUNFUT,0.05,0.002,1.5,0.3,0.5,1.0,0.5,-9.8102,7.2975,-20466.51,-47217.06,-9443.41,3,4,22021.34
HAVELLS26JUNFUT,0.05,0.002,1.5,0.3,0.5,1.0,0.6,-11.2697,6.5725,-15361.23,-42121.79,-8424.36,3,4,24730.57
HAVELLS26JUNFUT,0.05,0.002,1.5,0.3,0.5,1.5,0.4,-117.3551,4.07,33829.22,9212.92,1842.58,2,4,62123.02
HAVELLS26JUNFUT,0.05,0.002,1.5,0.3,0.5,1.5,0.5,-117.4696,4.0675,34726.29,10109.99,2022.0,2,4,61955.41
HAVELLS26JUNFUT,0.05,0.002,1.5,0.3,0.5,1.5,0.6,-95.3619,3.935,22769.55,-587.81,-117.56,1,4,59577.87
HAVELLS26JUNFUT,0.05,0.002,1.5,0.3,0.5,2.0,0.4,-15.6064,5.2425,16920.57,3549.27,709.85,1,4,51896.44
HAVELLS26JUNFUT,0.05,0.002,1.5,0.3,0.5,2.0,0.5,-15.6212,5.24,16880.55,3514.25,702.85,1,4,51916.12
HAVELLS26JUNFUT,0.05,0.002,1.5,0.3,0.5,2.0,0.6,-16.3854,5.1575,17883.21,4049.71,809.94,1,4,53318.84
HAVELLS26JUNFUT,0.05,0.002,1.5,0.3,1.0,1.0,0.4,-9.8117,7.2975,-20526.51,-47277.07,-9455.41,3,4,22011.41
HAVELLS26JUNFUT,0.05,0.002,1.5,0.3,1.0,1.0,0.5,-9.8102,7.2975,-20471.51,-47222.06,-9444.41,3,4,22020.61
HAVELLS26JUNFUT,0.05,0.002,1.5,0.3,1.0,1.0,0.6,-11.2697,6.5725,-15361.23,-42121.79,-8424.36,3,4,24730.57
HAVELLS26JUNFUT,0.05,0.002,1.5,0.3,1.0,1.5,0.4,-117.3559,4.07,33829.21,9212.91,1842.58,2,4,62121.89
HAVELLS26JUNFUT,0.05,0.002,1.5,0.3,1.0,1.5,0.5,-117.4705,4.0675,34726.28,10109.98,2022.0,2,4,61954.29
HAVELLS26JUNFUT,0.05,0.002,1.5,0.3,1.0,1.5,0.6,-95.3618,3.935,22774.54,-582.81,-116.56,1,4,59579.75
HAVELLS26JUNFUT,0.05,0.002,1.5,0.3,1.0,2.0,0.4,-15.6236,5.2325,16860.23,3488.92,697.78,1,4,51898.31
HAVELLS26JUNFUT,0.05,0.002,1.5,0.3,1.0,2.0,0.5,-15.6372,5.23,16825.21,3458.9,691.78,1,4,51917.59
HAVELLS26JUNFUT,0.05,0.002,1.5,0.3,1.0,2.0,0.6,-16.3854,5.1575,17883.21,4049.71,809.94,1,4,53318.84
HAVELLS26JUNFUT,0.05,0.002,1.5,0.5,0.3,1.0,0.4,-9.8117,7.3025,-20477.34,-47227.9,-9445.58,3,4,22018.6
HAVELLS26JUNFUT,0.05,0.002,1.5,0.5,0.3,1.0,0.5,-9.8102,7.305,-20422.34,-47172.89,-9434.58,3,4,22027.79
HAVELLS26JUNFUT,0.05,0.002,1.5,0.5,0.3,1.0,0.6,-11.2697,6.5725,-15361.23,-42121.79,-8424.36,3,4,24730.57
HAVELLS26JUNFUT,0.05,0.002,1.5,0.5,0.3,1.5,0.4,-67.5186,4.0,32405.72,7784.42,1556.88,2,4,62221.1
HAVELLS26JUNFUT,0.05,0.002,1.5,0.5,0.3,1.5,0.5,-67.6436,3.9975,33302.79,8681.49,1736.3,2,4,62058.27
HAVELLS26JUNFUT,0.05,0.002,1.5,0.5,0.3,1.5,0.6,-95.3612,3.935,22764.55,-592.81,-118.56,1,4,59578.91
HAVELLS26JUNFUT,0.05,0.002,1.5,0.5,0.3,2.0,0.4,-15.5425,5.25,16737.29,3365.99,673.2,1,4,51932.54
HAVELLS26JUNFUT,0.05,0.002,1.5,0.5,0.3,2.0,0.5,-15.5573,5.2475,16692.27,3325.97,665.19,1,4,51950.23
HAVELLS26JUNFUT,0.05,0.002,1.5,0.5,0.3,2.0,0.6,-16.3854,5.1575,17883.21,4049.71,809.94,1,4,53318.84
HAVELLS26JUNFUT,0.05,0.002,1.5,0.5,0.5,1.0,0.4,-9.8117,7.2975,-20521.51,-47272.07,-9454.41,3,4,22012.14
HAVELLS26JUNFUT,0.05,0.002,1.5,0.5,0.5,1.0,0.5,-9.8102,7.2975,-20466.51,-47217.06,-9443.41,3,4,22021.34
HAVELLS26JUNFUT,0.05,0.002,1.5,0.5,0.5,1.0,0.6,-11.2697,6.5725,-15361.23,-42121.79,-8424.36,3,4,24730.57
HAVELLS26JUNFUT,0.05,0.002,1.5,0.5,0.5,1.5,0.4,-117.3551,4.07,33829.22,9212.92,1842.58,2,4,62123.02
HAVELLS26JUNFUT,0.05,0.002,1.5,0.5,0.5,1.5,0.5,-117.4696,4.0675,34726.29,10109.99,2022.0,2,4,61955.41
HAVELLS26JUNFUT,0.05,0.002,1.5,0.5,0.5,1.5,0.6,-95.3619,3.935,22769.55,-587.81,-117.56,1,4,59577.87
HAVELLS26JUNFUT,0.05,0.002,1.5,0.5,0.5,2.0,0.4,-15.6064,5.2425,16920.57,3549.27,709.85,1,4,51896.44
HAVELLS26JUNFUT,0.05,0.002,1.5,0.5,0.5,2.0,0.5,-15.6212,5.24,16880.55,3514.25,702.85,1,4,51916.12
HAVELLS26JUNFUT,0.05,0.002,1.5,0.5,0.5,2.0,0.6,-16.3854,5.1575,17883.21,4049.71,809.94,1,4,53318.84
HAVELLS26JUNFUT,0.05,0.002,1.5,0.5,1.0,1.0,0.4,-9.8117,7.2975,-20526.51,-47277.07,-9455.41,3,4,22011.41
HAVELLS26JUNFUT,0.05,0.002,1.5,0.5,1.0,1.0,0.5,-9.8102,7.2975,-20471.51,-47222.06,-9444.41,3,4,22020.61
HAVELLS26JUNFUT,0.05,0.002,1.5,0.5,1.0,1.0,0.6,-11.2697,6.5725,-15361.23,-42121.79,-8424.36,3,4,24730.57
HAVELLS26JUNFUT,0.05,0.002,1.5,0.5,1.0,1.5,0.4,-117.3559,4.07,33829.21,9212.91,1842.58,2,4,62121.89
HAVELLS26JUNFUT,0.05,0.002,1.5,0.5,1.0,1.5,0.5,-117.4705,4.0675,34726.28,10109.98,2022.0,2,4,61954.29
HAVELLS26JUNFUT,0.05,0.002,1.5,0.5,1.0,1.5,0.6,-95.3618,3.935,22774.54,-582.81,-116.56,1,4,59579.75
HAVELLS26JUNFUT,0.05,0.002,1.5,0.5,1.0,2.0,0.4,-15.6236,5.2325,16860.23,3488.92,697.78,1,4,51898.31
HAVELLS26JUNFUT,0.05,0.002,1.5,0.5,1.0,2.0,0.5,-15.6372,5.23,16825.21,3458.9,691.78,1,4,51917.59
HAVELLS26JUNFUT,0.05,0.002,1.5,0.5,1.0,2.0,0.6,-16.3854,5.1575,17883.21,4049.71,809.94,1,4,53318.84
HAL26JUNFUT,0.1,0.001,2.0,0.2,0.3,1.0,0.4,-13.4595,5.13,-125938.65,-217030.63,-43406.13,0,4,32924.06
HAL26JUNFUT,0.1,0.001,2.0,0.2,0.3,1.0,0.5,-13.452,5.13,-125748.24,-216840.22,-43368.04,0,4,32910.68
HAL26JUNFUT,0.1,0.001,2.0,0.2,0.3,1.0,0.6,-14.169,4.9625,-131319.0,-224778.82,-44955.76,0,4,32501.5
HAL26JUNFUT,0.1,0.001,2.0,0.2,0.3,1.5,0.4,-18.793,4.3925,-161598.03,-247940.16,-49588.03,0,4,26389.86
HAL26JUNFUT,0.1,0.001,2.0,0.2,0.3,1.5,0.5,-18.793,4.3925,-161598.03,-247940.16,-49588.03,0,4,26389.86
HAL26JUNFUT,0.1,0.001,2.0,0.2,0.3,1.5,0.6,-18.7794,4.3925,-161577.03,-248027.86,-49605.57,0,4,26421.9
HAL26JUNFUT,0.1,0.001,2.0,0.2,0.3,2.0,0.4,-20.807,4.0825,-182449.54,-273103.46,-54620.69,0,4,26814.25
HAL26JUNFUT,0.1,0.001,2.0,0.2,0.3,2.0,0.5,-20.807,4.0825,-182445.04,-273098.96,-54619.79,0,4,26813.61
HAL26JUNFUT,0.1,0.001,2.0,0.2,0.3,2.0,0.6,-20.8094,4.0825,-182443.54,-273076.47,-54615.29,0,4,26807.75
HAL26JUNFUT,0.1,0.001,2.0,0.2,0.5,1.0,0.4,-13.4595,5.13,-125932.66,-217023.14,-43404.63,0,4,32923.37
HAL26JUNFUT,0.1,0.001,2.0,0.2,0.5,1.0,0.5,-13.4521,5.13,-125742.24,-216832.72,-43366.54,0,4,32910.0
HAL26JUNFUT,0.1,0.001,2.0,0.2,0.5,1.0,0.6,-14.169,4.9625,-131319.0,-224778.82,-44955.76,0,4,32501.5
HAL26JUNFUT,0.1,0.001,2.0,0.2,0.5,1.5,0.4,-18.7936,4.3925,-161599.53,-247941.66,-49588.33,0,4,26389.42
HAL26JUNFUT,0.1,0.001,2.0,0.2,0.5,1.5,0.5,-18.793,4.3925,-161598.03,-247940.16,-49588.03,0,4,26389.86
HAL26JUNFUT,0.1,0.001,2.0,0.2,0.5,1.5,0.6,-18.7793,4.3925,-161577.03,-248029.36,-49605.87,0,4,26422.31
HAL26JUNFUT,0.1,0.001,2.0,0.2,0.5,2.0,0.4,-20.807,4.0825,-182449.54,-273103.46,-54620.69,0,4,26814.25
HAL26JUNFUT,0.1,0.001,2.0,0.2,0.5,2.0,0.5,-20.807,4.0825,-182445.04,-273098.96,-54619.79,0,4,26813.61
HAL26JUNFUT,0.1,0.001,2.0,0.2,0.5,2.0,0.6,-20.8094,4.0825,-182443.54,-273076.47,-54615.29,0,4,26807.75
HAL26JUNFUT,0.1,0.001,2.0,0.2,1.0,1.0,0.4,-13.46,5.13,-125938.66,-217029.14,-43405.83,0,4,32922.94
HAL26JUNFUT,0.1,0.001,2.0,0.2,1.0,1.0,0.5,-13.4526,5.13,-125746.74,-216837.22,-43367.44,0,4,32909.3
HAL26JUNFUT,0.1,0.001,2.0,0.2,1.0,1.0,0.6,-14.169,4.9625,-131319.0,-224778.82,-44955.76,0,4,32501.5
HAL26JUNFUT,0.1,0.001,2.0,0.2,1.0,1.5,0.4,-18.7936,4.3925,-161599.53,-247941.66,-49588.33,0,4,26389.42
HAL26JUNFUT,0.1,0.001,2.0,0.2,1.0,1.5,0.5,-18.793,4.3925,-161598.03,-247940.16,-49588.03,0,4,26389.86
HAL26JUNFUT,0.1,0.001,2.0,0.2,1.0,1.5,0.6,-18.7793,4.3925,-161577.03,-248029.36,-49605.87,0,4,26422.31
HAL26JUNFUT,0.1,0.001,2.0,0.2,1.0,2.0,0.4,-20.807,4.0825,-182449.54,-273103.46,-54620.69,0,4,26814.25
HAL26JUNFUT,0.1,0.001,2.0,0.2,1.0,2.0,0.5,-20.807,4.0825,-182445.04,-273098.96,-54619.79,0,4,26813.61
HAL26JUNFUT,0.1,0.001,2.0,0.2,1.0,2.0,0.6,-20.8094,4.0825,-182443.54,-273076.47,-54615.29,0,4,26807.75
HAL26JUNFUT,0.1,0.001,2.0,0.3,0.3,1.0,0.4,-13.4595,5.13,-125938.65,-217030.63,-43406.13,0,4,32924.06
HAL26JUNFUT,0.1,0.001,2.0,0.3,0.3,1.0,0.5,-13.452,5.13,-125748.24,-216840.22,-43368.04,0,4,32910.68
HAL26JUNFUT,0.1,0.001,2.0,0.3,0.3,1.0,0.6,-14.169,4.9625,-131319.0,-224778.82,-44955.76,0,4,32501.5
HAL26JUNFUT,0.1,0.001,2.0,0.3,0.3,1.5,0.4,-18.793,4.3925,-161598.03,-247940.16,-49588.03,0,4,26389.86
HAL26JUNFUT,0.1,0.001,2.0,0.3,0.3,1.5,0.5,-18.793,4.3925,-161598.03,-247940.16,-49588.03,0,4,26389.86
HAL26JUNFUT,0.1,0.001,2.0,0.3,0.3,1.5,0.6,-18.7794,4.3925,-161577.03,-248027.86,-49605.57,0,4,26421.9
HAL26JUNFUT,0.1,0.001,2.0,0.3,0.3,2.0,0.4,-20.807,4.0825,-182449.54,-273103.46,-54620.69,0,4,26814.25
HAL26JUNFUT,0.1,0.001,2.0,0.3,0.3,2.0,0.5,-20.807,4.0825,-182445.04,-273098.96,-54619.79,0,4,26813.61
HAL26JUNFUT,0.1,0.001,2.0,0.3,0.3,2.0,0.6,-20.8094,4.0825,-182443.54,-273076.47,-54615.29,0,4,26807.75
HAL26JUNFUT,0.1,0.001,2.0,0.3,0.5,1.0,0.4,-13.4595,5.13,-125932.66,-217023.14,-43404.63,0,4,32923.37
HAL26JUNFUT,0.1,0.001,2.0,0.3,0.5,1.0,0.5,-13.4521,5.13,-125742.24,-216832.72,-43366.54,0,4,32910.0
HAL26JUNFUT,0.1,0.001,2.0,0.3,0.5,1.0,0.6,-14.169,4.9625,-131319.0,-224778.82,-44955.76,0,4,32501.5
HAL26JUNFUT,0.1,0.001,2.0,0.3,0.5,1.5,0.4,-18.7936,4.3925,-161599.53,-247941.66,-49588.33,0,4,26389.42
HAL26JUNFUT,0.1,0.001,2.0,0.3,0.5,1.5,0.5,-18.793,4.3925,-161598.03,-247940.16,-49588.03,0,4,26389.86
HAL26JUNFUT,0.1,0.001,2.0,0.3,0.5,1.5,0.6,-18.7793,4.3925,-161577.03,-248029.36,-49605.87,0,4,26422.31
HAL26JUNFUT,0.1,0.001,2.0,0.3,0.5,2.0,0.4,-20.807,4.0825,-182449.54,-273103.46,-54620.69,0,4,26814.25
HAL26JUNFUT,0.1,0.001,2.0,0.3,0.5,2.0,0.5,-20.807,4.0825,-182445.04,-273098.96,-54619.79,0,4,26813.61
HAL26JUNFUT,0.1,0.001,2.0,0.3,0.5,2.0,0.6,-20.8094,4.0825,-182443.54,-273076.47,-54615.29,0,4,26807.75
HAL26JUNFUT,0.1,0.001,2.0,0.3,1.0,1.0,0.4,-13.46,5.13,-125938.66,-217029.14,-43405.83,0,4,32922.94
HAL26JUNFUT,0.1,0.001,2.0,0.3,1.0,1.0,0.5,-13.4526,5.13,-125746.74,-216837.22,-43367.44,0,4,32909.3
HAL26JUNFUT,0.1,0.001,2.0,0.3,1.0,1.0,0.6,-14.169,4.9625,-131319.0,-224778.82,-44955.76,0,4,32501.5
HAL26JUNFUT,0.1,0.001,2.0,0.3,1.0,1.5,0.4,-18.7936,4.3925,-161599.53,-247941.66,-49588.33,0,4,26389.42
HAL26JUNFUT,0.1,0.001,2.0,0.3,1.0,1.5,0.5,-18.793,4.3925,-161598.03,-247940.16,-49588.03,0,4,26389.86
HAL26JUNFUT,0.1,0.001,2.0,0.3,1.0,1.5,0.6,-18.7793,4.3925,-161577.03,-248029.36,-49605.87,0,4,26422.31
HAL26JUNFUT,0.1,0.001,2.0,0.3,1.0,2.0,0.4,-20.807,4.0825,-182449.54,-273103.46,-54620.69,0,4,26814.25
HAL26JUNFUT,0.1,0.001,2.0,0.3,1.0,2.0,0.5,-20.807,4.0825,-182445.04,-273098.96,-54619.79,0,4,26813.61
HAL26JUNFUT,0.1,0.001,2.0,0.3,1.0,2.0,0.6,-20.8094,4.0825,-182443.54,-273076.47,-54615.29,0,4,26807.75
HAL26JUNFUT,0.1,0.001,2.0,0.5,0.3,1.0,0.4,-13.4595,5.13,-125938.65,-217030.63,-43406.13,0,4,32924.06
HAL26JUNFUT,0.1,0.001,2.0,0.5,0.3,1.0,0.5,-13.452,5.13,-125748.24,-216840.22,-43368.04,0,4,32910.68
HAL26JUNFUT,0.1,0.001,2.0,0.5,0.3,1.0,0.6,-14.169,4.9625,-131319.0,-224778.82,-44955.76,0,4,32501.5
HAL26JUNFUT,0.1,0.001,2.0,0.5,0.3,1.5,0.4,-18.793,4.3925,-161598.03,-247940.16,-49588.03,0,4,26389.86
HAL26JUNFUT,0.1,0.001,2.0,0.5,0.3,1.5,0.5,-18.793,4.3925,-161598.03,-247940.16,-49588.03,0,4,26389.86
HAL26JUNFUT,0.1,0.001,2.0,0.5,0.3,1.5,0.6,-18.7794,4.3925,-161577.03,-248027.86,-49605.57,0,4,26421.9
HAL26JUNFUT,0.1,0.001,2.0,0.5,0.3,2.0,0.4,-20.807,4.0825,-182449.54,-273103.46,-54620.69,0,4,26814.25
HAL26JUNFUT,0.1,0.001,2.0,0.5,0.3,2.0,0.5,-20.807,4.0825,-182445.04,-273098.96,-54619.79,0,4,26813.61
HAL26JUNFUT,0.1,0.001,2.0,0.5,0.3,2.0,0.6,-20.8094,4.0825,-182443.54,-273076.47,-54615.29,0,4,26807.75
HAL26JUNFUT,0.1,0.001,2.0,0.5,0.5,1.0,0.4,-13.4595,5.13,-125932.66,-217023.14,-43404.63,0,4,32923.37
HAL26JUNFUT,0.1,0.001,2.0,0.5,0.5,1.0,0.5,-13.4521,5.13,-125742.24,-216832.72,-43366.54,0,4,32910.0
HAL26JUNFUT,0.1,0.001,2.0,0.5,0.5,1.0,0.6,-14.169,4.9625,-131319.0,-224778.82,-44955.76,0,4,32501.5
HAL26JUNFUT,0.1,0.001,2.0,0.5,0.5,1.5,0.4,-18.7936,4.3925,-161599.53,-247941.66,-49588.33,0,4,26389.42
HAL26JUNFUT,0.1,0.001,2.0,0.5,0.5,1.5,0.5,-18.793,4.3925,-161598.03,-247940.16,-49588.03,0,4,26389.86
HAL26JUNFUT,0.1,0.001,2.0,0.5,0.5,1.5,0.6,-18.7793,4.3925,-161577.03,-248029.36,-49605.87,0,4,26422.31
HAL26JUNFUT,0.1,0.001,2.0,0.5,0.5,2.0,0.4,-20.807,4.0825,-182449.54,-273103.46,-54620.69,0,4,26814.25
HAL26JUNFUT,0.1,0.001,2.0,0.5,0.5,2.0,0.5,-20.807,4.0825,-182445.04,-273098.96,-54619.79,0,4,26813.61
HAL26JUNFUT,0.1,0.001,2.0,0.5,0.5,2.0,0.6,-20.8094,4.0825,-182443.54,-273076.47,-54615.29,0,4,26807.75
HAL26JUNFUT,0.1,0.001,2.0,0.5,1.0,1.0,0.4,-13.46,5.13,-125938.66,-217029.14,-43405.83,0,4,32922.94
HAL26JUNFUT,0.1,0.001,2.0,0.5,1.0,1.0,0.5,-13.4526,5.13,-125746.74,-216837.22,-43367.44,0,4,32909.3
HAL26JUNFUT,0.1,0.001,2.0,0.5,1.0,1.0,0.6,-14.169,4.9625,-131319.0,-224778.82,-44955.76,0,4,32501.5
HAL26JUNFUT,0.1,0.001,2.0,0.5,1.0,1.5,0.4,-18.7936,4.3925,-161599.53,-247941.66,-49588.33,0,4,26389.42
HAL26JUNFUT,0.1,0.001,2.0,0.5,1.0,1.5,0.5,-18.793,4.3925,-161598.03,-247940.16,-49588.03,0,4,26389.86
HAL26JUNFUT,0.1,0.001,2.0,0.5,1.0,1.5,0.6,-18.7793,4.3925,-161577.03,-248029.36,-49605.87,0,4,26422.31
HAL26JUNFUT,0.1,0.001,2.0,0.5,1.0,2.0,0.4,-20.807,4.0825,-182449.54,-273103.46,-54620.69,0,4,26814.25
HAL26JUNFUT,0.1,0.001,2.0,0.5,1.0,2.0,0.5,-20.807,4.0825,-182445.04,-273098.96,-54619.79,0,4,26813.61
HAL26JUNFUT,0.1,0.001,2.0,0.5,1.0,2.0,0.6,-20.8094,4.0825,-182443.54,-273076.47,-54615.29,0,4,26807.75
GRASIM26JUNFUT,0.1,0.001,2.0,0.2,0.3,1.0,0.4,-77.4459,4.6825,-51835.02,-78185.01,-15637.0,1,4,25075.85
GRASIM26JUNFUT,0.1,0.001,2.0,0.2,0.3,1.0,0.5,-415.569,4.745,-47041.9,-73415.98,-14683.2,1,4,24884.72
GRASIM26JUNFUT,0.1,0.001,2.0,0.2,0.3,1.0,0.6,-2487.516,4.705,-46062.25,-73036.66,-14607.33,1,4,24734.15
GRASIM26JUNFUT,0.1,0.001,2.0,0.2,0.3,1.5,0.4,-35.7355,3.3575,-127963.7,-160879.65,-32175.93,1,4,27898.16
GRASIM26JUNFUT,0.1,0.001,2.0,0.2,0.3,1.5,0.5,-35.5993,3.3675,-128267.32,-161183.28,-32236.66,1,4,27981.61
GRASIM26JUNFUT,0.1,0.001,2.0,0.2,0.3,1.5,0.6,-34.6612,3.36,-128670.38,-160978.84,-32195.77,1,4,28010.46
GRASIM26JUNFUT,0.1,0.001,2.0,0.2,0.3,2.0,0.4,-75.0934,3.065,-136531.17,-183739.95,-36747.99,0,4,29154.4
GRASIM26JUNFUT,0.1,0.001,2.0,0.2,0.3,2.0,0.5,-75.093,3.065,-136528.67,-183737.45,-36747.49,0,4,29155.01
GRASIM26JUNFUT,0.1,0.001,2.0,0.2,0.3,2.0,0.6,-74.9677,3.09,-134423.63,-181639.9,-36327.98,1,4,29664.6
GRASIM26JUNFUT,0.1,0.001,2.0,0.2,0.5,1.0,0.4,-70.5659,4.6825,-51840.02,-77605.26,-15521.05,1,4,25028.49
GRASIM26JUNFUT,0.1,0.001,2.0,0.2,0.5,1.0,0.5,-208.9819,4.745,-47046.9,-72836.23,-14567.25,1,4,24832.4
GRASIM26JUNFUT,0.1,0.001,2.0,0.2,0.5,1.0,0.6,-2487.5184,4.705,-46059.76,-73034.16,-14606.83,1,4,24733.57
GRASIM26JUNFUT,0.1,0.001,2.0,0.2,0.5,1.5,0.4,-35.735,3.3575,-127961.2,-160877.16,-32175.43,1,4,27898.52
GRASIM26JUNFUT,0.1,0.001,2.0,0.2,0.5,1.5,0.5,-35.5989,3.3675,-128264.82,-161180.78,-32236.16,1,4,27981.97
GRASIM26JUNFUT,0.1,0.001,2.0,0.2,0.5,1.5,0.6,-34.66,3.36,-128672.88,-160981.34,-32196.27,1,4,28011.02
GRASIM26JUNFUT,0.1,0.001,2.0,0.2,0.5,2.0,0.4,-75.093,3.065,-136528.67,-183737.45,-36747.49,0,4,29155.01
GRASIM26JUNFUT,0.1,0.001,2.0,0.2,0.5,2.0,0.5,-75.0927,3.065,-136526.17,-183734.95,-36746.99,0,4,29155.61
GRASIM26JUNFUT,0.1,0.001,2.0,0.2,0.5,2.0,0.6,-74.9677,3.09,-134423.63,-181639.9,-36327.98,1,4,29664.6
GRASIM26JUNFUT,0.1,0.001,2.0,0.2,1.0,1.0,0.4,-70.5886,4.6825,-51837.52,-77605.27,-15521.05,1,4,25030.29
GRASIM26JUNFUT,0.1,0.001,2.0,0.2,1.0,1.0,0.5,-209.4027,4.745,-47046.9,-72838.73,-14567.75,1,4,24834.09
GRASIM26JUNFUT,0.1,0.001,2.0,0.2,1.0,1.0,0.6,-2487.516,4.705,-46062.26,-73036.66,-14607.33,1,4,24734.15
GRASIM26JUNFUT,0.1,0.001,2.0,0.2,1.0,1.5,0.4,-35.7325,3.355,-127966.2,-160882.16,-32176.43,1,4,27899.61
GRASIM26JUNFUT,0.1,0.001,2.0,0.2,1.0,1.5,0.5,-35.5964,3.3675,-128269.82,-161185.78,-32237.16,1,4,27983.06
GRASIM26JUNFUT,0.1,0.001,2.0,0.2,1.0,1.5,0.6,-34.66,3.36,-128672.88,-160981.34,-32196.27,1,4,28011.02
GRASIM26JUNFUT,0.1,0.001,2.0,0.2,1.0,2.0,0.4,-75.093,3.065,-136528.67,-183737.45,-36747.49,0,4,29155.01
GRASIM26JUNFUT,0.1,0.001,2.0,0.2,1.0,2.0,0.5,-75.0927,3.065,-136526.17,-183734.95,-36746.99,0,4,29155.61
GRASIM26JUNFUT,0.1,0.001,2.0,0.2,1.0,2.0,0.6,-74.9677,3.09,-134423.63,-181639.9,-36327.98,1,4,29664.6
GRASIM26JUNFUT,0.1,0.001,2.0,0.3,0.3,1.0,0.4,-77.4459,4.6825,-51835.02,-78185.01,-15637.0,1,4,25075.85
GRASIM26JUNFUT,0.1,0.001,2.0,0.3,0.3,1.0,0.5,-415.569,4.745,-47041.9,-73415.98,-14683.2,1,4,24884.72
GRASIM26JUNFUT,0.1,0.001,2.0,0.3,0.3,1.0,0.6,-2487.516,4.705,-46062.25,-73036.66,-14607.33,1,4,24734.15
GRASIM26JUNFUT,0.1,0.001,2.0,0.3,0.3,1.5,0.4,-35.7355,3.3575,-127963.7,-160879.65,-32175.93,1,4,27898.16
GRASIM26JUNFUT,0.1,0.001,2.0,0.3,0.3,1.5,0.5,-35.5993,3.3675,-128267.32,-161183.28,-32236.66,1,4,27981.61
GRASIM26JUNFUT,0.1,0.001,2.0,0.3,0.3,1.5,0.6,-34.6612,3.36,-128670.38,-160978.84,-32195.77,1,4,28010.46
GRASIM26JUNFUT,0.1,0.001,2.0,0.3,0.3,2.0,0.4,-75.0934,3.065,-136531.17,-183739.95,-36747.99,0,4,29154.4
GRASIM26JUNFUT,0.1,0.001,2.0,0.3,0.3,2.0,0.5,-75.093,3.065,-136528.67,-183737.45,-36747.49,0,4,29155.01
GRASIM26JUNFUT,0.1,0.001,2.0,0.3,0.3,2.0,0.6,-74.9677,3.09,-134423.63,-181639.9,-36327.98,1,4,29664.6
GRASIM26JUNFUT,0.1,0.001,2.0,0.3,0.5,1.0,0.4,-70.5659,4.6825,-51840.02,-77605.26,-15521.05,1,4,25028.49
GRASIM26JUNFUT,0.1,0.001,2.0,0.3,0.5,1.0,0.5,-208.9819,4.745,-47046.9,-72836.23,-14567.25,1,4,24832.4
GRASIM26JUNFUT,0.1,0.001,2.0,0.3,0.5,1.0,0.6,-2487.5184,4.705,-46059.76,-73034.16,-14606.83,1,4,24733.57
GRASIM26JUNFUT,0.1,0.001,2.0,0.3,0.5,1.5,0.4,-35.735,3.3575,-127961.2,-160877.16,-32175.43,1,4,27898.52
GRASIM26JUNFUT,0.1,0.001,2.0,0.3,0.5,1.5,0.5,-35.5989,3.3675,-128264.82,-161180.78,-32236.16,1,4,27981.97
GRASIM26JUNFUT,0.1,0.001,2.0,0.3,0.5,1.5,0.6,-34.66,3.36,-128672.88,-160981.34,-32196.27,1,4,28011.02
GRASIM26JUNFUT,0.1,0.001,2.0,0.3,0.5,2.0,0.4,-75.093,3.065,-136528.67,-183737.45,-36747.49,0,4,29155.01
GRASIM26JUNFUT,0.1,0.001,2.0,0.3,0.5,2.0,0.5,-75.0927,3.065,-136526.17,-183734.95,-36746.99,0,4,29155.61
GRASIM26JUNFUT,0.1,0.001,2.0,0.3,0.5,2.0,0.6,-74.9677,3.09,-134423.63,-181639.9,-36327.98,1,4,29664.6
GRASIM26JUNFUT,0.1,0.001,2.0,0.3,1.0,1.0,0.4,-70.5886,4.6825,-51837.52,-77605.27,-15521.05,1,4,25030.29
GRASIM26JUNFUT,0.1,0.001,2.0,0.3,1.0,1.0,0.5,-209.4027,4.745,-47046.9,-72838.73,-14567.75,1,4,24834.09
GRASIM26JUNFUT,0.1,0.001,2.0,0.3,1.0,1.0,0.6,-2487.516,4.705,-46062.26,-73036.66,-14607.33,1,4,24734.15
GRASIM26JUNFUT,0.1,0.001,2.0,0.3,1.0,1.5,0.4,-35.7325,3.355,-127966.2,-160882.16,-32176.43,1,4,27899.61
GRASIM26JUNFUT,0.1,0.001,2.0,0.3,1.0,1.5,0.5,-35.5964,3.3675,-128269.82,-161185.78,-32237.16,1,4,27983.06
GRASIM26JUNFUT,0.1,0.001,2.0,0.3,1.0,1.5,0.6,-34.66,3.36,-128672.88,-160981.34,-32196.27,1,4,28011.02
GRASIM26JUNFUT,0.1,0.001,2.0,0.3,1.0,2.0,0.4,-75.093,3.065,-136528.67,-183737.45,-36747.49,0,4,29155.01
GRASIM26JUNFUT,0.1,0.001,2.0,0.3,1.0,2.0,0.5,-75.0927,3.065,-136526.17,-183734.95,-36746.99,0,4,29155.61
GRASIM26JUNFUT,0.1,0.001,2.0,0.3,1.0,2.0,0.6,-74.9677,3.09,-134423.63,-181639.9,-36327.98,1,4,29664.6
GRASIM26JUNFUT,0.1,0.001,2.0,0.5,0.3,1.0,0.4,-77.4699,4.6825,-51832.52,-78182.51,-15636.5,1,4,25075.54
GRASIM26JUNFUT,0.1,0.001,2.0,0.5,0.3,1.0,0.5,-417.3713,4.745,-47039.4,-73413.48,-14682.7,1,4,24884.47
GRASIM26JUNFUT,0.1,0.001,2.0,0.5,0.3,1.0,0.6,-2418.4159,4.705,-46059.75,-73034.16,-14606.83,1,4,24733.9
GRASIM26JUNFUT,0.1,0.001,2.0,0.5,0.3,1.5,0.4,-35.7355,3.3575,-127963.7,-160879.65,-32175.93,1,4,27898.16
GRASIM26JUNFUT,0.1,0.001,2.0,0.5,0.3,1.5,0.5,-35.5993,3.3675,-128267.32,-161183.28,-32236.66,1,4,27981.61
GRASIM26JUNFUT,0.1,0.001,2.0,0.5,0.3,1.5,0.6,-34.6612,3.36,-128670.38,-160978.84,-32195.77,1,4,28010.46
GRASIM26JUNFUT,0.1,0.001,2.0,0.5,0.3,2.0,0.4,-75.0934,3.065,-136531.17,-183739.95,-36747.99,0,4,29154.4
GRASIM26JUNFUT,0.1,0.001,2.0,0.5,0.3,2.0,0.5,-75.093,3.065,-136528.67,-183737.45,-36747.49,0,4,29155.01
GRASIM26JUNFUT,0.1,0.001,2.0,0.5,0.3,2.0,0.6,-74.9677,3.09,-134423.63,-181639.9,-36327.98,1,4,29664.6
GRASIM26JUNFUT,0.1,0.001,2.0,0.5,0.5,1.0,0.4,-70.5659,4.6825,-51840.02,-77605.26,-15521.05,1,4,25028.49
GRASIM26JUNFUT,0.1,0.001,2.0,0.5,0.5,1.0,0.5,-208.9819,4.745,-47046.9,-72836.23,-14567.25,1,4,24832.4
GRASIM26JUNFUT,0.1,0.001,2.0,0.5,0.5,1.0,0.6,-2487.5184,4.705,-46059.76,-73034.16,-14606.83,1,4,24733.57
GRASIM26JUNFUT,0.1,0.001,2.0,0.5,0.5,1.5,0.4,-35.735,3.3575,-127961.2,-160877.16,-32175.43,1,4,27898.52
GRASIM26JUNFUT,0.1,0.001,2.0,0.5,0.5,1.5,0.5,-35.5989,3.3675,-128264.82,-161180.78,-32236.16,1,4,27981.97
GRASIM26JUNFUT,0.1,0.001,2.0,0.5,0.5,1.5,0.6,-34.66,3.36,-128672.88,-160981.34,-32196.27,1,4,28011.02
GRASIM26JUNFUT,0.1,0.001,2.0,0.5,0.5,2.0,0.4,-75.093,3.065,-136528.67,-183737.45,-36747.49,0,4,29155.01
GRASIM26JUNFUT,0.1,0.001,2.0,0.5,0.5,2.0,0.5,-75.0927,3.065,-136526.17,-183734.95,-36746.99,0,4,29155.61
GRASIM26JUNFUT,0.1,0.001,2.0,0.5,0.5,2.0,0.6,-74.9677,3.09,-134423.63,-181639.9,-36327.98,1,4,29664.6
GRASIM26JUNFUT,0.1,0.001,2.0,0.5,1.0,1.0,0.4,-70.5886,4.6825,-51837.52,-77605.27,-15521.05,1,4,25030.29
GRASIM26JUNFUT,0.1,0.001,2.0,0.5,1.0,1.0,0.5,-209.4027,4.745,-47046.9,-72838.73,-14567.75,1,4,24834.09
GRASIM26JUNFUT,0.1,0.001,2.0,0.5,1.0,1.0,0.6,-2487.516,4.705,-46062.26,-73036.66,-14607.33,1,4,24734.15
GRASIM26JUNFUT,0.1,0.001,2.0,0.5,1.0,1.5,0.4,-35.7325,3.355,-127966.2,-160882.16,-32176.43,1,4,27899.61
GRASIM26JUNFUT,0.1,0.001,2.0,0.5,1.0,1.5,0.5,-35.5964,3.3675,-128269.82,-161185.78,-32237.16,1,4,27983.06
GRASIM26JUNFUT,0.1,0.001,2.0,0.5,1.0,1.5,0.6,-34.66,3.36,-128672.88,-160981.34,-32196.27,1,4,28011.02
GRASIM26JUNFUT,0.1,0.001,2.0,0.5,1.0,2.0,0.4,-75.093,3.065,-136528.67,-183737.45,-36747.49,0,4,29155.01
GRASIM26JUNFUT,0.1,0.001,2.0,0.5,1.0,2.0,0.5,-75.0927,3.065,-136526.17,-183734.95,-36746.99,0,4,29155.61
GRASIM26JUNFUT,0.1,0.001,2.0,0.5,1.0,2.0,0.6,-74.9677,3.09,-134423.63,-181639.9,-36327.98,1,4,29664.6
HINDALCO26JUNFUT,0.1,0.001,2.0,0.2,0.3,1.0,0.4,-2.9158,4.435,-10651.23,-7480.04,-1496.01,3,4,39488.39
HINDALCO26JUNFUT,0.1,0.001,2.0,0.2,0.3,1.0,0.5,-2.8512,4.5425,-9261.8,-6155.14,-1231.03,3,4,39486.95
HINDALCO26JUNFUT,0.1,0.001,2.0,0.2,0.3,1.0,0.6,-2.4995,4.4925,-3584.64,-470.96,-94.19,3,4,42202.64
HINDALCO26JUNFUT,0.1,0.001,2.0,0.2,0.3,1.5,0.4,-1.9041,1.9575,-120390.21,-58369.33,-11673.87,2,4,76601.85
HINDALCO26JUNFUT,0.1,0.001,2.0,0.2,0.3,1.5,0.5,-2.1922,1.8925,-122401.62,-65578.92,-13115.78,2,4,74897.36
HINDALCO26JUNFUT,0.1,0.001,2.0,0.2,0.3,1.5,0.6,-1.7872,1.95,-104083.92,-46687.36,-9337.47,2,4,75444.33
HINDALCO26JUNFUT,0.1,0.001,2.0,0.2,0.3,2.0,0.4,-0.0633,4.4475,-55186.19,-12201.7,-2440.34,2,4,69234.92
HINDALCO26JUNFUT,0.1,0.001,2.0,0.2,0.3,2.0,0.5,-0.6875,4.4425,-53503.77,-18452.75,-3690.55,2,4,68301.88
HINDALCO26JUNFUT,0.1,0.001,2.0,0.2,0.3,2.0,0.6,0.2238,4.69,-35090.76,1313.36,262.67,2,4,63121.27
HINDALCO26JUNFUT,0.1,0.001,2.0,0.2,0.5,1.0,0.4,-2.9154,4.435,-10644.24,-7473.05,-1494.61,3,4,39486.43
HINDALCO26JUNFUT,0.1,0.001,2.0,0.2,0.5,1.0,0.5,-2.8512,4.5425,-9261.8,-6155.14,-1231.03,3,4,39486.95
HINDALCO26JUNFUT,0.1,0.001,2.0,0.2,0.5,1.0,0.6,-2.4995,4.4925,-3584.64,-470.96,-94.19,3,4,42202.64
HINDALCO26JUNFUT,0.1,0.001,2.0,0.2,0.5,1.5,0.4,-2.0111,1.96,-120369.23,-60338.17,-12067.63,2,4,76217.35
HINDALCO26JUNFUT,0.1,0.001,2.0,0.2,0.5,1.5,0.5,-2.1922,1.8925,-122380.64,-65564.94,-13112.99,2,4,74895.17
HINDALCO26JUNFUT,0.1,0.001,2.0,0.2,0.5,1.5,0.6,-1.7726,1.95,-104083.92,-46424.35,-9284.87,2,4,75490.92
HINDALCO26JUNFUT,0.1,0.001,2.0,0.2,0.5,2.0,0.4,-0.5397,4.4675,-53760.78,-17475.67,-3495.13,2,4,68274.36
HINDALCO26JUNFUT,0.1,0.001,2.0,0.2,0.5,2.0,0.5,-0.6896,4.4575,-52375.95,-17345.93,-3469.19,2,4,68205.9
HINDALCO26JUNFUT,0.1,0.001,2.0,0.2,0.5,2.0,0.6,0.2225,4.69,-35104.77,1285.36,257.07,2,4,63117.88
HINDALCO26JUNFUT,0.1,0.001,2.0,0.2,1.0,1.0,0.4,-2.915,4.435,-10637.24,-7466.05,-1493.21,3,4,39484.46
HINDALCO26JUNFUT,0.1,0.001,2.0,0.2,1.0,1.0,0.5,-2.8512,4.5425,-9261.8,-6155.14,-1231.03,3,4,39486.95
HINDALCO26JUNFUT,0.1,0.001,2.0,0.2,1.0,1.0,0.6,-2.4995,4.4925,-3584.64,-470.96,-94.19,3,4,42202.64
HINDALCO26JUNFUT,0.1,0.001,2.0,0.2,1.0,1.5,0.4,-2.1703,1.9875,-117949.33,-60824.62,-12164.92,2,4,75609.29
HINDALCO26JUNFUT,0.1,0.001,2.0,0.2,1.0,1.5,0.5,-2.1917,1.9225,-119967.74,-63152.04,-12630.41,2,4,74830.78
HINDALCO26JUNFUT,0.1,0.001,2.0,0.2,1.0,1.5,0.6,-1.772,1.9525,-104048.94,-46389.37,-9277.87,2,4,75495.31
HINDALCO26JUNFUT,0.1,0.001,2.0,0.2,1.0,2.0,0.4,-0.4969,4.515,-50690.08,-14411.98,-2882.4,2,4,67954.12
HINDALCO26JUNFUT,0.1,0.001,2.0,0.2,1.0,2.0,0.5,-0.6897,4.4575,-52377.12,-17354.12,-3470.82,2,4,68203.53
HINDALCO26JUNFUT,0.1,0.001,2.0,0.2,1.0,2.0,0.6,0.2219,4.69,-35104.77,1278.36,255.67,2,4,63117.07
HINDALCO26JUNFUT,0.1,0.001,2.0,0.3,0.3,1.0,0.4,-2.9158,4.435,-10651.23,-7480.04,-1496.01,3,4,39488.39
HINDALCO26JUNFUT,0.1,0.001,2.0,0.3,0.3,1.0,0.5,-2.8512,4.5425,-9261.8,-6155.14,-1231.03,3,4,39486.95
HINDALCO26JUNFUT,0.1,0.001,2.0,0.3,0.3,1.0,0.6,-2.4995,4.4925,-3584.64,-470.96,-94.19,3,4,42202.64
HINDALCO26JUNFUT,0.1,0.001,2.0,0.3,0.3,1.5,0.4,-1.9041,1.9575,-120390.21,-58369.33,-11673.87,2,4,76601.85
HINDALCO26JUNFUT,0.1,0.001,2.0,0.3,0.3,1.5,0.5,-2.1922,1.8925,-122401.62,-65578.92,-13115.78,2,4,74897.36
HINDALCO26JUNFUT,0.1,0.001,2.0,0.3,0.3,1.5,0.6,-1.7872,1.95,-104083.92,-46687.36,-9337.47,2,4,75444.33
HINDALCO26JUNFUT,0.1,0.001,2.0,0.3,0.3,2.0,0.4,-0.0633,4.4475,-55186.19,-12201.7,-2440.34,2,4,69234.92
HINDALCO26JUNFUT,0.1,0.001,2.0,0.3,0.3,2.0,0.5,-0.6875,4.4425,-53503.77,-18452.75,-3690.55,2,4,68301.88
HINDALCO26JUNFUT,0.1,0.001,2.0,0.3,0.3,2.0,0.6,0.2238,4.69,-35090.76,1313.36,262.67,2,4,63121.27
HINDALCO26JUNFUT,0.1,0.001,2.0,0.3,0.5,1.0,0.4,-2.9154,4.435,-10644.24,-7473.05,-1494.61,3,4,39486.43
HINDALCO26JUNFUT,0.1,0.001,2.0,0.3,0.5,1.0,0.5,-2.8512,4.5425,-9261.8,-6155.14,-1231.03,3,4,39486.95
HINDALCO26JUNFUT,0.1,0.001,2.0,0.3,0.5,1.0,0.6,-2.4995,4.4925,-3584.64,-470.96,-94.19,3,4,42202.64
HINDALCO26JUNFUT,0.1,0.001,2.0,0.3,0.5,1.5,0.4,-2.0111,1.96,-120369.23,-60338.17,-12067.63,2,4,76217.35
HINDALCO26JUNFUT,0.1,0.001,2.0,0.3,0.5,1.5,0.5,-2.1922,1.8925,-122380.64,-65564.94,-13112.99,2,4,74895.17
HINDALCO26JUNFUT,0.1,0.001,2.0,0.3,0.5,1.5,0.6,-1.7726,1.95,-104083.92,-46424.35,-9284.87,2,4,75490.92
HINDALCO26JUNFUT,0.1,0.001,2.0,0.3,0.5,2.0,0.4,-0.5397,4.4675,-53760.78,-17475.67,-3495.13,2,4,68274.36
HINDALCO26JUNFUT,0.1,0.001,2.0,0.3,0.5,2.0,0.5,-0.6896,4.4575,-52375.95,-17345.93,-3469.19,2,4,68205.9
HINDALCO26JUNFUT,0.1,0.001,2.0,0.3,0.5,2.0,0.6,0.2225,4.69,-35104.77,1285.36,257.07,2,4,63117.88
HINDALCO26JUNFUT,0.1,0.001,2.0,0.3,1.0,1.0,0.4,-2.915,4.435,-10637.24,-7466.05,-1493.21,3,4,39484.46
HINDALCO26JUNFUT,0.1,0.001,2.0,0.3,1.0,1.0,0.5,-2.8512,4.5425,-9261.8,-6155.14,-1231.03,3,4,39486.95
HINDALCO26JUNFUT,0.1,0.001,2.0,0.3,1.0,1.0,0.6,-2.4995,4.4925,-3584.64,-470.96,-94.19,3,4,42202.64
HINDALCO26JUNFUT,0.1,0.001,2.0,0.3,1.0,1.5,0.4,-2.1703,1.9875,-117949.33,-60824.62,-12164.92,2,4,75609.29
HINDALCO26JUNFUT,0.1,0.001,2.0,0.3,1.0,1.5,0.5,-2.1917,1.9225,-119967.74,-63152.04,-12630.41,2,4,74830.78
HINDALCO26JUNFUT,0.1,0.001,2.0,0.3,1.0,1.5,0.6,-1.772,1.9525,-104048.94,-46389.37,-9277.87,2,4,75495.31
HINDALCO26JUNFUT,0.1,0.001,2.0,0.3,1.0,2.0,0.4,-0.4969,4.515,-50690.08,-14411.98,-2882.4,2,4,67954.12
HINDALCO26JUNFUT,0.1,0.001,2.0,0.3,1.0,2.0,0.5,-0.6897,4.4575,-52377.12,-17354.12,-3470.82,2,4,68203.53
HINDALCO26JUNFUT,0.1,0.001,2.0,0.3,1.0,2.0,0.6,0.2219,4.69,-35104.77,1278.36,255.67,2,4,63117.07
HINDALCO26JUNFUT,0.1,0.001,2.0,0.5,0.3,1.0,0.4,-2.9158,4.435,-10651.23,-7480.04,-1496.01,3,4,39488.39
HINDALCO26JUNFUT,0.1,0.001,2.0,0.5,0.3,1.0,0.5,-2.8512,4.5425,-9261.8,-6155.14,-1231.03,3,4,39486.95
HINDALCO26JUNFUT,0.1,0.001,2.0,0.5,0.3,1.0,0.6,-2.4995,4.4925,-3584.64,-470.96,-94.19,3,4,42202.64
HINDALCO26JUNFUT,0.1,0.001,2.0,0.5,0.3,1.5,0.4,-1.9041,1.9575,-120390.21,-58369.33,-11673.87,2,4,76601.85
HINDALCO26JUNFUT,0.1,0.001,2.0,0.5,0.3,1.5,0.5,-2.1922,1.8925,-122401.62,-65578.92,-13115.78,2,4,74897.36
HINDALCO26JUNFUT,0.1,0.001,2.0,0.5,0.3,1.5,0.6,-1.7872,1.95,-104083.92,-46687.36,-9337.47,2,4,75444.33
HINDALCO26JUNFUT,0.1,0.001,2.0,0.5,0.3,2.0,0.4,-0.0633,4.4475,-55186.19,-12201.7,-2440.34,2,4,69234.92
HINDALCO26JUNFUT,0.1,0.001,2.0,0.5,0.3,2.0,0.5,-0.6875,4.4425,-53503.77,-18452.75,-3690.55,2,4,68301.88
HINDALCO26JUNFUT,0.1,0.001,2.0,0.5,0.3,2.0,0.6,0.2238,4.69,-35090.76,1313.36,262.67,2,4,63121.27
HINDALCO26JUNFUT,0.1,0.001,2.0,0.5,0.5,1.0,0.4,-2.9154,4.435,-10644.24,-7473.05,-1494.61,3,4,39486.43
HINDALCO26JUNFUT,0.1,0.001,2.0,0.5,0.5,1.0,0.5,-2.8512,4.5425,-9261.8,-6155.14,-1231.03,3,4,39486.95
HINDALCO26JUNFUT,0.1,0.001,2.0,0.5,0.5,1.0,0.6,-2.4995,4.4925,-3584.64,-470.96,-94.19,3,4,42202.64
HINDALCO26JUNFUT,0.1,0.001,2.0,0.5,0.5,1.5,0.4,-2.0111,1.96,-120362.23,-60331.18,-12066.24,2,4,76217.12
HINDALCO26JUNFUT,0.1,0.001,2.0,0.5,0.5,1.5,0.5,-2.1922,1.8925,-122373.64,-65557.94,-13111.59,2,4,74894.95
HINDALCO26JUNFUT,0.1,0.001,2.0,0.5,0.5,1.5,0.6,-1.7726,1.95,-104083.92,-46424.35,-9284.87,2,4,75490.92
HINDALCO26JUNFUT,0.1,0.001,2.0,0.5,0.5,2.0,0.4,-0.5397,4.4675,-53760.78,-17475.67,-3495.13,2,4,68274.36
HINDALCO26JUNFUT,0.1,0.001,2.0,0.5,0.5,2.0,0.5,-0.6896,4.4575,-52375.95,-17345.93,-3469.19,2,4,68205.9
HINDALCO26JUNFUT,0.1,0.001,2.0,0.5,0.5,2.0,0.6,0.2225,4.69,-35104.77,1285.36,257.07,2,4,63117.88
HINDALCO26JUNFUT,0.1,0.001,2.0,0.5,1.0,1.0,0.4,-2.915,4.435,-10637.24,-7466.05,-1493.21,3,4,39484.46
HINDALCO26JUNFUT,0.1,0.001,2.0,0.5,1.0,1.0,0.5,-2.8512,4.5425,-9261.8,-6155.14,-1231.03,3,4,39486.95
HINDALCO26JUNFUT,0.1,0.001,2.0,0.5,1.0,1.0,0.6,-2.4995,4.4925,-3584.64,-470.96,-94.19,3,4,42202.64
HINDALCO26JUNFUT,0.1,0.001,2.0,0.5,1.0,1.5,0.4,-2.1703,1.9875,-117949.33,-60824.62,-12164.92,2,4,75609.29
HINDALCO26JUNFUT,0.1,0.001,2.0,0.5,1.0,1.5,0.5,-2.1917,1.9225,-119967.74,-63152.04,-12630.41,2,4,74830.78
HINDALCO26JUNFUT,0.1,0.001,2.0,0.5,1.0,1.5,0.6,-1.772,1.9525,-104048.94,-46389.37,-9277.87,2,4,75495.31
HINDALCO26JUNFUT,0.1,0.001,2.0,0.5,1.0,2.0,0.4,-0.4969,4.515,-50690.08,-14411.98,-2882.4,2,4,67954.12
HINDALCO26JUNFUT,0.1,0.001,2.0,0.5,1.0,2.0,0.5,-0.6892,4.4575,-52377.12,-17347.12,-3469.42,2,4,68204.32
HINDALCO26JUNFUT,0.1,0.001,2.0,0.5,1.0,2.0,0.6,0.2225,4.69,-35104.77,1285.35,257.07,2,4,63117.87
HEROMOTOCO26JUNFUT,0.1,0.001,2.0,0.2,0.3,1.0,0.4,-15.6973,2.785,-311086.73,-327216.6,-65443.32,1,4,64733.95
HEROMOTOCO26JUNFUT,0.1,0.001,2.0,0.2,0.3,1.0,0.5,-15.6973,2.785,-311083.73,-327213.6,-65442.72,1,4,64733.21
HEROMOTOCO26JUNFUT,0.1,0.001,2.0,0.2,0.3,1.0,0.6,-15.597,2.67,-313723.64,-328992.16,-65798.43,1,4,64779.36
HEROMOTOCO26JUNFUT,0.1,0.001,2.0,0.2,0.3,1.5,0.4,-14.7465,3.15,-283318.44,-294313.25,-58862.65,1,4,67021.16
HEROMOTOCO26JUNFUT,0.1,0.001,2.0,0.2,0.3,1.5,0.5,-14.7465,3.15,-283318.44,-294313.25,-58862.65,1,4,67021.16
HEROMOTOCO26JUNFUT,0.1,0.001,2.0,0.2,0.3,1.5,0.6,-14.7465,3.15,-283310.94,-294305.75,-58861.15,1,4,67022.04
HEROMOTOCO26JUNFUT,0.1,0.001,2.0,0.2,0.3,2.0,0.4,-14.8611,3.22,-279890.48,-291971.62,-58394.32,1,4,67980.25
HEROMOTOCO26JUNFUT,0.1,0.001,2.0,0.2,0.3,2.0,0.5,-14.8611,3.22,-279890.48,-291971.62,-58394.32,1,4,67980.25
HEROMOTOCO26JUNFUT,0.1,0.001,2.0,0.2,0.3,2.0,0.6,-14.8611,3.22,-279890.48,-291971.62,-58394.32,1,4,67980.25
HEROMOTOCO26JUNFUT,0.1,0.001,2.0,0.2,0.5,1.0,0.4,-15.6973,2.785,-311088.23,-327218.1,-65443.62,1,4,64734.29
HEROMOTOCO26JUNFUT,0.1,0.001,2.0,0.2,0.5,1.0,0.5,-15.6973,2.785,-311085.23,-327215.1,-65443.02,1,4,64733.55
HEROMOTOCO26JUNFUT,0.1,0.001,2.0,0.2,0.5,1.0,0.6,-15.597,2.67,-313723.64,-328992.16,-65798.43,1,4,64779.36
HEROMOTOCO26JUNFUT,0.1,0.001,2.0,0.2,0.5,1.5,0.4,-14.7465,3.15,-283319.95,-294314.75,-58862.95,1,4,67020.99
HEROMOTOCO26JUNFUT,0.1,0.001,2.0,0.2,0.5,1.5,0.5,-14.7465,3.15,-283319.95,-294314.75,-58862.95,1,4,67020.99
HEROMOTOCO26JUNFUT,0.1,0.001,2.0,0.2,0.5,1.5,0.6,-14.7465,3.15,-283310.94,-294305.75,-58861.15,1,4,67022.04
HEROMOTOCO26JUNFUT,0.1,0.001,2.0,0.2,0.5,2.0,0.4,-14.8611,3.22,-279890.48,-291971.62,-58394.32,1,4,67980.25
HEROMOTOCO26JUNFUT,0.1,0.001,2.0,0.2,0.5,2.0,0.5,-14.8611,3.22,-279890.48,-291971.62,-58394.32,1,4,67980.25
HEROMOTOCO26JUNFUT,0.1,0.001,2.0,0.2,0.5,2.0,0.6,-14.8611,3.22,-279890.48,-291971.62,-58394.32,1,4,67980.25
HEROMOTOCO26JUNFUT,0.1,0.001,2.0,0.2,1.0,1.0,0.4,-15.6973,2.785,-311091.23,-327221.1,-65444.22,1,4,64734.51
HEROMOTOCO26JUNFUT,0.1,0.001,2.0,0.2,1.0,1.0,0.5,-15.6973,2.785,-311088.23,-327218.1,-65443.62,1,4,64733.77
HEROMOTOCO26JUNFUT,0.1,0.001,2.0,0.2,1.0,1.0,0.6,-15.597,2.67,-313723.64,-328992.16,-65798.43,1,4,64779.36
HEROMOTOCO26JUNFUT,0.1,0.001,2.0,0.2,1.0,1.5,0.4,-14.7465,3.15,-283319.95,-294314.75,-58862.95,1,4,67020.99
HEROMOTOCO26JUNFUT,0.1,0.001,2.0,0.2,1.0,1.5,0.5,-14.7465,3.15,-283319.95,-294314.75,-58862.95,1,4,67020.99
HEROMOTOCO26JUNFUT,0.1,0.001,2.0,0.2,1.0,1.5,0.6,-14.7465,3.15,-283310.94,-294305.75,-58861.15,1,4,67022.04
HEROMOTOCO26JUNFUT,0.1,0.001,2.0,0.2,1.0,2.0,0.4,-14.8611,3.22,-279890.48,-291971.62,-58394.32,1,4,67980.25
HEROMOTOCO26JUNFUT,0.1,0.001,2.0,0.2,1.0,2.0,0.5,-14.8611,3.22,-279890.48,-291971.62,-58394.32,1,4,67980.25
HEROMOTOCO26JUNFUT,0.1,0.001,2.0,0.2,1.0,2.0,0.6,-14.8611,3.22,-279890.48,-291971.62,-58394.32,1,4,67980.25
HEROMOTOCO26JUNFUT,0.1,0.001,2.0,0.3,0.3,1.0,0.4,-15.6973,2.785,-311086.73,-327216.6,-65443.32,1,4,64733.95
HEROMOTOCO26JUNFUT,0.1,0.001,2.0,0.3,0.3,1.0,0.5,-15.6973,2.785,-311083.73,-327213.6,-65442.72,1,4,64733.21
HEROMOTOCO26JUNFUT,0.1,0.001,2.0,0.3,0.3,1.0,0.6,-15.597,2.67,-313723.64,-328992.16,-65798.43,1,4,64779.36
HEROMOTOCO26JUNFUT,0.1,0.001,2.0,0.3,0.3,1.5,0.4,-14.7465,3.15,-283318.44,-294313.25,-58862.65,1,4,67021.16
HEROMOTOCO26JUNFUT,0.1,0.001,2.0,0.3,0.3,1.5,0.5,-14.7465,3.15,-283318.44,-294313.25,-58862.65,1,4,67021.16
HEROMOTOCO26JUNFUT,0.1,0.001,2.0,0.3,0.3,1.5,0.6,-14.7465,3.15,-283310.94,-294305.75,-58861.15,1,4,67022.04
HEROMOTOCO26JUNFUT,0.1,0.001,2.0,0.3,0.3,2.0,0.4,-14.8611,3.22,-279890.48,-291971.62,-58394.32,1,4,67980.25
HEROMOTOCO26JUNFUT,0.1,0.001,2.0,0.3,0.3,2.0,0.5,-14.8611,3.22,-279890.48,-291971.62,-58394.32,1,4,67980.25
HEROMOTOCO26JUNFUT,0.1,0.001,2.0,0.3,0.3,2.0,0.6,-14.8611,3.22,-279890.48,-291971.62,-58394.32,1,4,67980.25
HEROMOTOCO26JUNFUT,0.1,0.001,2.0,0.3,0.5,1.0,0.4,-15.6973,2.785,-311088.23,-327218.1,-65443.62,1,4,64734.29
HEROMOTOCO26JUNFUT,0.1,0.001,2.0,0.3,0.5,1.0,0.5,-15.6973,2.785,-311085.23,-327215.1,-65443.02,1,4,64733.55
HEROMOTOCO26JUNFUT,0.1,0.001,2.0,0.3,0.5,1.0,0.6,-15.597,2.67,-313723.64,-328992.16,-65798.43,1,4,64779.36
HEROMOTOCO26JUNFUT,0.1,0.001,2.0,0.3,0.5,1.5,0.4,-14.7465,3.15,-283319.95,-294314.75,-58862.95,1,4,67020.99
HEROMOTOCO26JUNFUT,0.1,0.001,2.0,0.3,0.5,1.5,0.5,-14.7465,3.15,-283319.95,-294314.75,-58862.95,1,4,67020.99
HEROMOTOCO26JUNFUT,0.1,0.001,2.0,0.3,0.5,1.5,0.6,-14.7465,3.15,-283310.94,-294305.75,-58861.15,1,4,67022.04
HEROMOTOCO26JUNFUT,0.1,0.001,2.0,0.3,0.5,2.0,0.4,-14.8611,3.22,-279890.48,-291971.62,-58394.32,1,4,67980.25
HEROMOTOCO26JUNFUT,0.1,0.001,2.0,0.3,0.5,2.0,0.5,-14.8611,3.22,-279890.48,-291971.62,-58394.32,1,4,67980.25
HEROMOTOCO26JUNFUT,0.1,0.001,2.0,0.3,0.5,2.0,0.6,-14.8611,3.22,-279890.48,-291971.62,-58394.32,1,4,67980.25
HEROMOTOCO26JUNFUT,0.1,0.001,2.0,0.3,1.0,1.0,0.4,-15.6973,2.785,-311091.23,-327221.1,-65444.22,1,4,64734.51
HEROMOTOCO26JUNFUT,0.1,0.001,2.0,0.3,1.0,1.0,0.5,-15.6973,2.785,-311088.23,-327218.1,-65443.62,1,4,64733.77
HEROMOTOCO26JUNFUT,0.1,0.001,2.0,0.3,1.0,1.0,0.6,-15.597,2.67,-313723.64,-328992.16,-65798.43,1,4,64779.36
HEROMOTOCO26JUNFUT,0.1,0.001,2.0,0.3,1.0,1.5,0.4,-14.7465,3.15,-283319.95,-294314.75,-58862.95,1,4,67020.99
HEROMOTOCO26JUNFUT,0.1,0.001,2.0,0.3,1.0,1.5,0.5,-14.7465,3.15,-283319.95,-294314.75,-58862.95,1,4,67020.99
HEROMOTOCO26JUNFUT,0.1,0.001,2.0,0.3,1.0,1.5,0.6,-14.7465,3.15,-283310.94,-294305.75,-58861.15,1,4,67022.04
HEROMOTOCO26JUNFUT,0.1,0.001,2.0,0.3,1.0,2.0,0.4,-14.8611,3.22,-279890.48,-291971.62,-58394.32,1,4,67980.25
HEROMOTOCO26JUNFUT,0.1,0.001,2.0,0.3,1.0,2.0,0.5,-14.8611,3.22,-279890.48,-291971.62,-58394.32,1,4,67980.25
HEROMOTOCO26JUNFUT,0.1,0.001,2.0,0.3,1.0,2.0,0.6,-14.8611,3.22,-279890.48,-291971.62,-58394.32,1,4,67980.25
HEROMOTOCO26JUNFUT,0.1,0.001,2.0,0.5,0.3,1.0,0.4,-15.6973,2.785,-311086.73,-327216.6,-65443.32,1,4,64733.95
HEROMOTOCO26JUNFUT,0.1,0.001,2.0,0.5,0.3,1.0,0.5,-15.6973,2.785,-311083.73,-327213.6,-65442.72,1,4,64733.21
HEROMOTOCO26JUNFUT,0.1,0.001,2.0,0.5,0.3,1.0,0.6,-15.597,2.67,-313723.64,-328992.16,-65798.43,1,4,64779.36
HEROMOTOCO26JUNFUT,0.1,0.001,2.0,0.5,0.3,1.5,0.4,-14.7465,3.15,-283318.44,-294313.25,-58862.65,1,4,67021.16
HEROMOTOCO26JUNFUT,0.1,0.001,2.0,0.5,0.3,1.5,0.5,-14.7465,3.15,-283318.44,-294313.25,-58862.65,1,4,67021.16
HEROMOTOCO26JUNFUT,0.1,0.001,2.0,0.5,0.3,1.5,0.6,-14.7465,3.15,-283310.94,-294305.75,-58861.15,1,4,67022.04
HEROMOTOCO26JUNFUT,0.1,0.001,2.0,0.5,0.3,2.0,0.4,-14.8611,3.22,-279890.48,-291971.62,-58394.32,1,4,67980.25
HEROMOTOCO26JUNFUT,0.1,0.001,2.0,0.5,0.3,2.0,0.5,-14.8611,3.22,-279890.48,-291971.62,-58394.32,1,4,67980.25
HEROMOTOCO26JUNFUT,0.1,0.001,2.0,0.5,0.3,2.0,0.6,-14.8611,3.22,-279890.48,-291971.62,-58394.32,1,4,67980.25
HEROMOTOCO26JUNFUT,0.1,0.001,2.0,0.5,0.5,1.0,0.4,-15.6973,2.785,-311088.23,-327218.1,-65443.62,1,4,64734.29
HEROMOTOCO26JUNFUT,0.1,0.001,2.0,0.5,0.5,1.0,0.5,-15.6973,2.785,-311085.23,-327215.1,-65443.02,1,4,64733.55
HEROMOTOCO26JUNFUT,0.1,0.001,2.0,0.5,0.5,1.0,0.6,-15.597,2.67,-313723.64,-328992.16,-65798.43,1,4,64779.36
HEROMOTOCO26JUNFUT,0.1,0.001,2.0,0.5,0.5,1.5,0.4,-14.7465,3.15,-283319.95,-294314.75,-58862.95,1,4,67020.99
HEROMOTOCO26JUNFUT,0.1,0.001,2.0,0.5,0.5,1.5,0.5,-14.7465,3.15,-283319.95,-294314.75,-58862.95,1,4,67020.99
HEROMOTOCO26JUNFUT,0.1,0.001,2.0,0.5,0.5,1.5,0.6,-14.7465,3.15,-283310.94,-294305.75,-58861.15,1,4,67022.04
HEROMOTOCO26JUNFUT,0.1,0.001,2.0,0.5,0.5,2.0,0.4,-14.8611,3.22,-279890.48,-291971.62,-58394.32,1,4,67980.25
HEROMOTOCO26JUNFUT,0.1,0.001,2.0,0.5,0.5,2.0,0.5,-14.8611,3.22,-279890.48,-291971.62,-58394.32,1,4,67980.25
HEROMOTOCO26JUNFUT,0.1,0.001,2.0,0.5,0.5,2.0,0.6,-14.8611,3.22,-279890.48,-291971.62,-58394.32,1,4,67980.25
HEROMOTOCO26JUNFUT,0.1,0.001,2.0,0.5,1.0,1.0,0.4,-15.6973,2.785,-311091.23,-327221.1,-65444.22,1,4,64734.51
HEROMOTOCO26JUNFUT,0.1,0.001,2.0,0.5,1.0,1.0,0.5,-15.6973,2.785,-311088.23,-327218.1,-65443.62,1,4,64733.77
HEROMOTOCO26JUNFUT,0.1,0.001,2.0,0.5,1.0,1.0,0.6,-15.597,2.67,-313723.64,-328992.16,-65798.43,1,4,64779.36
HEROMOTOCO26JUNFUT,0.1,0.001,2.0,0.5,1.0,1.5,0.4,-14.7465,3.15,-283319.95,-294314.75,-58862.95,1,4,67020.99
HEROMOTOCO26JUNFUT,0.1,0.001,2.0,0.5,1.0,1.5,0.5,-14.7465,3.15,-283319.95,-294314.75,-58862.95,1,4,67020.99
HEROMOTOCO26JUNFUT,0.1,0.001,2.0,0.5,1.0,1.5,0.6,-14.7465,3.15,-283310.94,-294305.75,-58861.15,1,4,67022.04
HEROMOTOCO26JUNFUT,0.1,0.001,2.0,0.5,1.0,2.0,0.4,-14.8611,3.22,-279890.48,-291971.62,-58394.32,1,4,67980.25
HEROMOTOCO26JUNFUT,0.1,0.001,2.0,0.5,1.0,2.0,0.5,-14.8611,3.22,-279890.48,-291971.62,-58394.32,1,4,67980.25
HEROMOTOCO26JUNFUT,0.1,0.001,2.0,0.5,1.0,2.0,0.6,-14.8611,3.22,-279890.48,-291971.62,-58394.32,1,4,67980.25
HCLTECH26JUNFUT,0.1,0.001,2.0,0.2,0.3,1.0,0.4,1.4306,0.8175,-802.18,-3771.64,-754.33,2,4,32690.75
HCLTECH26JUNFUT,0.1,0.001,2.0,0.2,0.3,1.0,0.5,2.3976,1.29,6792.5,4362.45,872.49,2,4,31918.55
HCLTECH26JUNFUT,0.1,0.001,2.0,0.2,0.3,1.0,0.6,5.3574,1.315,1514.13,884.03,176.81,2,4,33896.96
HCLTECH26JUNFUT,0.1,0.001,2.0,0.2,0.3,1.5,0.4,-1.5325,6.275,-9604.4,-6056.23,-1211.25,3,4,40530.49
HCLTECH26JUNFUT,0.1,0.001,2.0,0.2,0.3,1.5,0.5,-2.4761,5.8225,-23406.53,-20917.96,-4183.59,3,4,38363.11
HCLTECH26JUNFUT,0.1,0.001,2.0,0.2,0.3,1.5,0.6,-3.4035,5.4425,-27388.14,-25006.3,-5001.26,3,4,38193.1
HCLTECH26JUNFUT,0.1,0.001,2.0,0.2,0.3,2.0,0.4,-13.4758,6.61,-40639.53,-48351.16,-9670.23,2,4,28776.76
HCLTECH26JUNFUT,0.1,0.001,2.0,0.2,0.3,2.0,0.5,-13.077,6.7375,-27873.42,-35525.07,-7105.01,2,4,30580.88
HCLTECH26JUNFUT,0.1,0.001,2.0,0.2,0.3,2.0,0.6,-21.5418,6.8725,-19044.52,-28290.92,-5658.18,2,4,31699.51
HCLTECH26JUNFUT,0.1,0.001,2.0,0.2,0.5,1.0,0.4,1.4032,0.7975,-4621.95,-7595.41,-1519.08,2,4,31487.87
HCLTECH26JUNFUT,0.1,0.001,2.0,0.2,0.5,1.0,0.5,2.3975,1.2875,6776.5,4346.45,869.29,2,4,31920.84
HCLTECH26JUNFUT,0.1,0.001,2.0,0.2,0.5,1.0,0.6,5.3574,1.315,1506.12,876.03,175.21,2,4,33896.95
HCLTECH26JUNFUT,0.1,0.001,2.0,0.2,0.5,1.5,0.4,-1.8124,6.1825,-10396.62,-6840.46,-1368.09,3,4,40494.74
HCLTECH26JUNFUT,0.1,0.001,2.0,0.2,0.5,1.5,0.5,-2.3994,5.8875,-23096.93,-20604.37,-4120.87,3,4,38349.33
HCLTECH26JUNFUT,0.1,0.001,2.0,0.2,0.5,1.5,0.6,-3.5151,5.4425,-27384.14,-25162.15,-5032.43,3,4,38187.08
HCLTECH26JUNFUT,0.1,0.001,2.0,0.2,0.5,2.0,0.4,-14.5446,6.5975,-40022.98,-48318.3,-9663.66,2,4,28629.7
HCLTECH26JUNFUT,0.1,0.001,2.0,0.2,0.5,2.0,0.5,-13.8005,6.735,-23876.89,-32100.24,-6420.05,2,4,31173.87
HCLTECH26JUNFUT,0.1,0.001,2.0,0.2,0.5,2.0,0.6,-21.5435,6.8725,-19048.52,-28294.92,-5658.98,2,4,31701.76
HCLTECH26JUNFUT,0.1,0.001,2.0,0.2,1.0,1.0,0.4,1.4032,0.7975,-4617.95,-7591.41,-1518.28,2,4,31484.08
HCLTECH26JUNFUT,0.1,0.001,2.0,0.2,1.0,1.0,0.5,2.3976,1.2875,6780.49,4350.45,870.09,2,4,31922.16
HCLTECH26JUNFUT,0.1,0.001,2.0,0.2,1.0,1.0,0.6,5.3574,1.315,1510.12,880.02,176.0,2,4,33898.22
HCLTECH26JUNFUT,0.1,0.001,2.0,0.2,1.0,1.5,0.4,-1.8118,6.2,-9369.74,-5813.57,-1162.71,3,4,40352.38
HCLTECH26JUNFUT,0.1,0.001,2.0,0.2,1.0,1.5,0.5,-2.3837,5.8975,-23044.96,-20548.4,-4109.68,3,4,38353.88
HCLTECH26JUNFUT,0.1,0.001,2.0,0.2,1.0,1.5,0.6,-3.515,5.4425,-27376.15,-25154.15,-5030.83,3,4,38189.52
HCLTECH26JUNFUT,0.1,0.001,2.0,0.2,1.0,2.0,0.4,-14.5889,6.5725,-40702.3,-48997.62,-9799.52,2,4,28034.68
HCLTECH26JUNFUT,0.1,0.001,2.0,0.2,1.0,2.0,0.5,-13.8229,6.705,-25129.84,-33353.19,-6670.64,2,4,30786.23
HCLTECH26JUNFUT,0.1,0.001,2.0,0.2,1.0,2.0,0.6,-21.5452,6.8725,-19052.52,-28298.92,-5659.78,2,4,31701.53
HCLTECH26JUNFUT,0.1,0.001,2.0,0.3,0.3,1.0,0.4,1.4306,0.8175,-802.18,-3771.64,-754.33,2,4,32690.75
HCLTECH26JUNFUT,0.1,0.001,2.0,0.3,0.3,1.0,0.5,2.3976,1.29,6792.5,4362.45,872.49,2,4,31918.55
HCLTECH26JUNFUT,0.1,0.001,2.0,0.3,0.3,1.0,0.6,5.3574,1.315,1514.13,884.03,176.81,2,4,33896.96
HCLTECH26JUNFUT,0.1,0.001,2.0,0.3,0.3,1.5,0.4,-1.5325,6.275,-9604.4,-6056.23,-1211.25,3,4,40530.49
HCLTECH26JUNFUT,0.1,0.001,2.0,0.3,0.3,1.5,0.5,-2.4761,5.8225,-23406.53,-20917.96,-4183.59,3,4,38363.11
HCLTECH26JUNFUT,0.1,0.001,2.0,0.3,0.3,1.5,0.6,-3.4035,5.4425,-27388.14,-25006.3,-5001.26,3,4,38193.1
HCLTECH26JUNFUT,0.1,0.001,2.0,0.3,0.3,2.0,0.4,-13.4758,6.61,-40639.53,-48351.16,-9670.23,2,4,28776.76
HCLTECH26JUNFUT,0.1,0.001,2.0,0.3,0.3,2.0,0.5,-13.077,6.7375,-27873.42,-35525.07,-7105.01,2,4,30580.88
HCLTECH26JUNFUT,0.1,0.001,2.0,0.3,0.3,2.0,0.6,-21.5418,6.8725,-19044.52,-28290.92,-5658.18,2,4,31699.51
HCLTECH26JUNFUT,0.1,0.001,2.0,0.3,0.5,1.0,0.4,1.4032,0.7975,-4621.95,-7595.41,-1519.08,2,4,31487.87
HCLTECH26JUNFUT,0.1,0.001,2.0,0.3,0.5,1.0,0.5,2.3975,1.2875,6776.5,4346.45,869.29,2,4,31920.84
HCLTECH26JUNFUT,0.1,0.001,2.0,0.3,0.5,1.0,0.6,5.3574,1.315,1506.12,876.03,175.21,2,4,33896.95
HCLTECH26JUNFUT,0.1,0.001,2.0,0.3,0.5,1.5,0.4,-1.8124,6.1825,-10396.62,-6840.46,-1368.09,3,4,40494.74
HCLTECH26JUNFUT,0.1,0.001,2.0,0.3,0.5,1.5,0.5,-2.3994,5.8875,-23096.93,-20604.37,-4120.87,3,4,38349.33
HCLTECH26JUNFUT,0.1,0.001,2.0,0.3,0.5,1.5,0.6,-3.5151,5.4425,-27384.14,-25162.15,-5032.43,3,4,38187.08
HCLTECH26JUNFUT,0.1,0.001,2.0,0.3,0.5,2.0,0.4,-14.5446,6.5975,-40022.98,-48318.3,-9663.66,2,4,28629.7
HCLTECH26JUNFUT,0.1,0.001,2.0,0.3,0.5,2.0,0.5,-13.8005,6.735,-23876.89,-32100.24,-6420.05,2,4,31173.87
HCLTECH26JUNFUT,0.1,0.001,2.0,0.3,0.5,2.0,0.6,-21.5435,6.8725,-19048.52,-28294.92,-5658.98,2,4,31701.76
HCLTECH26JUNFUT,0.1,0.001,2.0,0.3,1.0,1.0,0.4,1.4032,0.7975,-4617.95,-7591.41,-1518.28,2,4,31484.08
HCLTECH26JUNFUT,0.1,0.001,2.0,0.3,1.0,1.0,0.5,2.3976,1.2875,6780.49,4350.45,870.09,2,4,31922.16
HCLTECH26JUNFUT,0.1,0.001,2.0,0.3,1.0,1.0,0.6,5.3574,1.315,1510.12,880.02,176.0,2,4,33898.22
HCLTECH26JUNFUT,0.1,0.001,2.0,0.3,1.0,1.5,0.4,-1.8108,6.2,-9365.74,-5809.58,-1161.92,3,4,40352.16
HCLTECH26JUNFUT,0.1,0.001,2.0,0.3,1.0,1.5,0.5,-2.3827,5.8975,-23040.96,-20544.4,-4108.88,3,4,38353.73
HCLTECH26JUNFUT,0.1,0.001,2.0,0.3,1.0,1.5,0.6,-3.515,5.4425,-27376.15,-25154.15,-5030.83,3,4,38189.52
HCLTECH26JUNFUT,0.1,0.001,2.0,0.3,1.0,2.0,0.4,-14.5889,6.5725,-40702.3,-48997.62,-9799.52,2,4,28034.68
HCLTECH26JUNFUT,0.1,0.001,2.0,0.3,1.0,2.0,0.5,-13.8229,6.705,-25129.84,-33353.19,-6670.64,2,4,30786.23
HCLTECH26JUNFUT,0.1,0.001,2.0,0.3,1.0,2.0,0.6,-21.5452,6.8725,-19052.52,-28298.92,-5659.78,2,4,31701.53
HCLTECH26JUNFUT,0.1,0.001,2.0,0.5,0.3,1.0,0.4,1.4306,0.8175,-802.18,-3771.64,-754.33,2,4,32690.75
HCLTECH26JUNFUT,0.1,0.001,2.0,0.5,0.3,1.0,0.5,2.3976,1.29,6792.5,4362.45,872.49,2,4,31918.55
HCLTECH26JUNFUT,0.1,0.001,2.0,0.5,0.3,1.0,0.6,5.3574,1.315,1514.13,884.03,176.81,2,4,33896.96
HCLTECH26JUNFUT,0.1,0.001,2.0,0.5,0.3,1.5,0.4,-1.5325,6.275,-9604.4,-6056.23,-1211.25,3,4,40530.49
HCLTECH26JUNFUT,0.1,0.001,2.0,0.5,0.3,1.5,0.5,-2.4761,5.8225,-23406.53,-20917.96,-4183.59,3,4,38363.11
HCLTECH26JUNFUT,0.1,0.001,2.0,0.5,0.3,1.5,0.6,-3.4035,5.4425,-27388.14,-25006.3,-5001.26,3,4,38193.1
HCLTECH26JUNFUT,0.1,0.001,2.0,0.5,0.3,2.0,0.4,-13.4741,6.61,-40635.54,-48347.16,-9669.43,2,4,28777.05
HCLTECH26JUNFUT,0.1,0.001,2.0,0.5,0.3,2.0,0.5,-13.077,6.7375,-27873.42,-35525.07,-7105.01,2,4,30580.88
HCLTECH26JUNFUT,0.1,0.001,2.0,0.5,0.3,2.0,0.6,-21.5418,6.8725,-19044.52,-28290.92,-5658.18,2,4,31699.51
HCLTECH26JUNFUT,0.1,0.001,2.0,0.5,0.5,1.0,0.4,1.4032,0.7975,-4621.95,-7595.41,-1519.08,2,4,31487.87
HCLTECH26JUNFUT,0.1,0.001,2.0,0.5,0.5,1.0,0.5,2.3975,1.2875,6776.5,4346.45,869.29,2,4,31920.84
HCLTECH26JUNFUT,0.1,0.001,2.0,0.5,0.5,1.0,0.6,5.3574,1.315,1506.12,876.03,175.21,2,4,33896.95
HCLTECH26JUNFUT,0.1,0.001,2.0,0.5,0.5,1.5,0.4,-1.8124,6.1825,-10396.62,-6840.46,-1368.09,3,4,40494.74
HCLTECH26JUNFUT,0.1,0.001,2.0,0.5,0.5,1.5,0.5,-2.3994,5.8875,-23096.93,-20604.37,-4120.87,3,4,38349.33
HCLTECH26JUNFUT,0.1,0.001,2.0,0.5,0.5,1.5,0.6,-3.5151,5.4425,-27384.14,-25162.15,-5032.43,3,4,38187.08
HCLTECH26JUNFUT,0.1,0.001,2.0,0.5,0.5,2.0,0.4,-14.5446,6.5975,-40022.98,-48318.3,-9663.66,2,4,28629.7
HCLTECH26JUNFUT,0.1,0.001,2.0,0.5,0.5,2.0,0.5,-13.8005,6.735,-23876.89,-32100.24,-6420.05,2,4,31173.87
HCLTECH26JUNFUT,0.1,0.001,2.0,0.5,0.5,2.0,0.6,-21.5435,6.8725,-19048.52,-28294.92,-5658.98,2,4,31701.76
HCLTECH26JUNFUT,0.1,0.001,2.0,0.5,1.0,1.0,0.4,1.4032,0.7975,-4617.95,-7591.41,-1518.28,2,4,31484.08
HCLTECH26JUNFUT,0.1,0.001,2.0,0.5,1.0,1.0,0.5,2.3976,1.2875,6780.49,4350.45,870.09,2,4,31922.16
HCLTECH26JUNFUT,0.1,0.001,2.0,0.5,1.0,1.0,0.6,5.3574,1.315,1510.12,880.02,176.0,2,4,33898.22
HCLTECH26JUNFUT,0.1,0.001,2.0,0.5,1.0,1.5,0.4,-1.8108,6.2,-9365.74,-5809.58,-1161.92,3,4,40352.16
HCLTECH26JUNFUT,0.1,0.001,2.0,0.5,1.0,1.5,0.5,-2.3827,5.8975,-23040.96,-20544.4,-4108.88,3,4,38353.73
HCLTECH26JUNFUT,0.1,0.001,2.0,0.5,1.0,1.5,0.6,-3.515,5.4425,-27376.15,-25154.15,-5030.83,3,4,38189.52
HCLTECH26JUNFUT,0.1,0.001,2.0,0.5,1.0,2.0,0.4,-14.5889,6.5725,-40702.3,-48997.62,-9799.52,2,4,28034.68
HCLTECH26JUNFUT,0.1,0.001,2.0,0.5,1.0,2.0,0.5,-13.8229,6.705,-25129.84,-33353.19,-6670.64,2,4,30786.23
HCLTECH26JUNFUT,0.1,0.001,2.0,0.5,1.0,2.0,0.6,-21.5452,6.8725,-19052.52,-28298.92,-5659.78,2,4,31701.53
HDFCBANK26JUNFUT,0.05,0.0005,2.0,0.2,0.3,1.0,0.4,-12.0159,0.0,-2626.81,-2626.81,-525.36,0,4,510.95
HDFCBANK26JUNFUT,0.05,0.0005,2.0,0.2,0.3,1.0,0.5,-11.8104,0.0,-2308.13,-2308.13,-461.63,0,4,432.44
HDFCBANK26JUNFUT,0.05,0.0005,2.0,0.2,0.3,1.0,0.6,-11.8104,0.0,-2288.64,-2288.64,-457.73,0,4,426.83
HDFCBANK26JUNFUT,0.05,0.0005,2.0,0.2,0.3,1.5,0.4,5.217,16.0925,12259.28,13264.38,2652.88,4,4,10085.16
HDFCBANK26JUNFUT,0.05,0.0005,2.0,0.2,0.3,1.5,0.5,5.5686,18.81,16910.56,18102.71,3620.54,4,4,10568.63
HDFCBANK26JUNFUT,0.05,0.0005,2.0,0.2,0.3,1.5,0.6,5.5726,19.09,18372.02,19564.16,3912.83,4,4,10762.68
HDFCBANK26JUNFUT,0.05,0.0005,2.0,0.2,0.3,2.0,0.4,-5.3524,10.34,76992.2,73451.87,14690.37,3,4,28651.49
HDFCBANK26JUNFUT,0.05,0.0005,2.0,0.2,0.3,2.0,0.5,-6.1849,9.9975,88671.74,84071.14,16814.23,3,4,31522.08
HDFCBANK26JUNFUT,0.05,0.0005,2.0,0.2,0.3,2.0,0.6,-4.6307,10.1,90414.71,85827.1,17165.42,3,4,31883.77
HDFCBANK26JUNFUT,0.05,0.0005,2.0,0.2,0.5,1.0,0.4,-12.0159,0.0,-2626.81,-2626.81,-525.36,0,4,510.95
HDFCBANK26JUNFUT,0.05,0.0005,2.0,0.2,0.5,1.0,0.5,-11.8104,0.0,-2308.13,-2308.13,-461.63,0,4,432.44
HDFCBANK26JUNFUT,0.05,0.0005,2.0,0.2,0.5,1.0,0.6,-11.8104,0.0,-2288.64,-2288.64,-457.73,0,4,426.83
HDFCBANK26JUNFUT,0.05,0.0005,2.0,0.2,0.5,1.5,0.4,5.217,16.0925,12265.78,13270.88,2654.18,4,4,10085.74
HDFCBANK26JUNFUT,0.05,0.0005,2.0,0.2,0.5,1.5,0.5,5.5686,18.81,16910.56,18102.7,3620.54,4,4,10568.63
HDFCBANK26JUNFUT,0.05,0.0005,2.0,0.2,0.5,1.5,0.6,5.5726,19.09,18372.01,19564.16,3912.83,4,4,10762.68
HDFCBANK26JUNFUT,0.05,0.0005,2.0,0.2,0.5,2.0,0.4,-5.3523,10.3425,76998.68,73458.35,14691.67,3,4,28652.81
HDFCBANK26JUNFUT,0.05,0.0005,2.0,0.2,0.5,2.0,0.5,-6.1849,10.0,88671.74,84071.14,16814.23,3,4,31522.08
HDFCBANK26JUNFUT,0.05,0.0005,2.0,0.2,0.5,2.0,0.6,-4.6307,10.1,90414.71,85827.1,17165.42,3,4,31883.77
HDFCBANK26JUNFUT,0.05,0.0005,2.0,0.2,1.0,1.0,0.4,-12.0159,0.0,-2626.81,-2626.81,-525.36,0,4,510.95
HDFCBANK26JUNFUT,0.05,0.0005,2.0,0.2,1.0,1.0,0.5,-11.8104,0.0,-2308.13,-2308.13,-461.63,0,4,432.44
HDFCBANK26JUNFUT,0.05,0.0005,2.0,0.2,1.0,1.0,0.6,-11.8104,0.0,-2288.64,-2288.64,-457.73,0,4,426.83
HDFCBANK26JUNFUT,0.05,0.0005,2.0,0.2,1.0,1.5,0.4,5.217,16.0925,12272.27,13277.38,2655.48,4,4,10086.32
HDFCBANK26JUNFUT,0.05,0.0005,2.0,0.2,1.0,1.5,0.5,5.5686,18.8125,16917.06,18109.2,3621.84,4,4,10569.54
HDFCBANK26JUNFUT,0.05,0.0005,2.0,0.2,1.0,1.5,0.6,5.5726,19.09,18372.01,19564.16,3912.83,4,4,10762.68
HDFCBANK26JUNFUT,0.05,0.0005,2.0,0.2,1.0,2.0,0.4,-5.3521,10.3425,77011.67,73471.34,14694.27,3,4,28652.96
HDFCBANK26JUNFUT,0.05,0.0005,2.0,0.2,1.0,2.0,0.5,-5.2876,10.21,89206.71,84606.11,16921.22,3,4,31465.76
HDFCBANK26JUNFUT,0.05,0.0005,2.0,0.2,1.0,2.0,0.6,-4.6307,10.1,90414.71,85827.1,17165.42,3,4,31883.77
HDFCBANK26JUNFUT,0.05,0.0005,2.0,0.3,0.3,1.0,0.4,-12.0159,0.0,-2626.81,-2626.81,-525.36,0,4,510.95
HDFCBANK26JUNFUT,0.05,0.0005,2.0,0.3,0.3,1.0,0.5,-11.8104,0.0,-2308.13,-2308.13,-461.63,0,4,432.44
HDFCBANK26JUNFUT,0.05,0.0005,2.0,0.3,0.3,1.0,0.6,-11.8104,0.0,-2288.64,-2288.64,-457.73,0,4,426.83
HDFCBANK26JUNFUT,0.05,0.0005,2.0,0.3,0.3,1.5,0.4,5.217,16.0925,12259.28,13264.38,2652.88,4,4,10085.16
HDFCBANK26JUNFUT,0.05,0.0005,2.0,0.3,0.3,1.5,0.5,5.5686,18.81,16910.56,18102.71,3620.54,4,4,10568.63
HDFCBANK26JUNFUT,0.05,0.0005,2.0,0.3,0.3,1.5,0.6,5.5726,19.09,18372.02,19564.16,3912.83,4,4,10762.68
HDFCBANK26JUNFUT,0.05,0.0005,2.0,0.3,0.3,2.0,0.4,-5.3524,10.34,76992.2,73451.87,14690.37,3,4,28651.49
HDFCBANK26JUNFUT,0.05,0.0005,2.0,0.3,0.3,2.0,0.5,-6.1849,9.9975,88671.74,84071.14,16814.23,3,4,31522.08
HDFCBANK26JUNFUT,0.05,0.0005,2.0,0.3,0.3,2.0,0.6,-4.6307,10.1,90414.71,85827.1,17165.42,3,4,31883.77
HDFCBANK26JUNFUT,0.05,0.0005,2.0,0.3,0.5,1.0,0.4,-12.0159,0.0,-2626.81,-2626.81,-525.36,0,4,510.95
HDFCBANK26JUNFUT,0.05,0.0005,2.0,0.3,0.5,1.0,0.5,-11.8104,0.0,-2308.13,-2308.13,-461.63,0,4,432.44
HDFCBANK26JUNFUT,0.05,0.0005,2.0,0.3,0.5,1.0,0.6,-11.8104,0.0,-2288.64,-2288.64,-457.73,0,4,426.83
HDFCBANK26JUNFUT,0.05,0.0005,2.0,0.3,0.5,1.5,0.4,5.217,16.0925,12265.78,13270.88,2654.18,4,4,10085.74
HDFCBANK26JUNFUT,0.05,0.0005,2.0,0.3,0.5,1.5,0.5,5.5686,18.81,16910.56,18102.7,3620.54,4,4,10568.63
HDFCBANK26JUNFUT,0.05,0.0005,2.0,0.3,0.5,1.5,0.6,5.5726,19.09,18372.01,19564.16,3912.83,4,4,10762.68
HDFCBANK26JUNFUT,0.05,0.0005,2.0,0.3,0.5,2.0,0.4,-5.3523,10.3425,76998.68,73458.35,14691.67,3,4,28652.81
HDFCBANK26JUNFUT,0.05,0.0005,2.0,0.3,0.5,2.0,0.5,-6.1849,10.0,88671.74,84071.14,16814.23,3,4,31522.08
HDFCBANK26JUNFUT,0.05,0.0005,2.0,0.3,0.5,2.0,0.6,-4.6307,10.1,90414.71,85827.1,17165.42,3,4,31883.77
HDFCBANK26JUNFUT,0.05,0.0005,2.0,0.3,1.0,1.0,0.4,-12.0159,0.0,-2626.81,-2626.81,-525.36,0,4,510.95
HDFCBANK26JUNFUT,0.05,0.0005,2.0,0.3,1.0,1.0,0.5,-11.8104,0.0,-2308.13,-2308.13,-461.63,0,4,432.44
HDFCBANK26JUNFUT,0.05,0.0005,2.0,0.3,1.0,1.0,0.6,-11.8104,0.0,-2288.64,-2288.64,-457.73,0,4,426.83
HDFCBANK26JUNFUT,0.05,0.0005,2.0,0.3,1.0,1.5,0.4,5.217,16.0925,12272.27,13277.38,2655.48,4,4,10086.32
HDFCBANK26JUNFUT,0.05,0.0005,2.0,0.3,1.0,1.5,0.5,5.5686,18.8125,16917.06,18109.2,3621.84,4,4,10569.54
HDFCBANK26JUNFUT,0.05,0.0005,2.0,0.3,1.0,1.5,0.6,5.5726,19.09,18372.01,19564.16,3912.83,4,4,10762.68
HDFCBANK26JUNFUT,0.05,0.0005,2.0,0.3,1.0,2.0,0.4,-5.3521,10.3425,77011.67,73471.34,14694.27,3,4,28652.96
HDFCBANK26JUNFUT,0.05,0.0005,2.0,0.3,1.0,2.0,0.5,-5.2876,10.21,89206.71,84606.11,16921.22,3,4,31465.76
HDFCBANK26JUNFUT,0.05,0.0005,2.0,0.3,1.0,2.0,0.6,-4.6307,10.1,90414.71,85827.1,17165.42,3,4,31883.77
HDFCBANK26JUNFUT,0.05,0.0005,2.0,0.5,0.3,1.0,0.4,-12.0159,0.0,-2626.81,-2626.81,-525.36,0,4,510.95
HDFCBANK26JUNFUT,0.05,0.0005,2.0,0.5,0.3,1.0,0.5,-11.8104,0.0,-2308.13,-2308.13,-461.63,0,4,432.44
HDFCBANK26JUNFUT,0.05,0.0005,2.0,0.5,0.3,1.0,0.6,-11.8104,0.0,-2288.64,-2288.64,-457.73,0,4,426.83
HDFCBANK26JUNFUT,0.05,0.0005,2.0,0.5,0.3,1.5,0.4,5.217,16.0925,12259.28,13264.38,2652.88,4,4,10085.16
HDFCBANK26JUNFUT,0.05,0.0005,2.0,0.5,0.3,1.5,0.5,5.5686,18.81,16910.56,18102.71,3620.54,4,4,10568.63
HDFCBANK26JUNFUT,0.05,0.0005,2.0,0.5,0.3,1.5,0.6,5.5726,19.09,18372.02,19564.16,3912.83,4,4,10762.68
HDFCBANK26JUNFUT,0.05,0.0005,2.0,0.5,0.3,2.0,0.4,-5.3524,10.34,76992.2,73451.87,14690.37,3,4,28651.49
HDFCBANK26JUNFUT,0.05,0.0005,2.0,0.5,0.3,2.0,0.5,-6.1849,9.9975,88671.74,84071.14,16814.23,3,4,31522.08
HDFCBANK26JUNFUT,0.05,0.0005,2.0,0.5,0.3,2.0,0.6,-4.6307,10.1,90414.71,85827.1,17165.42,3,4,31883.77
HDFCBANK26JUNFUT,0.05,0.0005,2.0,0.5,0.5,1.0,0.4,-12.0159,0.0,-2626.81,-2626.81,-525.36,0,4,510.95
HDFCBANK26JUNFUT,0.05,0.0005,2.0,0.5,0.5,1.0,0.5,-11.8104,0.0,-2308.13,-2308.13,-461.63,0,4,432.44
HDFCBANK26JUNFUT,0.05,0.0005,2.0,0.5,0.5,1.0,0.6,-11.8104,0.0,-2288.64,-2288.64,-457.73,0,4,426.83
HDFCBANK26JUNFUT,0.05,0.0005,2.0,0.5,0.5,1.5,0.4,5.217,16.0925,12265.78,13270.88,2654.18,4,4,10085.74
HDFCBANK26JUNFUT,0.05,0.0005,2.0,0.5,0.5,1.5,0.5,5.5686,18.81,16910.56,18102.7,3620.54,4,4,10568.63
HDFCBANK26JUNFUT,0.05,0.0005,2.0,0.5,0.5,1.5,0.6,5.5726,19.09,18372.01,19564.16,3912.83,4,4,10762.68
HDFCBANK26JUNFUT,0.05,0.0005,2.0,0.5,0.5,2.0,0.4,-5.3523,10.3425,76998.68,73458.35,14691.67,3,4,28652.81
HDFCBANK26JUNFUT,0.05,0.0005,2.0,0.5,0.5,2.0,0.5,-6.1849,10.0,88671.74,84071.14,16814.23,3,4,31522.08
HDFCBANK26JUNFUT,0.05,0.0005,2.0,0.5,0.5,2.0,0.6,-4.6307,10.1,90414.71,85827.1,17165.42,3,4,31883.77
HDFCBANK26JUNFUT,0.05,0.0005,2.0,0.5,1.0,1.0,0.4,-12.0159,0.0,-2626.81,-2626.81,-525.36,0,4,510.95
HDFCBANK26JUNFUT,0.05,0.0005,2.0,0.5,1.0,1.0,0.5,-11.8104,0.0,-2308.13,-2308.13,-461.63,0,4,432.44
HDFCBANK26JUNFUT,0.05,0.0005,2.0,0.5,1.0,1.0,0.6,-11.8104,0.0,-2288.64,-2288.64,-457.73,0,4,426.83
HDFCBANK26JUNFUT,0.05,0.0005,2.0,0.5,1.0,1.5,0.4,5.217,16.0925,12272.27,13277.38,2655.48,4,4,10086.32
HDFCBANK26JUNFUT,0.05,0.0005,2.0,0.5,1.0,1.5,0.5,5.5686,18.8125,16917.06,18109.2,3621.84,4,4,10569.54
HDFCBANK26JUNFUT,0.05,0.0005,2.0,0.5,1.0,1.5,0.6,5.5726,19.09,18372.01,19564.16,3912.83,4,4,10762.68
HDFCBANK26JUNFUT,0.05,0.0005,2.0,0.5,1.0,2.0,0.4,-5.3521,10.3425,77011.67,73471.34,14694.27,3,4,28652.96
HDFCBANK26JUNFUT,0.05,0.0005,2.0,0.5,1.0,2.0,0.5,-5.2876,10.21,89206.71,84606.11,16921.22,3,4,31465.76
HDFCBANK26JUNFUT,0.05,0.0005,2.0,0.5,1.0,2.0,0.6,-4.6307,10.1,90414.71,85827.1,17165.42,3,4,31883.77
ICICIBANK26JUNFUT,0.05,0.0005,3.0,0.2,0.3,1.0,0.4,1.1309,6.705,48943.99,48067.39,9613.48,3,4,32023.08
ICICIBANK26JUNFUT,0.05,0.0005,3.0,0.2,0.3,1.0,0.5,2.5336,3.95,35767.82,44444.68,8888.94,3,4,29211.02
ICICIBANK26JUNFUT,0.05,0.0005,3.0,0.2,0.3,1.0,0.6,-0.3837,4.7875,35670.26,44347.13,8869.43,3,4,30978.88
ICICIBANK26JUNFUT,0.05,0.0005,3.0,0.2,0.3,1.5,0.4,1.4859,4.6325,20416.32,55356.41,11071.28,2,4,40695.03
ICICIBANK26JUNFUT,0.05,0.0005,3.0,0.2,0.3,1.5,0.5,-1.7321,4.0325,3078.12,37185.26,7437.05,3,4,42709.68
ICICIBANK26JUNFUT,0.05,0.0005,3.0,0.2,0.3,1.5,0.6,-1.3412,4.8975,11631.46,41922.93,8384.59,3,4,41621.83
ICICIBANK26JUNFUT,0.05,0.0005,3.0,0.2,0.3,2.0,0.4,-17.4065,6.2625,-59366.82,-69121.09,-13824.22,1,4,43860.66
ICICIBANK26JUNFUT,0.05,0.0005,3.0,0.2,0.3,2.0,0.5,-21.5608,5.9925,-68221.82,-83215.13,-16643.03,1,4,43176.02
ICICIBANK26JUNFUT,0.05,0.0005,3.0,0.2,0.3,2.0,0.6,-22.9646,6.1075,-60511.86,-76321.76,-15264.35,1,4,43427.6
ICICIBANK26JUNFUT,0.05,0.0005,3.0,0.2,0.5,1.0,0.4,1.1284,6.705,48929.99,48053.39,9610.68,3,4,32021.06
ICICIBANK26JUNFUT,0.05,0.0005,3.0,0.2,0.5,1.0,0.5,2.5267,3.95,35760.82,44437.68,8887.54,3,4,29211.46
ICICIBANK26JUNFUT,0.05,0.0005,3.0,0.2,0.5,1.0,0.6,-0.3837,4.79,35677.26,44354.13,8870.83,3,4,30979.47
ICICIBANK26JUNFUT,0.05,0.0005,3.0,0.2,0.5,1.5,0.4,-0.1654,4.5625,11726.08,46666.17,9333.23,2,4,41720.76
ICICIBANK26JUNFUT,0.05,0.0005,3.0,0.2,0.5,1.5,0.5,-1.01,4.1475,7733.3,41840.43,8368.09,3,4,42092.55
ICICIBANK26JUNFUT,0.05,0.0005,3.0,0.2,0.5,1.5,0.6,-1.3412,4.8975,11631.46,41922.93,8384.59,3,4,41621.83
ICICIBANK26JUNFUT,0.05,0.0005,3.0,0.2,0.5,2.0,0.4,-17.3825,6.225,-60820.47,-70574.18,-14114.84,1,4,43320.28
ICICIBANK26JUNFUT,0.05,0.0005,3.0,0.2,0.5,2.0,0.5,-20.7025,5.9675,-66044.15,-81044.47,-16208.89,1,4,44202.1
ICICIBANK26JUNFUT,0.05,0.0005,3.0,0.2,0.5,2.0,0.6,-22.401,6.16,-55121.05,-70930.94,-14186.19,1,4,43520.06
ICICIBANK26JUNFUT,0.05,0.0005,3.0,0.2,1.0,1.0,0.4,1.1196,6.705,48936.98,48053.39,9610.68,3,4,32019.44
ICICIBANK26JUNFUT,0.05,0.0005,3.0,0.2,1.0,1.0,0.5,2.5271,3.95,35767.81,44444.68,8888.94,3,4,29209.21
ICICIBANK26JUNFUT,0.05,0.0005,3.0,0.2,1.0,1.0,0.6,-0.3834,4.79,35684.26,44361.12,8872.22,3,4,30977.35
ICICIBANK26JUNFUT,0.05,0.0005,3.0,0.2,1.0,1.5,0.4,0.1494,4.6775,15961.24,53176.91,10635.38,2,4,43302.62
ICICIBANK26JUNFUT,0.05,0.0005,3.0,0.2,1.0,1.5,0.5,-0.6805,4.275,11954.47,48344.18,9668.84,3,4,43640.26
ICICIBANK26JUNFUT,0.05,0.0005,3.0,0.2,1.0,1.5,0.6,-1.3484,4.7875,11446.27,41737.74,8347.55,3,4,41674.93
ICICIBANK26JUNFUT,0.05,0.0005,3.0,0.2,1.0,2.0,0.4,-17.3828,6.175,-62757.46,-72511.18,-14502.24,1,4,42772.87
ICICIBANK26JUNFUT,0.05,0.0005,3.0,0.2,1.0,2.0,0.5,-20.6874,5.9675,-66051.17,-81030.49,-16206.1,1,4,44199.87
ICICIBANK26JUNFUT,0.05,0.0005,3.0,0.2,1.0,2.0,0.6,-22.389,6.16,-55128.05,-70923.94,-14184.79,1,4,43517.51
ICICIBANK26JUNFUT,0.05,0.0005,3.0,0.3,0.3,1.0,0.4,1.1309,6.705,48943.99,48067.39,9613.48,3,4,32023.08
ICICIBANK26JUNFUT,0.05,0.0005,3.0,0.3,0.3,1.0,0.5,2.5336,3.95,35767.82,44444.68,8888.94,3,4,29211.02
ICICIBANK26JUNFUT,0.05,0.0005,3.0,0.3,0.3,1.0,0.6,-0.3837,4.7875,35670.26,44347.13,8869.43,3,4,30978.88
ICICIBANK26JUNFUT,0.05,0.0005,3.0,0.3,0.3,1.5,0.4,1.4859,4.6325,20416.32,55356.41,11071.28,2,4,40695.03
ICICIBANK26JUNFUT,0.05,0.0005,3.0,0.3,0.3,1.5,0.5,-1.7321,4.0325,3078.12,37185.26,7437.05,3,4,42709.68
ICICIBANK26JUNFUT,0.05,0.0005,3.0,0.3,0.3,1.5,0.6,-1.3412,4.8975,11631.46,41922.93,8384.59,3,4,41621.83
ICICIBANK26JUNFUT,0.05,0.0005,3.0,0.3,0.3,2.0,0.4,-17.4065,6.2625,-59366.82,-69121.09,-13824.22,1,4,43860.66
ICICIBANK26JUNFUT,0.05,0.0005,3.0,0.3,0.3,2.0,0.5,-21.5608,5.9925,-68221.82,-83215.13,-16643.03,1,4,43176.02
ICICIBANK26JUNFUT,0.05,0.0005,3.0,0.3,0.3,2.0,0.6,-22.9646,6.1075,-60511.86,-76321.76,-15264.35,1,4,43427.6
ICICIBANK26JUNFUT,0.05,0.0005,3.0,0.3,0.5,1.0,0.4,1.1284,6.705,48929.99,48053.39,9610.68,3,4,32021.06
ICICIBANK26JUNFUT,0.05,0.0005,3.0,0.3,0.5,1.0,0.5,2.5267,3.95,35760.82,44437.68,8887.54,3,4,29211.46
ICICIBANK26JUNFUT,0.05,0.0005,3.0,0.3,0.5,1.0,0.6,-0.3837,4.79,35677.26,44354.13,8870.83,3,4,30979.47
ICICIBANK26JUNFUT,0.05,0.0005,3.0,0.3,0.5,1.5,0.4,-0.1654,4.5625,11726.08,46666.17,9333.23,2,4,41720.76
ICICIBANK26JUNFUT,0.05,0.0005,3.0,0.3,0.5,1.5,0.5,-1.01,4.1475,7733.3,41840.43,8368.09,3,4,42092.55
ICICIBANK26JUNFUT,0.05,0.0005,3.0,0.3,0.5,1.5,0.6,-1.3412,4.8975,11631.46,41922.93,8384.59,3,4,41621.83
ICICIBANK26JUNFUT,0.05,0.0005,3.0,0.3,0.5,2.0,0.4,-17.3825,6.225,-60820.47,-70574.18,-14114.84,1,4,43320.28
ICICIBANK26JUNFUT,0.05,0.0005,3.0,0.3,0.5,2.0,0.5,-20.7025,5.9675,-66044.15,-81044.47,-16208.89,1,4,44202.1
ICICIBANK26JUNFUT,0.05,0.0005,3.0,0.3,0.5,2.0,0.6,-22.401,6.16,-55121.05,-70930.94,-14186.19,1,4,43520.06
ICICIBANK26JUNFUT,0.05,0.0005,3.0,0.3,1.0,1.0,0.4,1.1196,6.705,48936.98,48053.39,9610.68,3,4,32019.44
ICICIBANK26JUNFUT,0.05,0.0005,3.0,0.3,1.0,1.0,0.5,2.5271,3.95,35767.81,44444.68,8888.94,3,4,29209.21
ICICIBANK26JUNFUT,0.05,0.0005,3.0,0.3,1.0,1.0,0.6,-0.3834,4.79,35684.26,44361.12,8872.22,3,4,30977.35
ICICIBANK26JUNFUT,0.05,0.0005,3.0,0.3,1.0,1.5,0.4,0.1494,4.6775,15961.24,53176.91,10635.38,2,4,43302.62
ICICIBANK26JUNFUT,0.05,0.0005,3.0,0.3,1.0,1.5,0.5,-0.6805,4.275,11954.47,48344.18,9668.84,3,4,43640.26
ICICIBANK26JUNFUT,0.05,0.0005,3.0,0.3,1.0,1.5,0.6,-1.3484,4.7875,11446.27,41737.74,8347.55,3,4,41674.93
ICICIBANK26JUNFUT,0.05,0.0005,3.0,0.3,1.0,2.0,0.4,-17.3828,6.175,-62757.46,-72511.18,-14502.24,1,4,42772.87
ICICIBANK26JUNFUT,0.05,0.0005,3.0,0.3,1.0,2.0,0.5,-20.6874,5.9675,-66051.17,-81030.49,-16206.1,1,4,44199.87
ICICIBANK26JUNFUT,0.05,0.0005,3.0,0.3,1.0,2.0,0.6,-22.389,6.16,-55128.05,-70923.94,-14184.79,1,4,43517.51
ICICIBANK26JUNFUT,0.05,0.0005,3.0,0.5,0.3,1.0,0.4,1.1309,6.705,48943.99,48067.39,9613.48,3,4,32023.08
ICICIBANK26JUNFUT,0.05,0.0005,3.0,0.5,0.3,1.0,0.5,2.5336,3.95,35767.82,44444.68,8888.94,3,4,29211.02
ICICIBANK26JUNFUT,0.05,0.0005,3.0,0.5,0.3,1.0,0.6,-0.3837,4.7875,35670.26,44347.13,8869.43,3,4,30978.88
ICICIBANK26JUNFUT,0.05,0.0005,3.0,0.5,0.3,1.5,0.4,1.4859,4.6325,20416.32,55356.41,11071.28,2,4,40695.03
ICICIBANK26JUNFUT,0.05,0.0005,3.0,0.5,0.3,1.5,0.5,-1.7321,4.0325,3078.12,37185.26,7437.05,3,4,42709.68
ICICIBANK26JUNFUT,0.05,0.0005,3.0,0.5,0.3,1.5,0.6,-1.3412,4.8975,11631.46,41922.93,8384.59,3,4,41621.83
ICICIBANK26JUNFUT,0.05,0.0005,3.0,0.5,0.3,2.0,0.4,-17.4065,6.2625,-59366.82,-69121.09,-13824.22,1,4,43860.66
ICICIBANK26JUNFUT,0.05,0.0005,3.0,0.5,0.3,2.0,0.5,-21.5608,5.9925,-68221.82,-83215.13,-16643.03,1,4,43176.02
ICICIBANK26JUNFUT,0.05,0.0005,3.0,0.5,0.3,2.0,0.6,-22.9646,6.1075,-60511.86,-76321.76,-15264.35,1,4,43427.6
ICICIBANK26JUNFUT,0.05,0.0005,3.0,0.5,0.5,1.0,0.4,1.1284,6.705,48929.99,48053.39,9610.68,3,4,32021.06
ICICIBANK26JUNFUT,0.05,0.0005,3.0,0.5,0.5,1.0,0.5,2.5267,3.95,35760.82,44437.68,8887.54,3,4,29211.46
ICICIBANK26JUNFUT,0.05,0.0005,3.0,0.5,0.5,1.0,0.6,-0.3837,4.79,35677.26,44354.13,8870.83,3,4,30979.47
ICICIBANK26JUNFUT,0.05,0.0005,3.0,0.5,0.5,1.5,0.4,-0.1654,4.5625,11726.08,46666.17,9333.23,2,4,41720.76
ICICIBANK26JUNFUT,0.05,0.0005,3.0,0.5,0.5,1.5,0.5,-1.01,4.1475,7733.3,41840.43,8368.09,3,4,42092.55
ICICIBANK26JUNFUT,0.05,0.0005,3.0,0.5,0.5,1.5,0.6,-1.3412,4.8975,11631.46,41922.93,8384.59,3,4,41621.83
ICICIBANK26JUNFUT,0.05,0.0005,3.0,0.5,0.5,2.0,0.4,-17.3825,6.225,-60820.47,-70574.18,-14114.84,1,4,43320.28
ICICIBANK26JUNFUT,0.05,0.0005,3.0,0.5,0.5,2.0,0.5,-20.7025,5.9675,-66044.15,-81044.47,-16208.89,1,4,44202.1
ICICIBANK26JUNFUT,0.05,0.0005,3.0,0.5,0.5,2.0,0.6,-22.401,6.16,-55121.05,-70930.94,-14186.19,1,4,43520.06
ICICIBANK26JUNFUT,0.05,0.0005,3.0,0.5,1.0,1.0,0.4,1.1196,6.705,48936.98,48053.39,9610.68,3,4,32019.44
ICICIBANK26JUNFUT,0.05,0.0005,3.0,0.5,1.0,1.0,0.5,2.5271,3.95,35767.81,44444.68,8888.94,3,4,29209.21
ICICIBANK26JUNFUT,0.05,0.0005,3.0,0.5,1.0,1.0,0.6,-0.3834,4.79,35684.26,44361.12,8872.22,3,4,30977.35
ICICIBANK26JUNFUT,0.05,0.0005,3.0,0.5,1.0,1.5,0.4,0.1494,4.6775,15961.24,53176.91,10635.38,2,4,43302.62
ICICIBANK26JUNFUT,0.05,0.0005,3.0,0.5,1.0,1.5,0.5,-0.6805,4.275,11954.47,48344.18,9668.84,3,4,43640.26
ICICIBANK26JUNFUT,0.05,0.0005,3.0,0.5,1.0,1.5,0.6,-1.3484,4.7875,11446.27,41737.74,8347.55,3,4,41674.93
ICICIBANK26JUNFUT,0.05,0.0005,3.0,0.5,1.0,2.0,0.4,-17.3828,6.175,-62757.46,-72511.18,-14502.24,1,4,42772.87
ICICIBANK26JUNFUT,0.05,0.0005,3.0,0.5,1.0,2.0,0.5,-20.6874,5.9675,-66051.17,-81030.49,-16206.1,1,4,44199.87
ICICIBANK26JUNFUT,0.05,0.0005,3.0,0.5,1.0,2.0,0.6,-22.389,6.16,-55128.05,-70923.94,-14184.79,1,4,43517.51
INFY26JUNFUT,0.05,0.002,3.0,0.2,0.3,1.0,0.4,3.1065,22.205,30691.2,30648.35,6129.67,2,4,13704.66
INFY26JUNFUT,0.05,0.002,3.0,0.2,0.3,1.0,0.5,11.1361,60.325,19248.16,19205.31,3841.06,3,4,7632.93
INFY26JUNFUT,0.05,0.002,3.0,0.2,0.3,1.0,0.6,11.1399,58.29,22028.42,21985.57,4397.11,4,4,7588.36
INFY26JUNFUT,0.05,0.002,3.0,0.2,0.3,1.5,0.4,37.1958,6.1875,23000.84,24904.14,4980.83,4,4,12034.08
INFY26JUNFUT,0.05,0.002,3.0,0.2,0.3,1.5,0.5,1.8851,5.475,29167.34,31078.64,6215.73,3,4,15431.38
INFY26JUNFUT,0.05,0.002,3.0,0.2,0.3,1.5,0.6,0.6138,4.93,23231.23,25618.54,5123.71,3,4,14406.16
INFY26JUNFUT,0.05,0.002,3.0,0.2,0.3,2.0,0.4,-2.548,4.8275,9282.65,17195.86,3439.17,3,4,21467.06
INFY26JUNFUT,0.05,0.002,3.0,0.2,0.3,2.0,0.5,-2.0906,4.45,4935.57,14510.12,2902.02,3,4,20601.51
INFY26JUNFUT,0.05,0.002,3.0,0.2,0.3,2.0,0.6,-2.0263,4.5,9543.75,20042.38,4008.48,3,4,22117.89
INFY26JUNFUT,0.05,0.002,3.0,0.2,0.5,1.0,0.4,3.1217,22.205,30695.25,30652.4,6130.48,2,4,13704.32
INFY26JUNFUT,0.05,0.002,3.0,0.2,0.5,1.0,0.5,11.1361,60.325,19248.16,19205.31,3841.06,3,4,7632.93
INFY26JUNFUT,0.05,0.002,3.0,0.2,0.5,1.0,0.6,11.1399,58.29,22028.42,21985.57,4397.11,4,4,7588.36
INFY26JUNFUT,0.05,0.002,3.0,0.2,0.5,1.5,0.4,37.2513,6.1875,23008.83,24916.13,4983.23,4,4,12033.58
INFY26JUNFUT,0.05,0.002,3.0,0.2,0.5,1.5,0.5,1.8851,5.475,29159.34,31070.64,6214.13,3,4,15432.76
INFY26JUNFUT,0.05,0.002,3.0,0.2,0.5,1.5,0.6,0.6138,4.93,23231.22,25618.54,5123.71,3,4,14408.37
INFY26JUNFUT,0.05,0.002,3.0,0.2,0.5,2.0,0.4,-2.2101,4.7725,9488.08,18690.51,3738.1,3,4,21720.04
INFY26JUNFUT,0.05,0.002,3.0,0.2,0.5,2.0,0.5,-2.1726,4.4275,4346.86,13921.41,2784.28,3,4,20595.7
INFY26JUNFUT,0.05,0.002,3.0,0.2,0.5,2.0,0.6,-2.1022,4.4775,8963.05,19461.67,3892.33,3,4,22121.04
INFY26JUNFUT,0.05,0.002,3.0,0.2,1.0,1.0,0.4,3.0901,22.25,30687.24,30644.39,6128.88,2,4,13707.08
INFY26JUNFUT,0.05,0.002,3.0,0.2,1.0,1.0,0.5,11.1361,60.325,19248.16,19205.31,3841.06,3,4,7632.93
INFY26JUNFUT,0.05,0.002,3.0,0.2,1.0,1.0,0.6,11.1399,58.29,22028.42,21985.57,4397.11,4,4,7588.36
INFY26JUNFUT,0.05,0.002,3.0,0.2,1.0,1.5,0.4,35.866,6.2225,23889.33,25796.63,5159.33,4,4,11785.06
INFY26JUNFUT,0.05,0.002,3.0,0.2,1.0,1.5,0.5,1.8893,5.475,29159.34,31070.63,6214.13,3,4,15430.69
INFY26JUNFUT,0.05,0.002,3.0,0.2,1.0,1.5,0.6,0.6138,4.93,23231.22,25618.54,5123.71,3,4,14408.37
INFY26JUNFUT,0.05,0.002,3.0,0.2,1.0,2.0,0.4,-2.203,4.7425,8423.62,17626.05,3525.21,3,4,21660.18
INFY26JUNFUT,0.05,0.002,3.0,0.2,1.0,2.0,0.5,-2.1845,4.415,3930.84,13509.39,2701.88,3,4,20468.24
INFY26JUNFUT,0.05,0.002,3.0,0.2,1.0,2.0,0.6,-2.1006,4.4775,8959.05,19465.67,3893.13,3,4,22122.71
INFY26JUNFUT,0.05,0.002,3.0,0.3,0.3,1.0,0.4,3.1065,22.205,30691.2,30648.35,6129.67,2,4,13704.66
INFY26JUNFUT,0.05,0.002,3.0,0.3,0.3,1.0,0.5,11.1361,60.325,19248.16,19205.31,3841.06,3,4,7632.93
INFY26JUNFUT,0.05,0.002,3.0,0.3,0.3,1.0,0.6,11.1399,58.29,22028.42,21985.57,4397.11,4,4,7588.36
INFY26JUNFUT,0.05,0.002,3.0,0.3,0.3,1.5,0.4,37.1958,6.1875,23000.84,24904.14,4980.83,4,4,12034.08
INFY26JUNFUT,0.05,0.002,3.0,0.3,0.3,1.5,0.5,1.8851,5.475,29167.34,31078.64,6215.73,3,4,15431.38
INFY26JUNFUT,0.05,0.002,3.0,0.3,0.3,1.5,0.6,0.6138,4.93,23231.23,25618.54,5123.71,3,4,14406.16
INFY26JUNFUT,0.05,0.002,3.0,0.3,0.3,2.0,0.4,-2.548,4.8275,9282.65,17195.86,3439.17,3,4,21467.06
INFY26JUNFUT,0.05,0.002,3.0,0.3,0.3,2.0,0.5,-2.0906,4.45,4935.57,14510.12,2902.02,3,4,20601.51
INFY26JUNFUT,0.05,0.002,3.0,0.3,0.3,2.0,0.6,-2.0263,4.5,9543.75,20042.38,4008.48,3,4,22117.89
INFY26JUNFUT,0.05,0.002,3.0,0.3,0.5,1.0,0.4,3.1217,22.205,30695.25,30652.4,6130.48,2,4,13704.32
INFY26JUNFUT,0.05,0.002,3.0,0.3,0.5,1.0,0.5,11.1361,60.325,19248.16,19205.31,3841.06,3,4,7632.93
INFY26JUNFUT,0.05,0.002,3.0,0.3,0.5,1.0,0.6,11.1399,58.29,22028.42,21985.57,4397.11,4,4,7588.36
INFY26JUNFUT,0.05,0.002,3.0,0.3,0.5,1.5,0.4,37.2513,6.1875,23008.83,24916.13,4983.23,4,4,12033.58
INFY26JUNFUT,0.05,0.002,3.0,0.3,0.5,1.5,0.5,1.8851,5.475,29159.34,31070.64,6214.13,3,4,15432.76
INFY26JUNFUT,0.05,0.002,3.0,0.3,0.5,1.5,0.6,0.6138,4.93,23231.22,25618.54,5123.71,3,4,14408.37
INFY26JUNFUT,0.05,0.002,3.0,0.3,0.5,2.0,0.4,-2.2101,4.7725,9488.08,18690.51,3738.1,3,4,21720.04
INFY26JUNFUT,0.05,0.002,3.0,0.3,0.5,2.0,0.5,-2.1726,4.4275,4346.86,13921.41,2784.28,3,4,20595.7
INFY26JUNFUT,0.05,0.002,3.0,0.3,0.5,2.0,0.6,-2.1022,4.4775,8963.05,19461.67,3892.33,3,4,22121.04
INFY26JUNFUT,0.05,0.002,3.0,0.3,1.0,1.0,0.4,3.0901,22.25,30687.24,30644.39,6128.88,2,4,13707.08
INFY26JUNFUT,0.05,0.002,3.0,0.3,1.0,1.0,0.5,11.1361,60.325,19248.16,19205.31,3841.06,3,4,7632.93
INFY26JUNFUT,0.05,0.002,3.0,0.3,1.0,1.0,0.6,11.1399,58.29,22028.42,21985.57,4397.11,4,4,7588.36
INFY26JUNFUT,0.05,0.002,3.0,0.3,1.0,1.5,0.4,35.866,6.2225,23889.33,25796.63,5159.33,4,4,11785.06
INFY26JUNFUT,0.05,0.002,3.0,0.3,1.0,1.5,0.5,1.8893,5.475,29159.34,31070.63,6214.13,3,4,15430.69
INFY26JUNFUT,0.05,0.002,3.0,0.3,1.0,1.5,0.6,0.6138,4.93,23231.22,25618.54,5123.71,3,4,14408.37
INFY26JUNFUT,0.05,0.002,3.0,0.3,1.0,2.0,0.4,-2.203,4.7425,8423.62,17626.05,3525.21,3,4,21660.18
INFY26JUNFUT,0.05,0.002,3.0,0.3,1.0,2.0,0.5,-2.1845,4.415,3930.84,13509.39,2701.88,3,4,20468.24
INFY26JUNFUT,0.05,0.002,3.0,0.3,1.0,2.0,0.6,-2.1006,4.4775,8959.05,19465.67,3893.13,3,4,22122.71
INFY26JUNFUT,0.05,0.002,3.0,0.5,0.3,1.0,0.4,3.1065,22.205,30691.2,30648.35,6129.67,2,4,13704.66
INFY26JUNFUT,0.05,0.002,3.0,0.5,0.3,1.0,0.5,11.1361,60.325,19248.16,19205.31,3841.06,3,4,7632.93
INFY26JUNFUT,0.05,0.002,3.0,0.5,0.3,1.0,0.6,11.1399,58.29,22028.42,21985.57,4397.11,4,4,7588.36
INFY26JUNFUT,0.05,0.002,3.0,0.5,0.3,1.5,0.4,36.569,6.1625,22894.15,24797.45,4959.49,4,4,12038.79
INFY26JUNFUT,0.05,0.002,3.0,0.5,0.3,1.5,0.5,1.8851,5.475,29167.34,31078.64,6215.73,3,4,15431.38
INFY26JUNFUT,0.05,0.002,3.0,0.5,0.3,1.5,0.6,0.6138,4.93,23231.23,25618.54,5123.71,3,4,14406.16
INFY26JUNFUT,0.05,0.002,3.0,0.5,0.3,2.0,0.4,-2.5479,4.8275,9286.65,17199.86,3439.97,3,4,21468.31
INFY26JUNFUT,0.05,0.002,3.0,0.5,0.3,2.0,0.5,-2.0906,4.45,4935.57,14510.12,2902.02,3,4,20601.51
INFY26JUNFUT,0.05,0.002,3.0,0.5,0.3,2.0,0.6,-2.0263,4.5,9543.75,20042.38,4008.48,3,4,22117.89
INFY26JUNFUT,0.05,0.002,3.0,0.5,0.5,1.0,0.4,3.1217,22.205,30695.25,30652.4,6130.48,2,4,13704.32
INFY26JUNFUT,0.05,0.002,3.0,0.5,0.5,1.0,0.5,11.1361,60.325,19248.16,19205.31,3841.06,3,4,7632.93
INFY26JUNFUT,0.05,0.002,3.0,0.5,0.5,1.0,0.6,11.1399,58.29,22028.42,21985.57,4397.11,4,4,7588.36
INFY26JUNFUT,0.05,0.002,3.0,0.5,0.5,1.5,0.4,37.2513,6.1875,23008.83,24916.13,4983.23,4,4,12033.58
INFY26JUNFUT,0.05,0.002,3.0,0.5,0.5,1.5,0.5,1.8851,5.475,29159.34,31070.64,6214.13,3,4,15432.76
INFY26JUNFUT,0.05,0.002,3.0,0.5,0.5,1.5,0.6,0.6138,4.93,23231.22,25618.54,5123.71,3,4,14408.37
INFY26JUNFUT,0.05,0.002,3.0,0.5,0.5,2.0,0.4,-2.2101,4.7725,9488.08,18690.51,3738.1,3,4,21720.04
INFY26JUNFUT,0.05,0.002,3.0,0.5,0.5,2.0,0.5,-2.1726,4.4275,4346.86,13921.41,2784.28,3,4,20595.7
INFY26JUNFUT,0.05,0.002,3.0,0.5,0.5,2.0,0.6,-2.1022,4.4775,8963.05,19461.67,3892.33,3,4,22121.04
INFY26JUNFUT,0.05,0.002,3.0,0.5,1.0,1.0,0.4,3.0901,22.25,30687.24,30644.39,6128.88,2,4,13707.08
INFY26JUNFUT,0.05,0.002,3.0,0.5,1.0,1.0,0.5,11.1361,60.325,19248.16,19205.31,3841.06,3,4,7632.93
INFY26JUNFUT,0.05,0.002,3.0,0.5,1.0,1.0,0.6,11.1399,58.29,22028.42,21985.57,4397.11,4,4,7588.36
INFY26JUNFUT,0.05,0.002,3.0,0.5,1.0,1.5,0.4,37.1656,6.235,24094.46,26001.76,5200.35,4,4,11774.91
INFY26JUNFUT,0.05,0.002,3.0,0.5,1.0,1.5,0.5,1.8893,5.475,29159.34,31070.63,6214.13,3,4,15430.69
INFY26JUNFUT,0.05,0.002,3.0,0.5,1.0,1.5,0.6,0.6138,4.93,23231.22,25618.54,5123.71,3,4,14408.37
INFY26JUNFUT,0.05,0.002,3.0,0.5,1.0,2.0,0.4,-2.203,4.7425,8423.62,17626.05,3525.21,3,4,21660.18
INFY26JUNFUT,0.05,0.002,3.0,0.5,1.0,2.0,0.5,-2.1845,4.415,3930.84,13509.39,2701.88,3,4,20468.24
INFY26JUNFUT,0.05,0.002,3.0,0.5,1.0,2.0,0.6,-2.1006,4.4775,8959.05,19465.67,3893.13,3,4,22122.71
HINDUNILVR26JUNFUT,0.1,0.001,2.0,0.2,0.3,1.0,0.4,-11.5898,4.15,1971.76,-3024.1,-604.82,2,4,43608.95
HINDUNILVR26JUNFUT,0.1,0.001,2.0,0.2,0.3,1.0,0.5,-11.6436,4.255,3431.85,-1564.02,-312.8,2,4,43035.31
HINDUNILVR26JUNFUT,0.1,0.001,2.0,0.2,0.3,1.0,0.6,-13.786,3.8175,-19077.07,-26246.5,-5249.3,2,4,36780.28
HINDUNILVR26JUNFUT,0.1,0.001,2.0,0.2,0.3,1.5,0.4,-14.0013,2.985,-129494.57,-138912.06,-27782.41,1,4,45000.98
HINDUNILVR26JUNFUT,0.1,0.001,2.0,0.2,0.3,1.5,0.5,-14.2732,3.22,-121688.31,-131105.81,-26221.16,1,4,42069.59
HINDUNILVR26JUNFUT,0.1,0.001,2.0,0.2,0.3,1.5,0.6,-15.4505,3.4025,-108839.72,-121327.84,-24265.57,1,4,42440.72
HINDUNILVR26JUNFUT,0.1,0.001,2.0,0.2,0.3,2.0,0.4,-17.7872,3.36,-169012.83,-189380.45,-37876.09,1,4,48402.08
HINDUNILVR26JUNFUT,0.1,0.001,2.0,0.2,0.3,2.0,0.5,-17.8047,3.4875,-160660.48,-181028.09,-36205.62,1,4,48493.91
HINDUNILVR26JUNFUT,0.1,0.001,2.0,0.2,0.3,2.0,0.6,-17.7542,3.3725,-162188.79,-182499.43,-36499.89,1,4,48042.28
HINDUNILVR26JUNFUT,0.1,0.001,2.0,0.2,0.5,1.0,0.4,-11.6861,4.2275,5934.61,938.75,187.75,2,4,42527.43
HINDUNILVR26JUNFUT,0.1,0.001,2.0,0.2,0.5,1.0,0.5,-11.7453,4.335,7388.7,2392.83,478.57,2,4,41954.95
HINDUNILVR26JUNFUT,0.1,0.001,2.0,0.2,0.5,1.0,0.6,-13.7861,3.8175,-19074.07,-26243.5,-5248.7,2,4,36779.41
HINDUNILVR26JUNFUT,0.1,0.001,2.0,0.2,0.5,1.5,0.4,-13.9623,2.9475,-131027.5,-140442.0,-28088.4,1,4,45510.13
HINDUNILVR26JUNFUT,0.1,0.001,2.0,0.2,0.5,1.5,0.5,-14.2744,3.2175,-121688.31,-131102.81,-26220.56,1,4,42101.79
HINDUNILVR26JUNFUT,0.1,0.001,2.0,0.2,0.5,1.5,0.6,-15.4507,3.4025,-108839.73,-121327.85,-24265.57,1,4,42438.92
HINDUNILVR26JUNFUT,0.1,0.001,2.0,0.2,0.5,2.0,0.4,-17.7366,3.34,-170335.03,-190708.64,-38141.73,1,4,48876.4
HINDUNILVR26JUNFUT,0.1,0.001,2.0,0.2,0.5,2.0,0.5,-17.8002,3.4975,-160123.46,-180497.07,-36099.41,1,4,48587.23
HINDUNILVR26JUNFUT,0.1,0.001,2.0,0.2,0.5,2.0,0.6,-17.7402,3.3775,-161804.78,-182118.42,-36423.68,1,4,48153.65
HINDUNILVR26JUNFUT,0.1,0.001,2.0,0.2,1.0,1.0,0.4,-11.6871,4.2225,5890.97,895.1,179.02,2,4,42513.29
HINDUNILVR26JUNFUT,0.1,0.001,2.0,0.2,1.0,1.0,0.5,-11.7464,4.33,7345.06,2349.19,469.84,2,4,41939.57
HINDUNILVR26JUNFUT,0.1,0.001,2.0,0.2,1.0,1.0,0.6,-13.7859,3.8175,-19077.07,-26246.5,-5249.3,2,4,36779.73
HINDUNILVR26JUNFUT,0.1,0.001,2.0,0.2,1.0,1.5,0.4,-14.3458,2.9475,-130516.12,-141015.52,-28203.1,1,4,45372.83
HINDUNILVR26JUNFUT,0.1,0.001,2.0,0.2,1.0,1.5,0.5,-14.5764,3.145,-125168.33,-135667.73,-27133.55,1,4,43076.12
HINDUNILVR26JUNFUT,0.1,0.001,2.0,0.2,1.0,1.5,0.6,-15.3246,3.3325,-112325.74,-124813.86,-24962.77,1,4,43518.09
HINDUNILVR26JUNFUT,0.1,0.001,2.0,0.2,1.0,2.0,0.4,-17.7351,3.34,-170341.03,-190711.64,-38142.33,1,4,48877.89
HINDUNILVR26JUNFUT,0.1,0.001,2.0,0.2,1.0,2.0,0.5,-17.8012,3.4975,-160060.46,-180431.07,-36086.21,1,4,48568.9
HINDUNILVR26JUNFUT,0.1,0.001,2.0,0.2,1.0,2.0,0.6,-17.7426,3.38,-161747.78,-182061.41,-36412.28,1,4,48135.68
HINDUNILVR26JUNFUT,0.1,0.001,2.0,0.3,0.3,1.0,0.4,-11.5898,4.15,1971.76,-3024.1,-604.82,2,4,43608.95
HINDUNILVR26JUNFUT,0.1,0.001,2.0,0.3,0.3,1.0,0.5,-11.6436,4.255,3431.85,-1564.02,-312.8,2,4,43035.31
HINDUNILVR26JUNFUT,0.1,0.001,2.0,0.3,0.3,1.0,0.6,-13.786,3.8175,-19077.07,-26246.5,-5249.3,2,4,36780.28
HINDUNILVR26JUNFUT,0.1,0.001,2.0,0.3,0.3,1.5,0.4,-14.0013,2.985,-129494.57,-138912.06,-27782.41,1,4,45000.98
HINDUNILVR26JUNFUT,0.1,0.001,2.0,0.3,0.3,1.5,0.5,-14.2732,3.22,-121688.31,-131105.81,-26221.16,1,4,42069.59
HINDUNILVR26JUNFUT,0.1,0.001,2.0,0.3,0.3,1.5,0.6,-15.4505,3.4025,-108839.72,-121327.84,-24265.57,1,4,42440.72
HINDUNILVR26JUNFUT,0.1,0.001,2.0,0.3,0.3,2.0,0.4,-17.7872,3.36,-169012.83,-189380.45,-37876.09,1,4,48402.08
HINDUNILVR26JUNFUT,0.1,0.001,2.0,0.3,0.3,2.0,0.5,-17.8047,3.4875,-160660.48,-181028.09,-36205.62,1,4,48493.91
HINDUNILVR26JUNFUT,0.1,0.001,2.0,0.3,0.3,2.0,0.6,-17.7542,3.3725,-162188.79,-182499.43,-36499.89,1,4,48042.28
HINDUNILVR26JUNFUT,0.1,0.001,2.0,0.3,0.5,1.0,0.4,-11.6861,4.2275,5937.61,941.75,188.35,2,4,42527.65
HINDUNILVR26JUNFUT,0.1,0.001,2.0,0.3,0.5,1.0,0.5,-11.7453,4.335,7391.7,2395.83,479.17,2,4,41955.19
HINDUNILVR26JUNFUT,0.1,0.001,2.0,0.3,0.5,1.0,0.6,-13.7861,3.8175,-19074.07,-26243.5,-5248.7,2,4,36779.41
HINDUNILVR26JUNFUT,0.1,0.001,2.0,0.3,0.5,1.5,0.4,-13.9623,2.9475,-131027.5,-140442.0,-28088.4,1,4,45510.13
HINDUNILVR26JUNFUT,0.1,0.001,2.0,0.3,0.5,1.5,0.5,-14.2744,3.2175,-121688.31,-131102.81,-26220.56,1,4,42101.79
HINDUNILVR26JUNFUT,0.1,0.001,2.0,0.3,0.5,1.5,0.6,-15.4507,3.4025,-108839.73,-121327.85,-24265.57,1,4,42438.92
HINDUNILVR26JUNFUT,0.1,0.001,2.0,0.3,0.5,2.0,0.4,-17.7366,3.34,-170335.03,-190708.64,-38141.73,1,4,48876.4
HINDUNILVR26JUNFUT,0.1,0.001,2.0,0.3,0.5,2.0,0.5,-17.8002,3.4975,-160123.46,-180497.07,-36099.41,1,4,48587.23
HINDUNILVR26JUNFUT,0.1,0.001,2.0,0.3,0.5,2.0,0.6,-17.7402,3.3775,-161804.78,-182118.42,-36423.68,1,4,48153.65
HINDUNILVR26JUNFUT,0.1,0.001,2.0,0.3,1.0,1.0,0.4,-11.6871,4.2225,5890.97,895.1,179.02,2,4,42513.29
HINDUNILVR26JUNFUT,0.1,0.001,2.0,0.3,1.0,1.0,0.5,-11.7464,4.33,7345.06,2349.19,469.84,2,4,41939.57
HINDUNILVR26JUNFUT,0.1,0.001,2.0,0.3,1.0,1.0,0.6,-13.7859,3.8175,-19077.07,-26246.5,-5249.3,2,4,36779.73
HINDUNILVR26JUNFUT,0.1,0.001,2.0,0.3,1.0,1.5,0.4,-14.3458,2.9475,-130516.12,-141015.52,-28203.1,1,4,45372.83
HINDUNILVR26JUNFUT,0.1,0.001,2.0,0.3,1.0,1.5,0.5,-14.5764,3.145,-125168.33,-135667.73,-27133.55,1,4,43076.12
HINDUNILVR26JUNFUT,0.1,0.001,2.0,0.3,1.0,1.5,0.6,-15.3246,3.3325,-112325.74,-124813.86,-24962.77,1,4,43518.09
HINDUNILVR26JUNFUT,0.1,0.001,2.0,0.3,1.0,2.0,0.4,-17.7351,3.34,-170341.03,-190711.64,-38142.33,1,4,48877.89
HINDUNILVR26JUNFUT,0.1,0.001,2.0,0.3,1.0,2.0,0.5,-17.8012,3.4975,-160060.46,-180431.07,-36086.21,1,4,48568.9
HINDUNILVR26JUNFUT,0.1,0.001,2.0,0.3,1.0,2.0,0.6,-17.7426,3.38,-161747.78,-182061.41,-36412.28,1,4,48135.68
HINDUNILVR26JUNFUT,0.1,0.001,2.0,0.5,0.3,1.0,0.4,-11.5898,4.15,1971.76,-3024.1,-604.82,2,4,43608.95
HINDUNILVR26JUNFUT,0.1,0.001,2.0,0.5,0.3,1.0,0.5,-11.6436,4.255,3431.85,-1564.02,-312.8,2,4,43035.31
HINDUNILVR26JUNFUT,0.1,0.001,2.0,0.5,0.3,1.0,0.6,-13.786,3.8175,-19077.07,-26246.5,-5249.3,2,4,36780.28
HINDUNILVR26JUNFUT,0.1,0.001,2.0,0.5,0.3,1.5,0.4,-14.0013,2.985,-129494.57,-138912.06,-27782.41,1,4,45000.98
HINDUNILVR26JUNFUT,0.1,0.001,2.0,0.5,0.3,1.5,0.5,-14.2732,3.22,-121688.31,-131105.81,-26221.16,1,4,42069.59
HINDUNILVR26JUNFUT,0.1,0.001,2.0,0.5,0.3,1.5,0.6,-15.4505,3.4025,-108839.72,-121327.84,-24265.57,1,4,42440.72
HINDUNILVR26JUNFUT,0.1,0.001,2.0,0.5,0.3,2.0,0.4,-17.7872,3.36,-169012.83,-189380.45,-37876.09,1,4,48402.08
HINDUNILVR26JUNFUT,0.1,0.001,2.0,0.5,0.3,2.0,0.5,-17.8047,3.4875,-160660.48,-181028.09,-36205.62,1,4,48493.91
HINDUNILVR26JUNFUT,0.1,0.001,2.0,0.5,0.3,2.0,0.6,-17.7542,3.3725,-162188.79,-182499.43,-36499.89,1,4,48042.28
HINDUNILVR26JUNFUT,0.1,0.001,2.0,0.5,0.5,1.0,0.4,-11.6861,4.2275,5937.61,941.75,188.35,2,4,42527.65
HINDUNILVR26JUNFUT,0.1,0.001,2.0,0.5,0.5,1.0,0.5,-11.7453,4.335,7391.7,2395.83,479.17,2,4,41955.19
HINDUNILVR26JUNFUT,0.1,0.001,2.0,0.5,0.5,1.0,0.6,-13.7861,3.8175,-19074.07,-26243.5,-5248.7,2,4,36779.41
HINDUNILVR26JUNFUT,0.1,0.001,2.0,0.5,0.5,1.5,0.4,-13.9623,2.9475,-131027.5,-140442.0,-28088.4,1,4,45510.13
HINDUNILVR26JUNFUT,0.1,0.001,2.0,0.5,0.5,1.5,0.5,-14.2744,3.2175,-121688.31,-131102.81,-26220.56,1,4,42101.79
HINDUNILVR26JUNFUT,0.1,0.001,2.0,0.5,0.5,1.5,0.6,-15.4507,3.4025,-108839.73,-121327.85,-24265.57,1,4,42438.92
HINDUNILVR26JUNFUT,0.1,0.001,2.0,0.5,0.5,2.0,0.4,-17.7366,3.34,-170335.03,-190708.64,-38141.73,1,4,48876.4
HINDUNILVR26JUNFUT,0.1,0.001,2.0,0.5,0.5,2.0,0.5,-17.8002,3.4975,-160123.46,-180497.07,-36099.41,1,4,48587.23
HINDUNILVR26JUNFUT,0.1,0.001,2.0,0.5,0.5,2.0,0.6,-17.7402,3.3775,-161804.78,-182118.42,-36423.68,1,4,48153.65
HINDUNILVR26JUNFUT,0.1,0.001,2.0,0.5,1.0,1.0,0.4,-11.6871,4.2225,5890.97,895.1,179.02,2,4,42513.29
HINDUNILVR26JUNFUT,0.1,0.001,2.0,0.5,1.0,1.0,0.5,-11.7464,4.33,7345.06,2349.19,469.84,2,4,41939.57
HINDUNILVR26JUNFUT,0.1,0.001,2.0,0.5,1.0,1.0,0.6,-13.7859,3.8175,-19077.07,-26246.5,-5249.3,2,4,36779.73
HINDUNILVR26JUNFUT,0.1,0.001,2.0,0.5,1.0,1.5,0.4,-14.3458,2.9475,-130516.12,-141015.52,-28203.1,1,4,45372.83
HINDUNILVR26JUNFUT,0.1,0.001,2.0,0.5,1.0,1.5,0.5,-14.5764,3.145,-125168.33,-135667.73,-27133.55,1,4,43076.12
HINDUNILVR26JUNFUT,0.1,0.001,2.0,0.5,1.0,1.5,0.6,-15.3246,3.3325,-112325.74,-124813.86,-24962.77,1,4,43518.09
HINDUNILVR26JUNFUT,0.1,0.001,2.0,0.5,1.0,2.0,0.4,-17.7351,3.34,-170341.03,-190711.64,-38142.33,1,4,48877.89
HINDUNILVR26JUNFUT,0.1,0.001,2.0,0.5,1.0,2.0,0.5,-17.8012,3.4975,-160060.46,-180431.07,-36086.21,1,4,48568.9
HINDUNILVR26JUNFUT,0.1,0.001,2.0,0.5,1.0,2.0,0.6,-17.7426,3.38,-161747.78,-182061.41,-36412.28,1,4,48135.68
INDUSINDBK26JUNFUT,0.05,0.0005,2.0,0.2,0.3,1.0,0.4,4.4964,1.53,-46741.45,-21524.49,-4304.9,3,4,29128.03
INDUSINDBK26JUNFUT,0.05,0.0005,2.0,0.2,0.3,1.0,0.5,4.5797,1.58,-44117.85,-18900.89,-3780.18,3,4,29542.91
INDUSINDBK26JUNFUT,0.05,0.0005,2.0,0.2,0.3,1.0,0.6,4.558,1.3875,-40455.11,-13629.28,-2725.86,3,4,26486.84
INDUSINDBK26JUNFUT,0.05,0.0005,2.0,0.2,0.3,1.5,0.4,0.3314,6.115,3910.05,-224.85,-44.97,2,4,26797.47
INDUSINDBK26JUNFUT,0.05,0.0005,2.0,0.2,0.3,1.5,0.5,0.4375,6.25,-762.77,-4904.67,-980.93,2,4,24693.83
INDUSINDBK26JUNFUT,0.05,0.0005,2.0,0.2,0.3,1.5,0.6,3.7637,6.2175,1160.66,2125.97,425.19,3,4,23579.59
INDUSINDBK26JUNFUT,0.05,0.0005,2.0,0.2,0.3,2.0,0.4,-17.6382,4.8325,-109041.81,-136521.71,-27304.34,1,4,38720.52
INDUSINDBK26JUNFUT,0.05,0.0005,2.0,0.2,0.3,2.0,0.5,-18.2511,4.8025,-107618.48,-135975.39,-27195.08,1,4,39038.86
INDUSINDBK26JUNFUT,0.05,0.0005,2.0,0.2,0.3,2.0,0.6,-19.3231,4.745,-105155.08,-133778.72,-26755.74,1,4,34319.88
INDUSINDBK26JUNFUT,0.05,0.0005,2.0,0.2,0.5,1.0,0.4,4.4963,1.505,-46741.46,-21524.5,-4304.9,3,4,29131.6
INDUSINDBK26JUNFUT,0.05,0.0005,2.0,0.2,0.5,1.0,0.5,4.5789,1.58,-44138.85,-18921.89,-3784.38,3,4,29543.12
INDUSINDBK26JUNFUT,0.05,0.0005,2.0,0.2,0.5,1.0,0.6,4.558,1.3875,-40455.11,-13629.28,-2725.86,3,4,26486.84
INDUSINDBK26JUNFUT,0.05,0.0005,2.0,0.2,0.5,1.5,0.4,0.3117,6.3125,7136.6,2759.38,551.88,2,4,27418.28
INDUSINDBK26JUNFUT,0.05,0.0005,2.0,0.2,0.5,1.5,0.5,0.4961,6.4425,4177.9,-199.32,-39.86,2,4,25719.92
INDUSINDBK26JUNFUT,0.05,0.0005,2.0,0.2,0.5,1.5,0.6,3.7654,6.2175,1181.65,2146.96,429.39,3,4,23579.48
INDUSINDBK26JUNFUT,0.05,0.0005,2.0,0.2,0.5,2.0,0.4,-17.6551,4.87,-105317.16,-132797.07,-26559.41,1,4,37992.78
INDUSINDBK26JUNFUT,0.05,0.0005,2.0,0.2,0.5,2.0,0.5,-18.3338,4.8325,-105141.76,-133498.68,-26699.74,1,4,38097.13
INDUSINDBK26JUNFUT,0.05,0.0005,2.0,0.2,0.5,2.0,0.6,-19.3231,4.745,-105148.08,-133771.72,-26754.34,1,4,34320.81
INDUSINDBK26JUNFUT,0.05,0.0005,2.0,0.2,1.0,1.0,0.4,4.492,1.505,-46741.46,-19943.05,-3988.61,3,4,29457.18
INDUSINDBK26JUNFUT,0.05,0.0005,2.0,0.2,1.0,1.0,0.5,4.573,1.58,-44138.85,-17340.44,-3468.09,3,4,29858.69
INDUSINDBK26JUNFUT,0.05,0.0005,2.0,0.2,1.0,1.0,0.6,4.5363,1.3575,-41084.78,-14258.95,-2851.79,3,4,26390.15
INDUSINDBK26JUNFUT,0.05,0.0005,2.0,0.2,1.0,1.5,0.4,0.3238,6.3175,7527.64,3150.42,630.08,2,4,27529.09
INDUSINDBK26JUNFUT,0.05,0.0005,2.0,0.2,1.0,1.5,0.5,0.4961,6.4525,4176.92,-200.3,-40.06,2,4,25719.66
INDUSINDBK26JUNFUT,0.05,0.0005,2.0,0.2,1.0,1.5,0.6,3.7877,6.25,1825.68,2790.98,558.2,3,4,23738.69
INDUSINDBK26JUNFUT,0.05,0.0005,2.0,0.2,1.0,2.0,0.4,-17.6397,4.8725,-105572.89,-133045.8,-26609.16,1,4,38200.31
INDUSINDBK26JUNFUT,0.05,0.0005,2.0,0.2,1.0,2.0,0.5,-18.3291,4.825,-105938.81,-134288.73,-26857.75,1,4,38202.71
INDUSINDBK26JUNFUT,0.05,0.0005,2.0,0.2,1.0,2.0,0.6,-19.3231,4.745,-105141.09,-133764.73,-26752.95,1,4,34321.75
INDUSINDBK26JUNFUT,0.05,0.0005,2.0,0.3,0.3,1.0,0.4,4.4964,1.53,-46741.45,-21524.49,-4304.9,3,4,29128.03
INDUSINDBK26JUNFUT,0.05,0.0005,2.0,0.3,0.3,1.0,0.5,4.5797,1.58,-44117.85,-18900.89,-3780.18,3,4,29542.91
INDUSINDBK26JUNFUT,0.05,0.0005,2.0,0.3,0.3,1.0,0.6,4.558,1.3875,-40455.11,-13629.28,-2725.86,3,4,26486.84
INDUSINDBK26JUNFUT,0.05,0.0005,2.0,0.3,0.3,1.5,0.4,0.3314,6.115,3910.05,-224.85,-44.97,2,4,26797.47
INDUSINDBK26JUNFUT,0.05,0.0005,2.0,0.3,0.3,1.5,0.5,0.4375,6.25,-762.77,-4904.67,-980.93,2,4,24693.83
INDUSINDBK26JUNFUT,0.05,0.0005,2.0,0.3,0.3,1.5,0.6,3.7637,6.2175,1160.66,2125.97,425.19,3,4,23579.59
INDUSINDBK26JUNFUT,0.05,0.0005,2.0,0.3,0.3,2.0,0.4,-17.6382,4.8325,-109041.81,-136521.71,-27304.34,1,4,38720.52
INDUSINDBK26JUNFUT,0.05,0.0005,2.0,0.3,0.3,2.0,0.5,-18.2511,4.8025,-107618.48,-135975.39,-27195.08,1,4,39038.86
INDUSINDBK26JUNFUT,0.05,0.0005,2.0,0.3,0.3,2.0,0.6,-19.3231,4.745,-105155.08,-133778.72,-26755.74,1,4,34319.88
INDUSINDBK26JUNFUT,0.05,0.0005,2.0,0.3,0.5,1.0,0.4,4.4963,1.505,-46741.46,-21524.5,-4304.9,3,4,29131.6
INDUSINDBK26JUNFUT,0.05,0.0005,2.0,0.3,0.5,1.0,0.5,4.5789,1.58,-44138.85,-18921.89,-3784.38,3,4,29543.12
INDUSINDBK26JUNFUT,0.05,0.0005,2.0,0.3,0.5,1.0,0.6,4.558,1.3875,-40455.11,-13629.28,-2725.86,3,4,26486.84
INDUSINDBK26JUNFUT,0.05,0.0005,2.0,0.3,0.5,1.5,0.4,0.3117,6.3125,7136.6,2759.38,551.88,2,4,27418.28
INDUSINDBK26JUNFUT,0.05,0.0005,2.0,0.3,0.5,1.5,0.5,0.4961,6.4425,4177.9,-199.32,-39.86,2,4,25719.92
INDUSINDBK26JUNFUT,0.05,0.0005,2.0,0.3,0.5,1.5,0.6,3.7654,6.2175,1181.65,2146.96,429.39,3,4,23579.48
INDUSINDBK26JUNFUT,0.05,0.0005,2.0,0.3,0.5,2.0,0.4,-17.6551,4.87,-105317.16,-132797.07,-26559.41,1,4,37992.78
INDUSINDBK26JUNFUT,0.05,0.0005,2.0,0.3,0.5,2.0,0.5,-18.3338,4.8325,-105141.76,-133498.68,-26699.74,1,4,38097.13
INDUSINDBK26JUNFUT,0.05,0.0005,2.0,0.3,0.5,2.0,0.6,-19.3231,4.745,-105148.08,-133771.72,-26754.34,1,4,34320.81
INDUSINDBK26JUNFUT,0.05,0.0005,2.0,0.3,1.0,1.0,0.4,4.492,1.505,-46741.46,-19943.05,-3988.61,3,4,29457.18
INDUSINDBK26JUNFUT,0.05,0.0005,2.0,0.3,1.0,1.0,0.5,4.573,1.58,-44138.85,-17340.44,-3468.09,3,4,29858.69
INDUSINDBK26JUNFUT,0.05,0.0005,2.0,0.3,1.0,1.0,0.6,4.5363,1.3575,-41084.78,-14258.95,-2851.79,3,4,26390.15
INDUSINDBK26JUNFUT,0.05,0.0005,2.0,0.3,1.0,1.5,0.4,0.3238,6.3175,7527.64,3150.42,630.08,2,4,27529.09
INDUSINDBK26JUNFUT,0.05,0.0005,2.0,0.3,1.0,1.5,0.5,0.4961,6.4525,4176.92,-200.3,-40.06,2,4,25719.66
INDUSINDBK26JUNFUT,0.05,0.0005,2.0,0.3,1.0,1.5,0.6,3.7877,6.25,1825.68,2790.98,558.2,3,4,23738.69
INDUSINDBK26JUNFUT,0.05,0.0005,2.0,0.3,1.0,2.0,0.4,-17.6397,4.8725,-105572.89,-133045.8,-26609.16,1,4,38200.31
INDUSINDBK26JUNFUT,0.05,0.0005,2.0,0.3,1.0,2.0,0.5,-18.3291,4.825,-105938.81,-134288.73,-26857.75,1,4,38202.71
INDUSINDBK26JUNFUT,0.05,0.0005,2.0,0.3,1.0,2.0,0.6,-19.3231,4.745,-105141.09,-133764.73,-26752.95,1,4,34321.75
INDUSINDBK26JUNFUT,0.05,0.0005,2.0,0.5,0.3,1.0,0.4,4.4964,1.53,-46741.45,-21524.49,-4304.9,3,4,29128.03
INDUSINDBK26JUNFUT,0.05,0.0005,2.0,0.5,0.3,1.0,0.5,4.5797,1.58,-44117.85,-18900.89,-3780.18,3,4,29542.91
INDUSINDBK26JUNFUT,0.05,0.0005,2.0,0.5,0.3,1.0,0.6,4.558,1.3875,-40455.11,-13629.28,-2725.86,3,4,26486.84
INDUSINDBK26JUNFUT,0.05,0.0005,2.0,0.5,0.3,1.5,0.4,0.3314,6.115,3910.05,-224.85,-44.97,2,4,26797.47
INDUSINDBK26JUNFUT,0.05,0.0005,2.0,0.5,0.3,1.5,0.5,0.4375,6.25,-762.77,-4904.67,-980.93,2,4,24693.83
INDUSINDBK26JUNFUT,0.05,0.0005,2.0,0.5,0.3,1.5,0.6,3.7637,6.2175,1160.66,2125.97,425.19,3,4,23579.59
INDUSINDBK26JUNFUT,0.05,0.0005,2.0,0.5,0.3,2.0,0.4,-17.6382,4.8325,-109041.81,-136521.71,-27304.34,1,4,38720.52
INDUSINDBK26JUNFUT,0.05,0.0005,2.0,0.5,0.3,2.0,0.5,-18.2511,4.8025,-107618.48,-135975.39,-27195.08,1,4,39038.86
INDUSINDBK26JUNFUT,0.05,0.0005,2.0,0.5,0.3,2.0,0.6,-19.3231,4.745,-105155.08,-133778.72,-26755.74,1,4,34319.88
INDUSINDBK26JUNFUT,0.05,0.0005,2.0,0.5,0.5,1.0,0.4,4.4963,1.505,-46741.46,-21524.5,-4304.9,3,4,29131.6
INDUSINDBK26JUNFUT,0.05,0.0005,2.0,0.5,0.5,1.0,0.5,4.5789,1.58,-44138.85,-18921.89,-3784.38,3,4,29543.12
INDUSINDBK26JUNFUT,0.05,0.0005,2.0,0.5,0.5,1.0,0.6,4.558,1.3875,-40455.11,-13629.28,-2725.86,3,4,26486.84
INDUSINDBK26JUNFUT,0.05,0.0005,2.0,0.5,0.5,1.5,0.4,0.3117,6.3125,7136.6,2759.38,551.88,2,4,27418.28
INDUSINDBK26JUNFUT,0.05,0.0005,2.0,0.5,0.5,1.5,0.5,0.4961,6.4425,4177.9,-199.32,-39.86,2,4,25719.92
INDUSINDBK26JUNFUT,0.05,0.0005,2.0,0.5,0.5,1.5,0.6,3.7654,6.2175,1181.65,2146.96,429.39,3,4,23579.48
INDUSINDBK26JUNFUT,0.05,0.0005,2.0,0.5,0.5,2.0,0.4,-17.6551,4.87,-105317.16,-132797.07,-26559.41,1,4,37992.78
INDUSINDBK26JUNFUT,0.05,0.0005,2.0,0.5,0.5,2.0,0.5,-18.3338,4.8325,-105141.76,-133498.68,-26699.74,1,4,38097.13
INDUSINDBK26JUNFUT,0.05,0.0005,2.0,0.5,0.5,2.0,0.6,-19.3231,4.745,-105148.08,-133771.72,-26754.34,1,4,34320.81
INDUSINDBK26JUNFUT,0.05,0.0005,2.0,0.5,1.0,1.0,0.4,4.492,1.505,-46741.46,-19943.05,-3988.61,3,4,29457.18
INDUSINDBK26JUNFUT,0.05,0.0005,2.0,0.5,1.0,1.0,0.5,4.573,1.58,-44138.85,-17340.44,-3468.09,3,4,29858.69
INDUSINDBK26JUNFUT,0.05,0.0005,2.0,0.5,1.0,1.0,0.6,4.5363,1.3575,-41084.78,-14258.95,-2851.79,3,4,26390.15
INDUSINDBK26JUNFUT,0.05,0.0005,2.0,0.5,1.0,1.5,0.4,0.3238,6.3175,7527.64,3150.42,630.08,2,4,27529.09
INDUSINDBK26JUNFUT,0.05,0.0005,2.0,0.5,1.0,1.5,0.5,0.4961,6.4525,4176.92,-200.3,-40.06,2,4,25719.66
INDUSINDBK26JUNFUT,0.05,0.0005,2.0,0.5,1.0,1.5,0.6,3.7877,6.25,1825.68,2790.98,558.2,3,4,23738.69
INDUSINDBK26JUNFUT,0.05,0.0005,2.0,0.5,1.0,2.0,0.4,-17.6397,4.8725,-105572.89,-133045.8,-26609.16,1,4,38200.31
INDUSINDBK26JUNFUT,0.05,0.0005,2.0,0.5,1.0,2.0,0.5,-18.3291,4.825,-105938.81,-134288.73,-26857.75,1,4,38202.71
INDUSINDBK26JUNFUT,0.05,0.0005,2.0,0.5,1.0,2.0,0.6,-19.3231,4.745,-105141.09,-133764.73,-26752.95,1,4,34321.75
IDFCFIRSTB26JUNFUT,0.05,0.0005,1.0,0.2,0.3,1.0,0.4,0.0,0.0,0.0,0.0,0.0,0,4,0.0
IDFCFIRSTB26JUNFUT,0.05,0.0005,1.0,0.2,0.3,1.0,0.5,0.0,0.0,0.0,0.0,0.0,0,4,0.0
IDFCFIRSTB26JUNFUT,0.05,0.0005,1.0,0.2,0.3,1.0,0.6,0.0,0.0,0.0,0.0,0.0,0,4,0.0
IDFCFIRSTB26JUNFUT,0.05,0.0005,1.0,0.2,0.3,1.5,0.4,2.2913,0.0,26276.75,26276.75,5255.35,1,4,10510.7
IDFCFIRSTB26JUNFUT,0.05,0.0005,1.0,0.2,0.3,1.5,0.5,2.2913,0.0,26276.75,26276.75,5255.35,1,4,10510.7
IDFCFIRSTB26JUNFUT,0.05,0.0005,1.0,0.2,0.3,1.5,0.6,2.2913,0.0,26276.75,26276.75,5255.35,1,4,10510.7
IDFCFIRSTB26JUNFUT,0.05,0.0005,1.0,0.2,0.3,2.0,0.4,2.2913,0.0,15477.25,15477.25,3095.45,1,4,6190.9
IDFCFIRSTB26JUNFUT,0.05,0.0005,1.0,0.2,0.3,2.0,0.5,2.2913,0.0,15477.25,15477.25,3095.45,1,4,6190.9
IDFCFIRSTB26JUNFUT,0.05,0.0005,1.0,0.2,0.3,2.0,0.6,2.2913,0.0,15477.25,15477.25,3095.45,1,4,6190.9
IDFCFIRSTB26JUNFUT,0.05,0.0005,1.0,0.2,0.5,1.0,0.4,0.0,0.0,0.0,0.0,0.0,0,4,0.0
IDFCFIRSTB26JUNFUT,0.05,0.0005,1.0,0.2,0.5,1.0,0.5,0.0,0.0,0.0,0.0,0.0,0,4,0.0
IDFCFIRSTB26JUNFUT,0.05,0.0005,1.0,0.2,0.5,1.0,0.6,0.0,0.0,0.0,0.0,0.0,0,4,0.0
IDFCFIRSTB26JUNFUT,0.05,0.0005,1.0,0.2,0.5,1.5,0.4,2.2913,0.0,26276.75,26276.75,5255.35,1,4,10510.7
IDFCFIRSTB26JUNFUT,0.05,0.0005,1.0,0.2,0.5,1.5,0.5,2.2913,0.0,26276.75,26276.75,5255.35,1,4,10510.7
IDFCFIRSTB26JUNFUT,0.05,0.0005,1.0,0.2,0.5,1.5,0.6,2.2913,0.0,26276.75,26276.75,5255.35,1,4,10510.7
IDFCFIRSTB26JUNFUT,0.05,0.0005,1.0,0.2,0.5,2.0,0.4,2.2913,0.0,15477.25,15477.25,3095.45,1,4,6190.9
IDFCFIRSTB26JUNFUT,0.05,0.0005,1.0,0.2,0.5,2.0,0.5,2.2913,0.0,15477.25,15477.25,3095.45,1,4,6190.9
IDFCFIRSTB26JUNFUT,0.05,0.0005,1.0,0.2,0.5,2.0,0.6,2.2913,0.0,15477.25,15477.25,3095.45,1,4,6190.9
IDFCFIRSTB26JUNFUT,0.05,0.0005,1.0,0.2,1.0,1.0,0.4,0.0,0.0,0.0,0.0,0.0,0,4,0.0
IDFCFIRSTB26JUNFUT,0.05,0.0005,1.0,0.2,1.0,1.0,0.5,0.0,0.0,0.0,0.0,0.0,0,4,0.0
IDFCFIRSTB26JUNFUT,0.05,0.0005,1.0,0.2,1.0,1.0,0.6,0.0,0.0,0.0,0.0,0.0,0,4,0.0
IDFCFIRSTB26JUNFUT,0.05,0.0005,1.0,0.2,1.0,1.5,0.4,2.2913,0.0,26276.75,26276.75,5255.35,1,4,10510.7
IDFCFIRSTB26JUNFUT,0.05,0.0005,1.0,0.2,1.0,1.5,0.5,2.2913,0.0,26276.75,26276.75,5255.35,1,4,10510.7
IDFCFIRSTB26JUNFUT,0.05,0.0005,1.0,0.2,1.0,1.5,0.6,2.2913,0.0,26276.75,26276.75,5255.35,1,4,10510.7
IDFCFIRSTB26JUNFUT,0.05,0.0005,1.0,0.2,1.0,2.0,0.4,2.2913,0.0,15477.25,15477.25,3095.45,1,4,6190.9
IDFCFIRSTB26JUNFUT,0.05,0.0005,1.0,0.2,1.0,2.0,0.5,2.2913,0.0,15477.25,15477.25,3095.45,1,4,6190.9
IDFCFIRSTB26JUNFUT,0.05,0.0005,1.0,0.2,1.0,2.0,0.6,2.2913,0.0,15477.25,15477.25,3095.45,1,4,6190.9
IDFCFIRSTB26JUNFUT,0.05,0.0005,1.0,0.3,0.3,1.0,0.4,0.0,0.0,0.0,0.0,0.0,0,4,0.0
IDFCFIRSTB26JUNFUT,0.05,0.0005,1.0,0.3,0.3,1.0,0.5,0.0,0.0,0.0,0.0,0.0,0,4,0.0
IDFCFIRSTB26JUNFUT,0.05,0.0005,1.0,0.3,0.3,1.0,0.6,0.0,0.0,0.0,0.0,0.0,0,4,0.0
IDFCFIRSTB26JUNFUT,0.05,0.0005,1.0,0.3,0.3,1.5,0.4,2.2913,0.0,26276.75,26276.75,5255.35,1,4,10510.7
IDFCFIRSTB26JUNFUT,0.05,0.0005,1.0,0.3,0.3,1.5,0.5,2.2913,0.0,26276.75,26276.75,5255.35,1,4,10510.7
IDFCFIRSTB26JUNFUT,0.05,0.0005,1.0,0.3,0.3,1.5,0.6,2.2913,0.0,26276.75,26276.75,5255.35,1,4,10510.7
IDFCFIRSTB26JUNFUT,0.05,0.0005,1.0,0.3,0.3,2.0,0.4,2.2913,0.0,15477.25,15477.25,3095.45,1,4,6190.9
IDFCFIRSTB26JUNFUT,0.05,0.0005,1.0,0.3,0.3,2.0,0.5,2.2913,0.0,15477.25,15477.25,3095.45,1,4,6190.9
IDFCFIRSTB26JUNFUT,0.05,0.0005,1.0,0.3,0.3,2.0,0.6,2.2913,0.0,15477.25,15477.25,3095.45,1,4,6190.9
IDFCFIRSTB26JUNFUT,0.05,0.0005,1.0,0.3,0.5,1.0,0.4,0.0,0.0,0.0,0.0,0.0,0,4,0.0
IDFCFIRSTB26JUNFUT,0.05,0.0005,1.0,0.3,0.5,1.0,0.5,0.0,0.0,0.0,0.0,0.0,0,4,0.0
IDFCFIRSTB26JUNFUT,0.05,0.0005,1.0,0.3,0.5,1.0,0.6,0.0,0.0,0.0,0.0,0.0,0,4,0.0
IDFCFIRSTB26JUNFUT,0.05,0.0005,1.0,0.3,0.5,1.5,0.4,2.2913,0.0,26276.75,26276.75,5255.35,1,4,10510.7
IDFCFIRSTB26JUNFUT,0.05,0.0005,1.0,0.3,0.5,1.5,0.5,2.2913,0.0,26276.75,26276.75,5255.35,1,4,10510.7
IDFCFIRSTB26JUNFUT,0.05,0.0005,1.0,0.3,0.5,1.5,0.6,2.2913,0.0,26276.75,26276.75,5255.35,1,4,10510.7
IDFCFIRSTB26JUNFUT,0.05,0.0005,1.0,0.3,0.5,2.0,0.4,2.2913,0.0,15477.25,15477.25,3095.45,1,4,6190.9
IDFCFIRSTB26JUNFUT,0.05,0.0005,1.0,0.3,0.5,2.0,0.5,2.2913,0.0,15477.25,15477.25,3095.45,1,4,6190.9
IDFCFIRSTB26JUNFUT,0.05,0.0005,1.0,0.3,0.5,2.0,0.6,2.2913,0.0,15477.25,15477.25,3095.45,1,4,6190.9
IDFCFIRSTB26JUNFUT,0.05,0.0005,1.0,0.3,1.0,1.0,0.4,0.0,0.0,0.0,0.0,0.0,0,4,0.0
IDFCFIRSTB26JUNFUT,0.05,0.0005,1.0,0.3,1.0,1.0,0.5,0.0,0.0,0.0,0.0,0.0,0,4,0.0
IDFCFIRSTB26JUNFUT,0.05,0.0005,1.0,0.3,1.0,1.0,0.6,0.0,0.0,0.0,0.0,0.0,0,4,0.0
IDFCFIRSTB26JUNFUT,0.05,0.0005,1.0,0.3,1.0,1.5,0.4,2.2913,0.0,26276.75,26276.75,5255.35,1,4,10510.7
IDFCFIRSTB26JUNFUT,0.05,0.0005,1.0,0.3,1.0,1.5,0.5,2.2913,0.0,26276.75,26276.75,5255.35,1,4,10510.7
IDFCFIRSTB26JUNFUT,0.05,0.0005,1.0,0.3,1.0,1.5,0.6,2.2913,0.0,26276.75,26276.75,5255.35,1,4,10510.7
IDFCFIRSTB26JUNFUT,0.05,0.0005,1.0,0.3,1.0,2.0,0.4,2.2913,0.0,15477.25,15477.25,3095.45,1,4,6190.9
IDFCFIRSTB26JUNFUT,0.05,0.0005,1.0,0.3,1.0,2.0,0.5,2.2913,0.0,15477.25,15477.25,3095.45,1,4,6190.9
IDFCFIRSTB26JUNFUT,0.05,0.0005,1.0,0.3,1.0,2.0,0.6,2.2913,0.0,15477.25,15477.25,3095.45,1,4,6190.9
IDFCFIRSTB26JUNFUT,0.05,0.0005,1.0,0.5,0.3,1.0,0.4,0.0,0.0,0.0,0.0,0.0,0,4,0.0
IDFCFIRSTB26JUNFUT,0.05,0.0005,1.0,0.5,0.3,1.0,0.5,0.0,0.0,0.0,0.0,0.0,0,4,0.0
IDFCFIRSTB26JUNFUT,0.05,0.0005,1.0,0.5,0.3,1.0,0.6,0.0,0.0,0.0,0.0,0.0,0,4,0.0
IDFCFIRSTB26JUNFUT,0.05,0.0005,1.0,0.5,0.3,1.5,0.4,2.2913,0.0,26276.75,26276.75,5255.35,1,4,10510.7
IDFCFIRSTB26JUNFUT,0.05,0.0005,1.0,0.5,0.3,1.5,0.5,2.2913,0.0,26276.75,26276.75,5255.35,1,4,10510.7
IDFCFIRSTB26JUNFUT,0.05,0.0005,1.0,0.5,0.3,1.5,0.6,2.2913,0.0,26276.75,26276.75,5255.35,1,4,10510.7
IDFCFIRSTB26JUNFUT,0.05,0.0005,1.0,0.5,0.3,2.0,0.4,2.2913,0.0,15477.25,15477.25,3095.45,1,4,6190.9
IDFCFIRSTB26JUNFUT,0.05,0.0005,1.0,0.5,0.3,2.0,0.5,2.2913,0.0,15477.25,15477.25,3095.45,1,4,6190.9
IDFCFIRSTB26JUNFUT,0.05,0.0005,1.0,0.5,0.3,2.0,0.6,2.2913,0.0,15477.25,15477.25,3095.45,1,4,6190.9
IDFCFIRSTB26JUNFUT,0.05,0.0005,1.0,0.5,0.5,1.0,0.4,0.0,0.0,0.0,0.0,0.0,0,4,0.0
IDFCFIRSTB26JUNFUT,0.05,0.0005,1.0,0.5,0.5,1.0,0.5,0.0,0.0,0.0,0.0,0.0,0,4,0.0
IDFCFIRSTB26JUNFUT,0.05,0.0005,1.0,0.5,0.5,1.0,0.6,0.0,0.0,0.0,0.0,0.0,0,4,0.0
IDFCFIRSTB26JUNFUT,0.05,0.0005,1.0,0.5,0.5,1.5,0.4,2.2913,0.0,26276.75,26276.75,5255.35,1,4,10510.7
IDFCFIRSTB26JUNFUT,0.05,0.0005,1.0,0.5,0.5,1.5,0.5,2.2913,0.0,26276.75,26276.75,5255.35,1,4,10510.7
IDFCFIRSTB26JUNFUT,0.05,0.0005,1.0,0.5,0.5,1.5,0.6,2.2913,0.0,26276.75,26276.75,5255.35,1,4,10510.7
IDFCFIRSTB26JUNFUT,0.05,0.0005,1.0,0.5,0.5,2.0,0.4,2.2913,0.0,15477.25,15477.25,3095.45,1,4,6190.9
IDFCFIRSTB26JUNFUT,0.05,0.0005,1.0,0.5,0.5,2.0,0.5,2.2913,0.0,15477.25,15477.25,3095.45,1,4,6190.9
IDFCFIRSTB26JUNFUT,0.05,0.0005,1.0,0.5,0.5,2.0,0.6,2.2913,0.0,15477.25,15477.25,3095.45,1,4,6190.9
IDFCFIRSTB26JUNFUT,0.05,0.0005,1.0,0.5,1.0,1.0,0.4,0.0,0.0,0.0,0.0,0.0,0,4,0.0
IDFCFIRSTB26JUNFUT,0.05,0.0005,1.0,0.5,1.0,1.0,0.5,0.0,0.0,0.0,0.0,0.0,0,4,0.0
IDFCFIRSTB26JUNFUT,0.05,0.0005,1.0,0.5,1.0,1.0,0.6,0.0,0.0,0.0,0.0,0.0,0,4,0.0
IDFCFIRSTB26JUNFUT,0.05,0.0005,1.0,0.5,1.0,1.5,0.4,2.2913,0.0,26276.75,26276.75,5255.35,1,4,10510.7
IDFCFIRSTB26JUNFUT,0.05,0.0005,1.0,0.5,1.0,1.5,0.5,2.2913,0.0,26276.75,26276.75,5255.35,1,4,10510.7
IDFCFIRSTB26JUNFUT,0.05,0.0005,1.0,0.5,1.0,1.5,0.6,2.2913,0.0,26276.75,26276.75,5255.35,1,4,10510.7
IDFCFIRSTB26JUNFUT,0.05,0.0005,1.0,0.5,1.0,2.0,0.4,2.2913,0.0,15477.25,15477.25,3095.45,1,4,6190.9
IDFCFIRSTB26JUNFUT,0.05,0.0005,1.0,0.5,1.0,2.0,0.5,2.2913,0.0,15477.25,15477.25,3095.45,1,4,6190.9
IDFCFIRSTB26JUNFUT,0.05,0.0005,1.0,0.5,1.0,2.0,0.6,2.2913,0.0,15477.25,15477.25,3095.45,1,4,6190.9
IRFC26JUNFUT,0.1,0.001,2.0,0.2,0.3,1.0,0.4,0.0,0.0,0.0,0.0,0.0,0,4,0.0
IRFC26JUNFUT,0.1,0.001,2.0,0.2,0.3,1.0,0.5,0.0,0.0,0.0,0.0,0.0,0,4,0.0
IRFC26JUNFUT,0.1,0.001,2.0,0.2,0.3,1.0,0.6,0.0,0.0,0.0,0.0,0.0,0,4,0.0
IRFC26JUNFUT,0.1,0.001,2.0,0.2,0.3,1.5,0.4,0.0,0.0,0.0,0.0,0.0,0,4,0.0
IRFC26JUNFUT,0.1,0.001,2.0,0.2,0.3,1.5,0.5,0.0,0.0,0.0,0.0,0.0,0,4,0.0
IRFC26JUNFUT,0.1,0.001,2.0,0.2,0.3,1.5,0.6,0.0,0.0,0.0,0.0,0.0,0,4,0.0
IRFC26JUNFUT,0.1,0.001,2.0,0.2,0.3,2.0,0.4,0.0,0.0,-294.82,-294.82,-58.96,0,4,117.93
IRFC26JUNFUT,0.1,0.001,2.0,0.2,0.3,2.0,0.5,0.0,0.0,-294.82,-294.82,-58.96,0,4,117.93
IRFC26JUNFUT,0.1,0.001,2.0,0.2,0.3,2.0,0.6,0.0,0.0,-294.82,-294.82,-58.96,0,4,117.93
IRFC26JUNFUT,0.1,0.001,2.0,0.2,0.5,1.0,0.4,0.0,0.0,0.0,0.0,0.0,0,4,0.0
IRFC26JUNFUT,0.1,0.001,2.0,0.2,0.5,1.0,0.5,0.0,0.0,0.0,0.0,0.0,0,4,0.0
IRFC26JUNFUT,0.1,0.001,2.0,0.2,0.5,1.0,0.6,0.0,0.0,0.0,0.0,0.0,0,4,0.0
IRFC26JUNFUT,0.1,0.001,2.0,0.2,0.5,1.5,0.4,0.0,0.0,0.0,0.0,0.0,0,4,0.0
IRFC26JUNFUT,0.1,0.001,2.0,0.2,0.5,1.5,0.5,0.0,0.0,0.0,0.0,0.0,0,4,0.0
IRFC26JUNFUT,0.1,0.001,2.0,0.2,0.5,1.5,0.6,0.0,0.0,0.0,0.0,0.0,0,4,0.0
IRFC26JUNFUT,0.1,0.001,2.0,0.2,0.5,2.0,0.4,0.0,0.0,-294.82,-294.82,-58.96,0,4,117.93
IRFC26JUNFUT,0.1,0.001,2.0,0.2,0.5,2.0,0.5,0.0,0.0,-294.82,-294.82,-58.96,0,4,117.93
IRFC26JUNFUT,0.1,0.001,2.0,0.2,0.5,2.0,0.6,0.0,0.0,-294.82,-294.82,-58.96,0,4,117.93
IRFC26JUNFUT,0.1,0.001,2.0,0.2,1.0,1.0,0.4,0.0,0.0,0.0,0.0,0.0,0,4,0.0
IRFC26JUNFUT,0.1,0.001,2.0,0.2,1.0,1.0,0.5,0.0,0.0,0.0,0.0,0.0,0,4,0.0
IRFC26JUNFUT,0.1,0.001,2.0,0.2,1.0,1.0,0.6,0.0,0.0,0.0,0.0,0.0,0,4,0.0
IRFC26JUNFUT,0.1,0.001,2.0,0.2,1.0,1.5,0.4,0.0,0.0,0.0,0.0,0.0,0,4,0.0
IRFC26JUNFUT,0.1,0.001,2.0,0.2,1.0,1.5,0.5,0.0,0.0,0.0,0.0,0.0,0,4,0.0
IRFC26JUNFUT,0.1,0.001,2.0,0.2,1.0,1.5,0.6,0.0,0.0,0.0,0.0,0.0,0,4,0.0
IRFC26JUNFUT,0.1,0.001,2.0,0.2,1.0,2.0,0.4,0.0,0.0,-294.82,-294.82,-58.96,0,4,117.93
IRFC26JUNFUT,0.1,0.001,2.0,0.2,1.0,2.0,0.5,0.0,0.0,-294.82,-294.82,-58.96,0,4,117.93
IRFC26JUNFUT,0.1,0.001,2.0,0.2,1.0,2.0,0.6,0.0,0.0,-294.82,-294.82,-58.96,0,4,117.93
IRFC26JUNFUT,0.1,0.001,2.0,0.3,0.3,1.0,0.4,0.0,0.0,0.0,0.0,0.0,0,4,0.0
IRFC26JUNFUT,0.1,0.001,2.0,0.3,0.3,1.0,0.5,0.0,0.0,0.0,0.0,0.0,0,4,0.0
IRFC26JUNFUT,0.1,0.001,2.0,0.3,0.3,1.0,0.6,0.0,0.0,0.0,0.0,0.0,0,4,0.0
IRFC26JUNFUT,0.1,0.001,2.0,0.3,0.3,1.5,0.4,0.0,0.0,0.0,0.0,0.0,0,4,0.0
IRFC26JUNFUT,0.1,0.001,2.0,0.3,0.3,1.5,0.5,0.0,0.0,0.0,0.0,0.0,0,4,0.0
IRFC26JUNFUT,0.1,0.001,2.0,0.3,0.3,1.5,0.6,0.0,0.0,0.0,0.0,0.0,0,4,0.0
IRFC26JUNFUT,0.1,0.001,2.0,0.3,0.3,2.0,0.4,0.0,0.0,-294.82,-294.82,-58.96,0,4,117.93
IRFC26JUNFUT,0.1,0.001,2.0,0.3,0.3,2.0,0.5,0.0,0.0,-294.82,-294.82,-58.96,0,4,117.93
IRFC26JUNFUT,0.1,0.001,2.0,0.3,0.3,2.0,0.6,0.0,0.0,-294.82,-294.82,-58.96,0,4,117.93
IRFC26JUNFUT,0.1,0.001,2.0,0.3,0.5,1.0,0.4,0.0,0.0,0.0,0.0,0.0,0,4,0.0
IRFC26JUNFUT,0.1,0.001,2.0,0.3,0.5,1.0,0.5,0.0,0.0,0.0,0.0,0.0,0,4,0.0
IRFC26JUNFUT,0.1,0.001,2.0,0.3,0.5,1.0,0.6,0.0,0.0,0.0,0.0,0.0,0,4,0.0
IRFC26JUNFUT,0.1,0.001,2.0,0.3,0.5,1.5,0.4,0.0,0.0,0.0,0.0,0.0,0,4,0.0
IRFC26JUNFUT,0.1,0.001,2.0,0.3,0.5,1.5,0.5,0.0,0.0,0.0,0.0,0.0,0,4,0.0
IRFC26JUNFUT,0.1,0.001,2.0,0.3,0.5,1.5,0.6,0.0,0.0,0.0,0.0,0.0,0,4,0.0
IRFC26JUNFUT,0.1,0.001,2.0,0.3,0.5,2.0,0.4,0.0,0.0,-294.82,-294.82,-58.96,0,4,117.93
IRFC26JUNFUT,0.1,0.001,2.0,0.3,0.5,2.0,0.5,0.0,0.0,-294.82,-294.82,-58.96,0,4,117.93
IRFC26JUNFUT,0.1,0.001,2.0,0.3,0.5,2.0,0.6,0.0,0.0,-294.82,-294.82,-58.96,0,4,117.93
IRFC26JUNFUT,0.1,0.001,2.0,0.3,1.0,1.0,0.4,0.0,0.0,0.0,0.0,0.0,0,4,0.0
IRFC26JUNFUT,0.1,0.001,2.0,0.3,1.0,1.0,0.5,0.0,0.0,0.0,0.0,0.0,0,4,0.0
IRFC26JUNFUT,0.1,0.001,2.0,0.3,1.0,1.0,0.6,0.0,0.0,0.0,0.0,0.0,0,4,0.0
IRFC26JUNFUT,0.1,0.001,2.0,0.3,1.0,1.5,0.4,0.0,0.0,0.0,0.0,0.0,0,4,0.0
IRFC26JUNFUT,0.1,0.001,2.0,0.3,1.0,1.5,0.5,0.0,0.0,0.0,0.0,0.0,0,4,0.0
IRFC26JUNFUT,0.1,0.001,2.0,0.3,1.0,1.5,0.6,0.0,0.0,0.0,0.0,0.0,0,4,0.0
IRFC26JUNFUT,0.1,0.001,2.0,0.3,1.0,2.0,0.4,0.0,0.0,-294.82,-294.82,-58.96,0,4,117.93
IRFC26JUNFUT,0.1,0.001,2.0,0.3,1.0,2.0,0.5,0.0,0.0,-294.82,-294.82,-58.96,0,4,117.93
IRFC26JUNFUT,0.1,0.001,2.0,0.3,1.0,2.0,0.6,0.0,0.0,-294.82,-294.82,-58.96,0,4,117.93
IRFC26JUNFUT,0.1,0.001,2.0,0.5,0.3,1.0,0.4,0.0,0.0,0.0,0.0,0.0,0,4,0.0
IRFC26JUNFUT,0.1,0.001,2.0,0.5,0.3,1.0,0.5,0.0,0.0,0.0,0.0,0.0,0,4,0.0
IRFC26JUNFUT,0.1,0.001,2.0,0.5,0.3,1.0,0.6,0.0,0.0,0.0,0.0,0.0,0,4,0.0
IRFC26JUNFUT,0.1,0.001,2.0,0.5,0.3,1.5,0.4,0.0,0.0,0.0,0.0,0.0,0,4,0.0
IRFC26JUNFUT,0.1,0.001,2.0,0.5,0.3,1.5,0.5,0.0,0.0,0.0,0.0,0.0,0,4,0.0
IRFC26JUNFUT,0.1,0.001,2.0,0.5,0.3,1.5,0.6,0.0,0.0,0.0,0.0,0.0,0,4,0.0
IRFC26JUNFUT,0.1,0.001,2.0,0.5,0.3,2.0,0.4,0.0,0.0,-294.82,-294.82,-58.96,0,4,117.93
IRFC26JUNFUT,0.1,0.001,2.0,0.5,0.3,2.0,0.5,0.0,0.0,-294.82,-294.82,-58.96,0,4,117.93
IRFC26JUNFUT,0.1,0.001,2.0,0.5,0.3,2.0,0.6,0.0,0.0,-294.82,-294.82,-58.96,0,4,117.93
IRFC26JUNFUT,0.1,0.001,2.0,0.5,0.5,1.0,0.4,0.0,0.0,0.0,0.0,0.0,0,4,0.0
IRFC26JUNFUT,0.1,0.001,2.0,0.5,0.5,1.0,0.5,0.0,0.0,0.0,0.0,0.0,0,4,0.0
IRFC26JUNFUT,0.1,0.001,2.0,0.5,0.5,1.0,0.6,0.0,0.0,0.0,0.0,0.0,0,4,0.0
IRFC26JUNFUT,0.1,0.001,2.0,0.5,0.5,1.5,0.4,0.0,0.0,0.0,0.0,0.0,0,4,0.0
IRFC26JUNFUT,0.1,0.001,2.0,0.5,0.5,1.5,0.5,0.0,0.0,0.0,0.0,0.0,0,4,0.0
IRFC26JUNFUT,0.1,0.001,2.0,0.5,0.5,1.5,0.6,0.0,0.0,0.0,0.0,0.0,0,4,0.0
IRFC26JUNFUT,0.1,0.001,2.0,0.5,0.5,2.0,0.4,0.0,0.0,-294.82,-294.82,-58.96,0,4,117.93
IRFC26JUNFUT,0.1,0.001,2.0,0.5,0.5,2.0,0.5,0.0,0.0,-294.82,-294.82,-58.96,0,4,117.93
IRFC26JUNFUT,0.1,0.001,2.0,0.5,0.5,2.0,0.6,0.0,0.0,-294.82,-294.82,-58.96,0,4,117.93
IRFC26JUNFUT,0.1,0.001,2.0,0.5,1.0,1.0,0.4,0.0,0.0,0.0,0.0,0.0,0,4,0.0
IRFC26JUNFUT,0.1,0.001,2.0,0.5,1.0,1.0,0.5,0.0,0.0,0.0,0.0,0.0,0,4,0.0
IRFC26JUNFUT,0.1,0.001,2.0,0.5,1.0,1.0,0.6,0.0,0.0,0.0,0.0,0.0,0,4,0.0
IRFC26JUNFUT,0.1,0.001,2.0,0.5,1.0,1.5,0.4,0.0,0.0,0.0,0.0,0.0,0,4,0.0
IRFC26JUNFUT,0.1,0.001,2.0,0.5,1.0,1.5,0.5,0.0,0.0,0.0,0.0,0.0,0,4,0.0
IRFC26JUNFUT,0.1,0.001,2.0,0.5,1.0,1.5,0.6,0.0,0.0,0.0,0.0,0.0,0,4,0.0
IRFC26JUNFUT,0.1,0.001,2.0,0.5,1.0,2.0,0.4,0.0,0.0,-294.82,-294.82,-58.96,0,4,117.93
IRFC26JUNFUT,0.1,0.001,2.0,0.5,1.0,2.0,0.5,0.0,0.0,-294.82,-294.82,-58.96,0,4,117.93
IRFC26JUNFUT,0.1,0.001,2.0,0.5,1.0,2.0,0.6,0.0,0.0,-294.82,-294.82,-58.96,0,4,117.93
KOTAKBANK26JUNFUT,0.1,0.001,2.0,0.2,0.3,1.0,0.4,-15.2432,0.0,-1860.17,-1916.19,-383.24,0,4,656.59
KOTAKBANK26JUNFUT,0.1,0.001,2.0,0.2,0.3,1.0,0.5,-15.2432,0.0,-1860.17,-1916.19,-383.24,0,4,656.59
KOTAKBANK26JUNFUT,0.1,0.001,2.0,0.2,0.3,1.0,0.6,-15.2432,0.0,-1860.17,-1916.19,-383.24,0,4,656.59
KOTAKBANK26JUNFUT,0.1,0.001,2.0,0.2,0.3,1.5,0.4,-10.6523,0.0,-5701.84,-5701.84,-1140.37,0,4,973.43
KOTAKBANK26JUNFUT,0.1,0.001,2.0,0.2,0.3,1.5,0.5,-10.6523,0.0,-5701.84,-5701.84,-1140.37,0,4,973.43
KOTAKBANK26JUNFUT,0.1,0.001,2.0,0.2,0.3,1.5,0.6,-10.6523,0.0,-5701.84,-5701.84,-1140.37,0,4,973.43
KOTAKBANK26JUNFUT,0.1,0.001,2.0,0.2,0.3,2.0,0.4,4.6006,14.0825,9637.29,7474.58,1494.92,3,4,2414.13
KOTAKBANK26JUNFUT,0.1,0.001,2.0,0.2,0.3,2.0,0.5,6.1265,70.0575,11937.45,9774.74,1954.95,3,4,3495.41
KOTAKBANK26JUNFUT,0.1,0.001,2.0,0.2,0.3,2.0,0.6,6.1396,70.0625,11955.93,9793.22,1958.64,3,4,3492.57
KOTAKBANK26JUNFUT,0.1,0.001,2.0,0.2,0.5,1.0,0.4,-15.2432,0.0,-1860.17,-1916.19,-383.24,0,4,656.59
KOTAKBANK26JUNFUT,0.1,0.001,2.0,0.2,0.5,1.0,0.5,-15.2432,0.0,-1860.17,-1916.19,-383.24,0,4,656.59
KOTAKBANK26JUNFUT,0.1,0.001,2.0,0.2,0.5,1.0,0.6,-15.2432,0.0,-1860.17,-1916.19,-383.24,0,4,656.59
KOTAKBANK26JUNFUT,0.1,0.001,2.0,0.2,0.5,1.5,0.4,-10.6523,0.0,-5701.84,-5701.84,-1140.37,0,4,973.43
KOTAKBANK26JUNFUT,0.1,0.001,2.0,0.2,0.5,1.5,0.5,-10.6523,0.0,-5701.84,-5701.84,-1140.37,0,4,973.43
KOTAKBANK26JUNFUT,0.1,0.001,2.0,0.2,0.5,1.5,0.6,-10.6523,0.0,-5701.84,-5701.84,-1140.37,0,4,973.43
KOTAKBANK26JUNFUT,0.1,0.001,2.0,0.2,0.5,2.0,0.4,4.6006,14.0825,9637.29,7474.58,1494.92,3,4,2414.13
KOTAKBANK26JUNFUT,0.1,0.001,2.0,0.2,0.5,2.0,0.5,6.1265,70.0575,11937.45,9774.74,1954.95,3,4,3495.41
KOTAKBANK26JUNFUT,0.1,0.001,2.0,0.2,0.5,2.0,0.6,6.1396,70.0625,11955.93,9793.22,1958.64,3,4,3492.57
KOTAKBANK26JUNFUT,0.1,0.001,2.0,0.2,1.0,1.0,0.4,-15.2432,0.0,-1860.17,-1916.19,-383.24,0,4,656.59
KOTAKBANK26JUNFUT,0.1,0.001,2.0,0.2,1.0,1.0,0.5,-15.2432,0.0,-1860.17,-1916.19,-383.24,0,4,656.59
KOTAKBANK26JUNFUT,0.1,0.001,2.0,0.2,1.0,1.0,0.6,-15.2432,0.0,-1860.17,-1916.19,-383.24,0,4,656.59
KOTAKBANK26JUNFUT,0.1,0.001,2.0,0.2,1.0,1.5,0.4,-10.6523,0.0,-5701.84,-5701.84,-1140.37,0,4,973.43
KOTAKBANK26JUNFUT,0.1,0.001,2.0,0.2,1.0,1.5,0.5,-10.6523,0.0,-5701.84,-5701.84,-1140.37,0,4,973.43
KOTAKBANK26JUNFUT,0.1,0.001,2.0,0.2,1.0,1.5,0.6,-10.6523,0.0,-5701.84,-5701.84,-1140.37,0,4,973.43
KOTAKBANK26JUNFUT,0.1,0.001,2.0,0.2,1.0,2.0,0.4,4.6006,14.0825,9637.29,7474.58,1494.92,3,4,2414.13
KOTAKBANK26JUNFUT,0.1,0.001,2.0,0.2,1.0,2.0,0.5,6.1265,70.0575,11937.45,9774.74,1954.95,3,4,3495.41
KOTAKBANK26JUNFUT,0.1,0.001,2.0,0.2,1.0,2.0,0.6,6.1396,70.0625,11955.93,9793.22,1958.64,3,4,3492.57
KOTAKBANK26JUNFUT,0.1,0.001,2.0,0.3,0.3,1.0,0.4,-15.2432,0.0,-1860.17,-1916.19,-383.24,0,4,656.59
KOTAKBANK26JUNFUT,0.1,0.001,2.0,0.3,0.3,1.0,0.5,-15.2432,0.0,-1860.17,-1916.19,-383.24,0,4,656.59
KOTAKBANK26JUNFUT,0.1,0.001,2.0,0.3,0.3,1.0,0.6,-15.2432,0.0,-1860.17,-1916.19,-383.24,0,4,656.59
KOTAKBANK26JUNFUT,0.1,0.001,2.0,0.3,0.3,1.5,0.4,-10.6523,0.0,-5701.84,-5701.84,-1140.37,0,4,973.43
KOTAKBANK26JUNFUT,0.1,0.001,2.0,0.3,0.3,1.5,0.5,-10.6523,0.0,-5701.84,-5701.84,-1140.37,0,4,973.43
KOTAKBANK26JUNFUT,0.1,0.001,2.0,0.3,0.3,1.5,0.6,-10.6523,0.0,-5701.84,-5701.84,-1140.37,0,4,973.43
KOTAKBANK26JUNFUT,0.1,0.001,2.0,0.3,0.3,2.0,0.4,4.6006,14.0825,9637.29,7474.58,1494.92,3,4,2414.13
KOTAKBANK26JUNFUT,0.1,0.001,2.0,0.3,0.3,2.0,0.5,6.1265,70.0575,11937.45,9774.74,1954.95,3,4,3495.41
KOTAKBANK26JUNFUT,0.1,0.001,2.0,0.3,0.3,2.0,0.6,6.1396,70.0625,11955.93,9793.22,1958.64,3,4,3492.57
KOTAKBANK26JUNFUT,0.1,0.001,2.0,0.3,0.5,1.0,0.4,-15.2432,0.0,-1860.17,-1916.19,-383.24,0,4,656.59
KOTAKBANK26JUNFUT,0.1,0.001,2.0,0.3,0.5,1.0,0.5,-15.2432,0.0,-1860.17,-1916.19,-383.24,0,4,656.59
KOTAKBANK26JUNFUT,0.1,0.001,2.0,0.3,0.5,1.0,0.6,-15.2432,0.0,-1860.17,-1916.19,-383.24,0,4,656.59
KOTAKBANK26JUNFUT,0.1,0.001,2.0,0.3,0.5,1.5,0.4,-10.6523,0.0,-5701.84,-5701.84,-1140.37,0,4,973.43
KOTAKBANK26JUNFUT,0.1,0.001,2.0,0.3,0.5,1.5,0.5,-10.6523,0.0,-5701.84,-5701.84,-1140.37,0,4,973.43
KOTAKBANK26JUNFUT,0.1,0.001,2.0,0.3,0.5,1.5,0.6,-10.6523,0.0,-5701.84,-5701.84,-1140.37,0,4,973.43
KOTAKBANK26JUNFUT,0.1,0.001,2.0,0.3,0.5,2.0,0.4,4.6006,14.0825,9637.29,7474.58,1494.92,3,4,2414.13
KOTAKBANK26JUNFUT,0.1,0.001,2.0,0.3,0.5,2.0,0.5,6.1265,70.0575,11937.45,9774.74,1954.95,3,4,3495.41
KOTAKBANK26JUNFUT,0.1,0.001,2.0,0.3,0.5,2.0,0.6,6.1396,70.0625,11955.93,9793.22,1958.64,3,4,3492.57
KOTAKBANK26JUNFUT,0.1,0.001,2.0,0.3,1.0,1.0,0.4,-15.2432,0.0,-1860.17,-1916.19,-383.24,0,4,656.59
KOTAKBANK26JUNFUT,0.1,0.001,2.0,0.3,1.0,1.0,0.5,-15.2432,0.0,-1860.17,-1916.19,-383.24,0,4,656.59
KOTAKBANK26JUNFUT,0.1,0.001,2.0,0.3,1.0,1.0,0.6,-15.2432,0.0,-1860.17,-1916.19,-383.24,0,4,656.59
KOTAKBANK26JUNFUT,0.1,0.001,2.0,0.3,1.0,1.5,0.4,-10.6523,0.0,-5701.84,-5701.84,-1140.37,0,4,973.43
KOTAKBANK26JUNFUT,0.1,0.001,2.0,0.3,1.0,1.5,0.5,-10.6523,0.0,-5701.84,-5701.84,-1140.37,0,4,973.43
KOTAKBANK26JUNFUT,0.1,0.001,2.0,0.3,1.0,1.5,0.6,-10.6523,0.0,-5701.84,-5701.84,-1140.37,0,4,973.43
KOTAKBANK26JUNFUT,0.1,0.001,2.0,0.3,1.0,2.0,0.4,4.6006,14.0825,9637.29,7474.58,1494.92,3,4,2414.13
KOTAKBANK26JUNFUT,0.1,0.001,2.0,0.3,1.0,2.0,0.5,6.1265,70.0575,11937.45,9774.74,1954.95,3,4,3495.41
KOTAKBANK26JUNFUT,0.1,0.001,2.0,0.3,1.0,2.0,0.6,6.1396,70.0625,11955.93,9793.22,1958.64,3,4,3492.57
KOTAKBANK26JUNFUT,0.1,0.001,2.0,0.5,0.3,1.0,0.4,-15.2432,0.0,-1860.17,-1916.19,-383.24,0,4,656.59
KOTAKBANK26JUNFUT,0.1,0.001,2.0,0.5,0.3,1.0,0.5,-15.2432,0.0,-1860.17,-1916.19,-383.24,0,4,656.59
KOTAKBANK26JUNFUT,0.1,0.001,2.0,0.5,0.3,1.0,0.6,-15.2432,0.0,-1860.17,-1916.19,-383.24,0,4,656.59
KOTAKBANK26JUNFUT,0.1,0.001,2.0,0.5,0.3,1.5,0.4,-10.6523,0.0,-5701.84,-5701.84,-1140.37,0,4,973.43
KOTAKBANK26JUNFUT,0.1,0.001,2.0,0.5,0.3,1.5,0.5,-10.6523,0.0,-5701.84,-5701.84,-1140.37,0,4,973.43
KOTAKBANK26JUNFUT,0.1,0.001,2.0,0.5,0.3,1.5,0.6,-10.6523,0.0,-5701.84,-5701.84,-1140.37,0,4,973.43
KOTAKBANK26JUNFUT,0.1,0.001,2.0,0.5,0.3,2.0,0.4,4.6006,14.0825,9637.29,7474.58,1494.92,3,4,2414.13
KOTAKBANK26JUNFUT,0.1,0.001,2.0,0.5,0.3,2.0,0.5,6.1265,70.0575,11937.45,9774.74,1954.95,3,4,3495.41
KOTAKBANK26JUNFUT,0.1,0.001,2.0,0.5,0.3,2.0,0.6,6.1396,70.0625,11955.93,9793.22,1958.64,3,4,3492.57
KOTAKBANK26JUNFUT,0.1,0.001,2.0,0.5,0.5,1.0,0.4,-15.2432,0.0,-1860.17,-1916.19,-383.24,0,4,656.59
KOTAKBANK26JUNFUT,0.1,0.001,2.0,0.5,0.5,1.0,0.5,-15.2432,0.0,-1860.17,-1916.19,-383.24,0,4,656.59
KOTAKBANK26JUNFUT,0.1,0.001,2.0,0.5,0.5,1.0,0.6,-15.2432,0.0,-1860.17,-1916.19,-383.24,0,4,656.59
KOTAKBANK26JUNFUT,0.1,0.001,2.0,0.5,0.5,1.5,0.4,-10.6523,0.0,-5701.84,-5701.84,-1140.37,0,4,973.43
KOTAKBANK26JUNFUT,0.1,0.001,2.0,0.5,0.5,1.5,0.5,-10.6523,0.0,-5701.84,-5701.84,-1140.37,0,4,973.43
KOTAKBANK26JUNFUT,0.1,0.001,2.0,0.5,0.5,1.5,0.6,-10.6523,0.0,-5701.84,-5701.84,-1140.37,0,4,973.43
KOTAKBANK26JUNFUT,0.1,0.001,2.0,0.5,0.5,2.0,0.4,4.6006,14.0825,9637.29,7474.58,1494.92,3,4,2414.13
KOTAKBANK26JUNFUT,0.1,0.001,2.0,0.5,0.5,2.0,0.5,6.1265,70.0575,11937.45,9774.74,1954.95,3,4,3495.41
KOTAKBANK26JUNFUT,0.1,0.001,2.0,0.5,0.5,2.0,0.6,6.1396,70.0625,11955.93,9793.22,1958.64,3,4,3492.57
KOTAKBANK26JUNFUT,0.1,0.001,2.0,0.5,1.0,1.0,0.4,-15.2432,0.0,-1860.17,-1916.19,-383.24,0,4,656.59
KOTAKBANK26JUNFUT,0.1,0.001,2.0,0.5,1.0,1.0,0.5,-15.2432,0.0,-1860.17,-1916.19,-383.24,0,4,656.59
KOTAKBANK26JUNFUT,0.1,0.001,2.0,0.5,1.0,1.0,0.6,-15.2432,0.0,-1860.17,-1916.19,-383.24,0,4,656.59
KOTAKBANK26JUNFUT,0.1,0.001,2.0,0.5,1.0,1.5,0.4,-10.6523,0.0,-5701.84,-5701.84,-1140.37,0,4,973.43
KOTAKBANK26JUNFUT,0.1,0.001,2.0,0.5,1.0,1.5,0.5,-10.6523,0.0,-5701.84,-5701.84,-1140.37,0,4,973.43
KOTAKBANK26JUNFUT,0.1,0.001,2.0,0.5,1.0,1.5,0.6,-10.6523,0.0,-5701.84,-5701.84,-1140.37,0,4,973.43
KOTAKBANK26JUNFUT,0.1,0.001,2.0,0.5,1.0,2.0,0.4,4.6006,14.0825,9637.29,7474.58,1494.92,3,4,2414.13
KOTAKBANK26JUNFUT,0.1,0.001,2.0,0.5,1.0,2.0,0.5,6.1265,70.0575,11937.45,9774.74,1954.95,3,4,3495.41
KOTAKBANK26JUNFUT,0.1,0.001,2.0,0.5,1.0,2.0,0.6,6.1396,70.0625,11955.93,9793.22,1958.64,3,4,3492.57
IOC26JUNFUT,0.1,0.001,2.0,0.2,0.3,1.0,0.4,0.0,0.0,0.0,0.0,0.0,0,4,0.0
IOC26JUNFUT,0.1,0.001,2.0,0.2,0.3,1.0,0.5,0.0,0.0,0.0,0.0,0.0,0,4,0.0
IOC26JUNFUT,0.1,0.001,2.0,0.2,0.3,1.0,0.6,0.0,0.0,0.0,0.0,0.0,0,4,0.0
IOC26JUNFUT,0.1,0.001,2.0,0.2,0.3,1.5,0.4,0.0,0.0,0.0,0.0,0.0,0,4,0.0
IOC26JUNFUT,0.1,0.001,2.0,0.2,0.3,1.5,0.5,0.0,0.0,0.0,0.0,0.0,0,4,0.0
IOC26JUNFUT,0.1,0.001,2.0,0.2,0.3,1.5,0.6,0.0,0.0,0.0,0.0,0.0,0,4,0.0
IOC26JUNFUT,0.1,0.001,2.0,0.2,0.3,2.0,0.4,-9.1152,0.0,-24158.93,-24211.46,-4842.29,0,4,9632.17
IOC26JUNFUT,0.1,0.001,2.0,0.2,0.3,2.0,0.5,-9.1152,0.0,-24158.93,-24211.46,-4842.29,0,4,9632.17
IOC26JUNFUT,0.1,0.001,2.0,0.2,0.3,2.0,0.6,-9.1152,0.0,-24158.93,-24211.46,-4842.29,0,4,9632.17
IOC26JUNFUT,0.1,0.001,2.0,0.2,0.5,1.0,0.4,0.0,0.0,0.0,0.0,0.0,0,4,0.0
IOC26JUNFUT,0.1,0.001,2.0,0.2,0.5,1.0,0.5,0.0,0.0,0.0,0.0,0.0,0,4,0.0
IOC26JUNFUT,0.1,0.001,2.0,0.2,0.5,1.0,0.6,0.0,0.0,0.0,0.0,0.0,0,4,0.0
IOC26JUNFUT,0.1,0.001,2.0,0.2,0.5,1.5,0.4,0.0,0.0,0.0,0.0,0.0,0,4,0.0
IOC26JUNFUT,0.1,0.001,2.0,0.2,0.5,1.5,0.5,0.0,0.0,0.0,0.0,0.0,0,4,0.0
IOC26JUNFUT,0.1,0.001,2.0,0.2,0.5,1.5,0.6,0.0,0.0,0.0,0.0,0.0,0,4,0.0
IOC26JUNFUT,0.1,0.001,2.0,0.2,0.5,2.0,0.4,-9.1152,0.0,-24158.93,-24211.46,-4842.29,0,4,9632.17
IOC26JUNFUT,0.1,0.001,2.0,0.2,0.5,2.0,0.5,-9.1152,0.0,-24158.93,-24211.46,-4842.29,0,4,9632.17
IOC26JUNFUT,0.1,0.001,2.0,0.2,0.5,2.0,0.6,-9.1152,0.0,-24158.93,-24211.46,-4842.29,0,4,9632.17
IOC26JUNFUT,0.1,0.001,2.0,0.2,1.0,1.0,0.4,0.0,0.0,0.0,0.0,0.0,0,4,0.0
IOC26JUNFUT,0.1,0.001,2.0,0.2,1.0,1.0,0.5,0.0,0.0,0.0,0.0,0.0,0,4,0.0
IOC26JUNFUT,0.1,0.001,2.0,0.2,1.0,1.0,0.6,0.0,0.0,0.0,0.0,0.0,0,4,0.0
IOC26JUNFUT,0.1,0.001,2.0,0.2,1.0,1.5,0.4,0.0,0.0,0.0,0.0,0.0,0,4,0.0
IOC26JUNFUT,0.1,0.001,2.0,0.2,1.0,1.5,0.5,0.0,0.0,0.0,0.0,0.0,0,4,0.0
IOC26JUNFUT,0.1,0.001,2.0,0.2,1.0,1.5,0.6,0.0,0.0,0.0,0.0,0.0,0,4,0.0
IOC26JUNFUT,0.1,0.001,2.0,0.2,1.0,2.0,0.4,-9.1152,0.0,-24158.93,-24211.46,-4842.29,0,4,9632.17
IOC26JUNFUT,0.1,0.001,2.0,0.2,1.0,2.0,0.5,-9.1152,0.0,-24158.93,-24211.46,-4842.29,0,4,9632.17
IOC26JUNFUT,0.1,0.001,2.0,0.2,1.0,2.0,0.6,-9.1152,0.0,-24158.93,-24211.46,-4842.29,0,4,9632.17
IOC26JUNFUT,0.1,0.001,2.0,0.3,0.3,1.0,0.4,0.0,0.0,0.0,0.0,0.0,0,4,0.0
IOC26JUNFUT,0.1,0.001,2.0,0.3,0.3,1.0,0.5,0.0,0.0,0.0,0.0,0.0,0,4,0.0
IOC26JUNFUT,0.1,0.001,2.0,0.3,0.3,1.0,0.6,0.0,0.0,0.0,0.0,0.0,0,4,0.0
IOC26JUNFUT,0.1,0.001,2.0,0.3,0.3,1.5,0.4,0.0,0.0,0.0,0.0,0.0,0,4,0.0
IOC26JUNFUT,0.1,0.001,2.0,0.3,0.3,1.5,0.5,0.0,0.0,0.0,0.0,0.0,0,4,0.0
IOC26JUNFUT,0.1,0.001,2.0,0.3,0.3,1.5,0.6,0.0,0.0,0.0,0.0,0.0,0,4,0.0
IOC26JUNFUT,0.1,0.001,2.0,0.3,0.3,2.0,0.4,-9.1152,0.0,-24158.93,-24211.46,-4842.29,0,4,9632.17
IOC26JUNFUT,0.1,0.001,2.0,0.3,0.3,2.0,0.5,-9.1152,0.0,-24158.93,-24211.46,-4842.29,0,4,9632.17
IOC26JUNFUT,0.1,0.001,2.0,0.3,0.3,2.0,0.6,-9.1152,0.0,-24158.93,-24211.46,-4842.29,0,4,9632.17
IOC26JUNFUT,0.1,0.001,2.0,0.3,0.5,1.0,0.4,0.0,0.0,0.0,0.0,0.0,0,4,0.0
IOC26JUNFUT,0.1,0.001,2.0,0.3,0.5,1.0,0.5,0.0,0.0,0.0,0.0,0.0,0,4,0.0
IOC26JUNFUT,0.1,0.001,2.0,0.3,0.5,1.0,0.6,0.0,0.0,0.0,0.0,0.0,0,4,0.0
IOC26JUNFUT,0.1,0.001,2.0,0.3,0.5,1.5,0.4,0.0,0.0,0.0,0.0,0.0,0,4,0.0
IOC26JUNFUT,0.1,0.001,2.0,0.3,0.5,1.5,0.5,0.0,0.0,0.0,0.0,0.0,0,4,0.0
IOC26JUNFUT,0.1,0.001,2.0,0.3,0.5,1.5,0.6,0.0,0.0,0.0,0.0,0.0,0,4,0.0
IOC26JUNFUT,0.1,0.001,2.0,0.3,0.5,2.0,0.4,-9.1152,0.0,-24158.93,-24211.46,-4842.29,0,4,9632.17
IOC26JUNFUT,0.1,0.001,2.0,0.3,0.5,2.0,0.5,-9.1152,0.0,-24158.93,-24211.46,-4842.29,0,4,9632.17
IOC26JUNFUT,0.1,0.001,2.0,0.3,0.5,2.0,0.6,-9.1152,0.0,-24158.93,-24211.46,-4842.29,0,4,9632.17
IOC26JUNFUT,0.1,0.001,2.0,0.3,1.0,1.0,0.4,0.0,0.0,0.0,0.0,0.0,0,4,0.0
IOC26JUNFUT,0.1,0.001,2.0,0.3,1.0,1.0,0.5,0.0,0.0,0.0,0.0,0.0,0,4,0.0
IOC26JUNFUT,0.1,0.001,2.0,0.3,1.0,1.0,0.6,0.0,0.0,0.0,0.0,0.0,0,4,0.0
IOC26JUNFUT,0.1,0.001,2.0,0.3,1.0,1.5,0.4,0.0,0.0,0.0,0.0,0.0,0,4,0.0
IOC26JUNFUT,0.1,0.001,2.0,0.3,1.0,1.5,0.5,0.0,0.0,0.0,0.0,0.0,0,4,0.0
IOC26JUNFUT,0.1,0.001,2.0,0.3,1.0,1.5,0.6,0.0,0.0,0.0,0.0,0.0,0,4,0.0
IOC26JUNFUT,0.1,0.001,2.0,0.3,1.0,2.0,0.4,-9.1152,0.0,-24158.93,-24211.46,-4842.29,0,4,9632.17
IOC26JUNFUT,0.1,0.001,2.0,0.3,1.0,2.0,0.5,-9.1152,0.0,-24158.93,-24211.46,-4842.29,0,4,9632.17
IOC26JUNFUT,0.1,0.001,2.0,0.3,1.0,2.0,0.6,-9.1152,0.0,-24158.93,-24211.46,-4842.29,0,4,9632.17
IOC26JUNFUT,0.1,0.001,2.0,0.5,0.3,1.0,0.4,0.0,0.0,0.0,0.0,0.0,0,4,0.0
IOC26JUNFUT,0.1,0.001,2.0,0.5,0.3,1.0,0.5,0.0,0.0,0.0,0.0,0.0,0,4,0.0
IOC26JUNFUT,0.1,0.001,2.0,0.5,0.3,1.0,0.6,0.0,0.0,0.0,0.0,0.0,0,4,0.0
IOC26JUNFUT,0.1,0.001,2.0,0.5,0.3,1.5,0.4,0.0,0.0,0.0,0.0,0.0,0,4,0.0
IOC26JUNFUT,0.1,0.001,2.0,0.5,0.3,1.5,0.5,0.0,0.0,0.0,0.0,0.0,0,4,0.0
IOC26JUNFUT,0.1,0.001,2.0,0.5,0.3,1.5,0.6,0.0,0.0,0.0,0.0,0.0,0,4,0.0
IOC26JUNFUT,0.1,0.001,2.0,0.5,0.3,2.0,0.4,-9.1152,0.0,-24158.93,-24211.46,-4842.29,0,4,9632.17
IOC26JUNFUT,0.1,0.001,2.0,0.5,0.3,2.0,0.5,-9.1152,0.0,-24158.93,-24211.46,-4842.29,0,4,9632.17
IOC26JUNFUT,0.1,0.001,2.0,0.5,0.3,2.0,0.6,-9.1152,0.0,-24158.93,-24211.46,-4842.29,0,4,9632.17
IOC26JUNFUT,0.1,0.001,2.0,0.5,0.5,1.0,0.4,0.0,0.0,0.0,0.0,0.0,0,4,0.0
IOC26JUNFUT,0.1,0.001,2.0,0.5,0.5,1.0,0.5,0.0,0.0,0.0,0.0,0.0,0,4,0.0
IOC26JUNFUT,0.1,0.001,2.0,0.5,0.5,1.0,0.6,0.0,0.0,0.0,0.0,0.0,0,4,0.0
IOC26JUNFUT,0.1,0.001,2.0,0.5,0.5,1.5,0.4,0.0,0.0,0.0,0.0,0.0,0,4,0.0
IOC26JUNFUT,0.1,0.001,2.0,0.5,0.5,1.5,0.5,0.0,0.0,0.0,0.0,0.0,0,4,0.0
IOC26JUNFUT,0.1,0.001,2.0,0.5,0.5,1.5,0.6,0.0,0.0,0.0,0.0,0.0,0,4,0.0
IOC26JUNFUT,0.1,0.001,2.0,0.5,0.5,2.0,0.4,-9.1152,0.0,-24158.93,-24211.46,-4842.29,0,4,9632.17
IOC26JUNFUT,0.1,0.001,2.0,0.5,0.5,2.0,0.5,-9.1152,0.0,-24158.93,-24211.46,-4842.29,0,4,9632.17
IOC26JUNFUT,0.1,0.001,2.0,0.5,0.5,2.0,0.6,-9.1152,0.0,-24158.93,-24211.46,-4842.29,0,4,9632.17
IOC26JUNFUT,0.1,0.001,2.0,0.5,1.0,1.0,0.4,0.0,0.0,0.0,0.0,0.0,0,4,0.0
IOC26JUNFUT,0.1,0.001,2.0,0.5,1.0,1.0,0.5,0.0,0.0,0.0,0.0,0.0,0,4,0.0
IOC26JUNFUT,0.1,0.001,2.0,0.5,1.0,1.0,0.6,0.0,0.0,0.0,0.0,0.0,0,4,0.0
IOC26JUNFUT,0.1,0.001,2.0,0.5,1.0,1.5,0.4,0.0,0.0,0.0,0.0,0.0,0,4,0.0
IOC26JUNFUT,0.1,0.001,2.0,0.5,1.0,1.5,0.5,0.0,0.0,0.0,0.0,0.0,0,4,0.0
IOC26JUNFUT,0.1,0.001,2.0,0.5,1.0,1.5,0.6,0.0,0.0,0.0,0.0,0.0,0,4,0.0
IOC26JUNFUT,0.1,0.001,2.0,0.5,1.0,2.0,0.4,-9.1152,0.0,-24158.93,-24211.46,-4842.29,0,4,9632.17
IOC26JUNFUT,0.1,0.001,2.0,0.5,1.0,2.0,0.5,-9.1152,0.0,-24158.93,-24211.46,-4842.29,0,4,9632.17
IOC26JUNFUT,0.1,0.001,2.0,0.5,1.0,2.0,0.6,-9.1152,0.0,-24158.93,-24211.46,-4842.29,0,4,9632.17
LICHSGFIN26JUNFUT,0.05,0.002,3.0,0.2,0.3,1.0,0.4,-2.9786,2.1725,-16298.02,6337.86,1267.57,3,4,32910.31
LICHSGFIN26JUNFUT,0.05,0.002,3.0,0.2,0.3,1.0,0.5,-2.9786,2.1725,-16298.02,6337.86,1267.57,3,4,32910.31
LICHSGFIN26JUNFUT,0.05,0.002,3.0,0.2,0.3,1.0,0.6,-2.9493,2.235,-16068.14,6657.69,1331.54,3,4,32950.57
LICHSGFIN26JUNFUT,0.05,0.002,3.0,0.2,0.3,1.5,0.4,6.6784,4.6225,21438.25,122312.74,24462.55,4,4,44893.59
LICHSGFIN26JUNFUT,0.05,0.002,3.0,0.2,0.3,1.5,0.5,6.7786,4.795,23959.44,124843.93,24968.79,4,4,45074.57
LICHSGFIN26JUNFUT,0.05,0.002,3.0,0.2,0.3,1.5,0.6,6.7498,4.96,25279.44,123596.44,24719.29,4,4,44091.7
LICHSGFIN26JUNFUT,0.05,0.002,3.0,0.2,0.3,2.0,0.4,-0.7287,-0.435,-119430.89,-11979.97,-2395.99,3,4,71298.61
LICHSGFIN26JUNFUT,0.05,0.002,3.0,0.2,0.3,2.0,0.5,-0.7363,-0.435,-119733.11,-12272.21,-2454.44,3,4,71313.94
LICHSGFIN26JUNFUT,0.05,0.002,3.0,0.2,0.3,2.0,0.6,-0.644,-0.3725,-116984.55,-9113.86,-1822.77,3,4,71339.29
LICHSGFIN26JUNFUT,0.05,0.002,3.0,0.2,0.5,1.0,0.4,-2.9786,2.1725,-16298.02,6337.86,1267.57,3,4,32910.31
LICHSGFIN26JUNFUT,0.05,0.002,3.0,0.2,0.5,1.0,0.5,-2.9786,2.1725,-16298.02,6337.86,1267.57,3,4,32910.31
LICHSGFIN26JUNFUT,0.05,0.002,3.0,0.2,0.5,1.0,0.6,-2.9493,2.235,-16068.14,6657.69,1331.54,3,4,32950.57
LICHSGFIN26JUNFUT,0.05,0.002,3.0,0.2,0.5,1.5,0.4,6.6784,4.6225,21438.25,122312.74,24462.55,4,4,44893.59
LICHSGFIN26JUNFUT,0.05,0.002,3.0,0.2,0.5,1.5,0.5,6.7786,4.795,23959.44,124843.93,24968.79,4,4,45074.57
LICHSGFIN26JUNFUT,0.05,0.002,3.0,0.2,0.5,1.5,0.6,6.7498,4.96,25279.44,123596.44,24719.29,4,4,44091.7
LICHSGFIN26JUNFUT,0.05,0.002,3.0,0.2,0.5,2.0,0.4,-0.7292,-0.435,-119450.88,-11999.97,-2399.99,3,4,71299.41
LICHSGFIN26JUNFUT,0.05,0.002,3.0,0.2,0.5,2.0,0.5,-0.7368,-0.435,-119753.11,-12292.2,-2458.44,3,4,71314.75
LICHSGFIN26JUNFUT,0.05,0.002,3.0,0.2,0.5,2.0,0.6,-0.6446,-0.3725,-117004.55,-9133.85,-1826.77,3,4,71339.99
LICHSGFIN26JUNFUT,0.05,0.002,3.0,0.2,1.0,1.0,0.4,-2.9786,2.1725,-16298.02,6337.86,1267.57,3,4,32910.31
LICHSGFIN26JUNFUT,0.05,0.002,3.0,0.2,1.0,1.0,0.5,-2.9786,2.1725,-16298.02,6337.86,1267.57,3,4,32910.31
LICHSGFIN26JUNFUT,0.05,0.002,3.0,0.2,1.0,1.0,0.6,-2.9493,2.235,-16068.14,6657.69,1331.54,3,4,32950.57
LICHSGFIN26JUNFUT,0.05,0.002,3.0,0.2,1.0,1.5,0.4,6.6787,4.6225,21438.25,122322.74,24464.55,4,4,44896.99
LICHSGFIN26JUNFUT,0.05,0.002,3.0,0.2,1.0,1.5,0.5,6.7789,4.795,23959.44,124853.92,24970.78,4,4,45077.94
LICHSGFIN26JUNFUT,0.05,0.002,3.0,0.2,1.0,1.5,0.6,6.7498,4.96,25279.44,123596.44,24719.29,4,4,44091.7
LICHSGFIN26JUNFUT,0.05,0.002,3.0,0.2,1.0,2.0,0.4,-0.7316,-0.4375,-119540.89,-12089.98,-2418.0,3,4,71303.04
LICHSGFIN26JUNFUT,0.05,0.002,3.0,0.2,1.0,2.0,0.5,-0.7368,-0.435,-119753.11,-12292.2,-2458.44,3,4,71314.75
LICHSGFIN26JUNFUT,0.05,0.002,3.0,0.2,1.0,2.0,0.6,-0.6446,-0.3725,-117004.55,-9133.85,-1826.77,3,4,71339.99
LICHSGFIN26JUNFUT,0.05,0.002,3.0,0.3,0.3,1.0,0.4,-2.9786,2.1725,-16298.02,6337.86,1267.57,3,4,32910.31
LICHSGFIN26JUNFUT,0.05,0.002,3.0,0.3,0.3,1.0,0.5,-2.9786,2.1725,-16298.02,6337.86,1267.57,3,4,32910.31
LICHSGFIN26JUNFUT,0.05,0.002,3.0,0.3,0.3,1.0,0.6,-2.9493,2.235,-16068.14,6657.69,1331.54,3,4,32950.57
LICHSGFIN26JUNFUT,0.05,0.002,3.0,0.3,0.3,1.5,0.4,6.6784,4.6225,21438.25,122312.74,24462.55,4,4,44893.59
LICHSGFIN26JUNFUT,0.05,0.002,3.0,0.3,0.3,1.5,0.5,6.7786,4.795,23959.44,124843.93,24968.79,4,4,45074.57
LICHSGFIN26JUNFUT,0.05,0.002,3.0,0.3,0.3,1.5,0.6,6.7498,4.96,25279.44,123596.44,24719.29,4,4,44091.7
LICHSGFIN26JUNFUT,0.05,0.002,3.0,0.3,0.3,2.0,0.4,-0.7287,-0.435,-119430.89,-11979.97,-2395.99,3,4,71298.61
LICHSGFIN26JUNFUT,0.05,0.002,3.0,0.3,0.3,2.0,0.5,-0.7363,-0.435,-119733.11,-12272.21,-2454.44,3,4,71313.94
LICHSGFIN26JUNFUT,0.05,0.002,3.0,0.3,0.3,2.0,0.6,-0.644,-0.3725,-116984.55,-9113.86,-1822.77,3,4,71339.29
LICHSGFIN26JUNFUT,0.05,0.002,3.0,0.3,0.5,1.0,0.4,-2.9786,2.1725,-16298.02,6337.86,1267.57,3,4,32910.31
LICHSGFIN26JUNFUT,0.05,0.002,3.0,0.3,0.5,1.0,0.5,-2.9786,2.1725,-16298.02,6337.86,1267.57,3,4,32910.31
LICHSGFIN26JUNFUT,0.05,0.002,3.0,0.3,0.5,1.0,0.6,-2.9493,2.235,-16068.14,6657.69,1331.54,3,4,32950.57
LICHSGFIN26JUNFUT,0.05,0.002,3.0,0.3,0.5,1.5,0.4,6.6784,4.6225,21438.25,122312.74,24462.55,4,4,44893.59
LICHSGFIN26JUNFUT,0.05,0.002,3.0,0.3,0.5,1.5,0.5,6.7786,4.795,23959.44,124843.93,24968.79,4,4,45074.57
LICHSGFIN26JUNFUT,0.05,0.002,3.0,0.3,0.5,1.5,0.6,6.7498,4.96,25279.44,123596.44,24719.29,4,4,44091.7
LICHSGFIN26JUNFUT,0.05,0.002,3.0,0.3,0.5,2.0,0.4,-0.7292,-0.435,-119450.88,-11999.97,-2399.99,3,4,71299.41
LICHSGFIN26JUNFUT,0.05,0.002,3.0,0.3,0.5,2.0,0.5,-0.7368,-0.435,-119753.11,-12292.2,-2458.44,3,4,71314.75
LICHSGFIN26JUNFUT,0.05,0.002,3.0,0.3,0.5,2.0,0.6,-0.6446,-0.3725,-117004.55,-9133.85,-1826.77,3,4,71339.99
LICHSGFIN26JUNFUT,0.05,0.002,3.0,0.3,1.0,1.0,0.4,-2.9786,2.1725,-16298.02,6337.86,1267.57,3,4,32910.31
LICHSGFIN26JUNFUT,0.05,0.002,3.0,0.3,1.0,1.0,0.5,-2.9786,2.1725,-16298.02,6337.86,1267.57,3,4,32910.31
LICHSGFIN26JUNFUT,0.05,0.002,3.0,0.3,1.0,1.0,0.6,-2.9493,2.235,-16068.14,6657.69,1331.54,3,4,32950.57
LICHSGFIN26JUNFUT,0.05,0.002,3.0,0.3,1.0,1.5,0.4,6.6787,4.6225,21438.25,122322.74,24464.55,4,4,44896.99
LICHSGFIN26JUNFUT,0.05,0.002,3.0,0.3,1.0,1.5,0.5,6.7789,4.795,23959.44,124853.92,24970.78,4,4,45077.94
LICHSGFIN26JUNFUT,0.05,0.002,3.0,0.3,1.0,1.5,0.6,6.7498,4.96,25279.44,123596.44,24719.29,4,4,44091.7
LICHSGFIN26JUNFUT,0.05,0.002,3.0,0.3,1.0,2.0,0.4,-0.7316,-0.4375,-119540.89,-12089.98,-2418.0,3,4,71303.04
LICHSGFIN26JUNFUT,0.05,0.002,3.0,0.3,1.0,2.0,0.5,-0.7368,-0.435,-119753.11,-12292.2,-2458.44,3,4,71314.75
LICHSGFIN26JUNFUT,0.05,0.002,3.0,0.3,1.0,2.0,0.6,-0.6446,-0.3725,-117004.55,-9133.85,-1826.77,3,4,71339.99
LICHSGFIN26JUNFUT,0.05,0.002,3.0,0.5,0.3,1.0,0.4,-2.9786,2.1725,-16298.02,6337.86,1267.57,3,4,32910.31
LICHSGFIN26JUNFUT,0.05,0.002,3.0,0.5,0.3,1.0,0.5,-2.9786,2.1725,-16298.02,6337.86,1267.57,3,4,32910.31
LICHSGFIN26JUNFUT,0.05,0.002,3.0,0.5,0.3,1.0,0.6,-2.9493,2.235,-16068.14,6657.69,1331.54,3,4,32950.57
LICHSGFIN26JUNFUT,0.05,0.002,3.0,0.5,0.3,1.5,0.4,6.6784,4.6225,21438.25,122312.74,24462.55,4,4,44893.59
LICHSGFIN26JUNFUT,0.05,0.002,3.0,0.5,0.3,1.5,0.5,6.7786,4.795,23959.44,124843.93,24968.79,4,4,45074.57
LICHSGFIN26JUNFUT,0.05,0.002,3.0,0.5,0.3,1.5,0.6,6.7498,4.96,25279.44,123596.44,24719.29,4,4,44091.7
LICHSGFIN26JUNFUT,0.05,0.002,3.0,0.5,0.3,2.0,0.4,-0.7287,-0.435,-119430.89,-11979.97,-2395.99,3,4,71298.61
LICHSGFIN26JUNFUT,0.05,0.002,3.0,0.5,0.3,2.0,0.5,-0.7363,-0.435,-119733.11,-12272.21,-2454.44,3,4,71313.94
LICHSGFIN26JUNFUT,0.05,0.002,3.0,0.5,0.3,2.0,0.6,-0.644,-0.3725,-116984.55,-9113.86,-1822.77,3,4,71339.29
LICHSGFIN26JUNFUT,0.05,0.002,3.0,0.5,0.5,1.0,0.4,-2.9786,2.1725,-16298.02,6337.86,1267.57,3,4,32910.31
LICHSGFIN26JUNFUT,0.05,0.002,3.0,0.5,0.5,1.0,0.5,-2.9786,2.1725,-16298.02,6337.86,1267.57,3,4,32910.31
LICHSGFIN26JUNFUT,0.05,0.002,3.0,0.5,0.5,1.0,0.6,-2.9493,2.235,-16068.14,6657.69,1331.54,3,4,32950.57
LICHSGFIN26JUNFUT,0.05,0.002,3.0,0.5,0.5,1.5,0.4,6.6784,4.6225,21438.25,122312.74,24462.55,4,4,44893.59
LICHSGFIN26JUNFUT,0.05,0.002,3.0,0.5,0.5,1.5,0.5,6.7786,4.795,23959.44,124843.93,24968.79,4,4,45074.57
LICHSGFIN26JUNFUT,0.05,0.002,3.0,0.5,0.5,1.5,0.6,6.7498,4.96,25279.44,123596.44,24719.29,4,4,44091.7
LICHSGFIN26JUNFUT,0.05,0.002,3.0,0.5,0.5,2.0,0.4,-0.7292,-0.435,-119450.88,-11999.97,-2399.99,3,4,71299.41
LICHSGFIN26JUNFUT,0.05,0.002,3.0,0.5,0.5,2.0,0.5,-0.7368,-0.435,-119753.11,-12292.2,-2458.44,3,4,71314.75
LICHSGFIN26JUNFUT,0.05,0.002,3.0,0.5,0.5,2.0,0.6,-0.6446,-0.3725,-117004.55,-9133.85,-1826.77,3,4,71339.99
LICHSGFIN26JUNFUT,0.05,0.002,3.0,0.5,1.0,1.0,0.4,-2.9786,2.1725,-16298.02,6337.86,1267.57,3,4,32910.31
LICHSGFIN26JUNFUT,0.05,0.002,3.0,0.5,1.0,1.0,0.5,-2.9786,2.1725,-16298.02,6337.86,1267.57,3,4,32910.31
LICHSGFIN26JUNFUT,0.05,0.002,3.0,0.5,1.0,1.0,0.6,-2.9493,2.235,-16068.14,6657.69,1331.54,3,4,32950.57
LICHSGFIN26JUNFUT,0.05,0.002,3.0,0.5,1.0,1.5,0.4,6.6787,4.6225,21438.25,122322.74,24464.55,4,4,44896.99
LICHSGFIN26JUNFUT,0.05,0.002,3.0,0.5,1.0,1.5,0.5,6.7789,4.795,23959.44,124853.92,24970.78,4,4,45077.94
LICHSGFIN26JUNFUT,0.05,0.002,3.0,0.5,1.0,1.5,0.6,6.7498,4.96,25279.44,123596.44,24719.29,4,4,44091.7
LICHSGFIN26JUNFUT,0.05,0.002,3.0,0.5,1.0,2.0,0.4,-0.7316,-0.4375,-119540.89,-12089.98,-2418.0,3,4,71303.04
LICHSGFIN26JUNFUT,0.05,0.002,3.0,0.5,1.0,2.0,0.5,-0.7368,-0.435,-119753.11,-12292.2,-2458.44,3,4,71314.75
LICHSGFIN26JUNFUT,0.05,0.002,3.0,0.5,1.0,2.0,0.6,-0.6446,-0.3725,-117004.55,-9133.85,-1826.77,3,4,71339.99
JSWSTEEL26JUNFUT,0.05,0.002,1.5,0.2,0.3,1.0,0.4,1.3701,7.365,107701.28,145929.86,29185.97,4,4,58664.12
JSWSTEEL26JUNFUT,0.05,0.002,1.5,0.2,0.3,1.0,0.5,1.3203,7.2775,104281.04,142543.37,28508.67,4,4,57749.99
JSWSTEEL26JUNFUT,0.05,0.002,1.5,0.2,0.3,1.0,0.6,1.4166,7.22,103935.86,141435.07,28287.01,4,4,57815.66
JSWSTEEL26JUNFUT,0.05,0.002,1.5,0.2,0.3,1.5,0.4,-1.4869,5.7825,144376.0,143657.62,28731.52,3,4,52927.8
JSWSTEEL26JUNFUT,0.05,0.002,1.5,0.2,0.3,1.5,0.5,-1.0323,5.785,145075.41,146330.02,29266.0,4,4,52478.4
JSWSTEEL26JUNFUT,0.05,0.002,1.5,0.2,0.3,1.5,0.6,-0.8348,5.785,144648.12,146382.22,29276.44,4,4,50075.67
JSWSTEEL26JUNFUT,0.05,0.002,1.5,0.2,0.3,2.0,0.4,-8.1605,3.5725,-118185.57,-107892.31,-21578.46,3,4,71642.69
JSWSTEEL26JUNFUT,0.05,0.002,1.5,0.2,0.3,2.0,0.5,-7.9314,3.5825,-115850.0,-103406.4,-20681.28,3,4,72114.94
JSWSTEEL26JUNFUT,0.05,0.002,1.5,0.2,0.3,2.0,0.6,-6.8265,3.56,-117100.37,-91283.89,-18256.78,3,4,73900.91
JSWSTEEL26JUNFUT,0.05,0.002,1.5,0.2,0.5,1.0,0.4,1.3601,7.34,107572.71,145801.29,29160.26,4,4,58708.01
JSWSTEEL26JUNFUT,0.05,0.002,1.5,0.2,0.5,1.0,0.5,1.3197,7.2775,104274.29,142536.62,28507.32,4,4,57750.55
JSWSTEEL26JUNFUT,0.05,0.002,1.5,0.2,0.5,1.0,0.6,1.4166,7.22,103935.86,141435.07,28287.01,4,4,57815.66
JSWSTEEL26JUNFUT,0.05,0.002,1.5,0.2,0.5,1.5,0.4,-1.5047,5.78,141588.12,140869.75,28173.95,3,4,52154.83
JSWSTEEL26JUNFUT,0.05,0.002,1.5,0.2,0.5,1.5,0.5,-1.0495,5.7775,142287.53,143542.14,28708.43,4,4,51706.36
JSWSTEEL26JUNFUT,0.05,0.002,1.5,0.2,0.5,1.5,0.6,-0.8348,5.785,144654.87,146388.96,29277.79,4,4,50077.56
JSWSTEEL26JUNFUT,0.05,0.002,1.5,0.2,0.5,2.0,0.4,-8.162,3.5725,-118199.07,-107919.32,-21583.86,3,4,71647.57
JSWSTEEL26JUNFUT,0.05,0.002,1.5,0.2,0.5,2.0,0.5,-7.9328,3.5825,-115850.0,-103419.91,-20683.98,3,4,72114.49
JSWSTEEL26JUNFUT,0.05,0.002,1.5,0.2,0.5,2.0,0.6,-6.8265,3.56,-117100.37,-91283.89,-18256.78,3,4,73900.91
JSWSTEEL26JUNFUT,0.05,0.002,1.5,0.2,1.0,1.0,0.4,1.3601,7.34,107579.45,145808.03,29161.61,4,4,58709.55
JSWSTEEL26JUNFUT,0.05,0.002,1.5,0.2,1.0,1.0,0.5,1.3198,7.2775,104281.03,142543.36,28508.67,4,4,57752.12
JSWSTEEL26JUNFUT,0.05,0.002,1.5,0.2,1.0,1.0,0.6,1.4166,7.22,103935.86,141435.07,28287.01,4,4,57815.66
JSWSTEEL26JUNFUT,0.05,0.002,1.5,0.2,1.0,1.5,0.4,-1.5047,5.78,141588.12,140869.74,28173.95,3,4,52154.83
JSWSTEEL26JUNFUT,0.05,0.002,1.5,0.2,1.0,1.5,0.5,-1.0495,5.7775,142287.52,143542.13,28708.43,4,4,51706.36
JSWSTEEL26JUNFUT,0.05,0.002,1.5,0.2,1.0,1.5,0.6,-0.8348,5.785,144654.87,146388.96,29277.79,4,4,50077.56
JSWSTEEL26JUNFUT,0.05,0.002,1.5,0.2,1.0,2.0,0.4,-8.1629,3.5725,-118205.82,-107932.82,-21586.56,3,4,71646.79
JSWSTEEL26JUNFUT,0.05,0.002,1.5,0.2,1.0,2.0,0.5,-7.9337,3.5825,-115856.75,-103433.41,-20686.68,3,4,72113.71
JSWSTEEL26JUNFUT,0.05,0.002,1.5,0.2,1.0,2.0,0.6,-6.8267,3.56,-117107.12,-91290.64,-18258.13,3,4,73900.8
JSWSTEEL26JUNFUT,0.05,0.002,1.5,0.3,0.3,1.0,0.4,1.3701,7.365,107701.28,145929.86,29185.97,4,4,58664.12
JSWSTEEL26JUNFUT,0.05,0.002,1.5,0.3,0.3,1.0,0.5,1.3203,7.2775,104281.04,142543.37,28508.67,4,4,57749.99
JSWSTEEL26JUNFUT,0.05,0.002,1.5,0.3,0.3,1.0,0.6,1.4166,7.22,103935.86,141435.07,28287.01,4,4,57815.66
JSWSTEEL26JUNFUT,0.05,0.002,1.5,0.3,0.3,1.5,0.4,-1.4869,5.7825,144376.0,143657.62,28731.52,3,4,52927.8
JSWSTEEL26JUNFUT,0.05,0.002,1.5,0.3,0.3,1.5,0.5,-1.0323,5.785,145075.41,146330.02,29266.0,4,4,52478.4
JSWSTEEL26JUNFUT,0.05,0.002,1.5,0.3,0.3,1.5,0.6,-0.8348,5.785,144648.12,146382.22,29276.44,4,4,50075.67
JSWSTEEL26JUNFUT,0.05,0.002,1.5,0.3,0.3,2.0,0.4,-8.1605,3.5725,-118185.57,-107892.31,-21578.46,3,4,71642.69
JSWSTEEL26JUNFUT,0.05,0.002,1.5,0.3,0.3,2.0,0.5,-7.9314,3.5825,-115850.0,-103406.4,-20681.28,3,4,72114.94
JSWSTEEL26JUNFUT,0.05,0.002,1.5,0.3,0.3,2.0,0.6,-6.8265,3.56,-117100.37,-91283.89,-18256.78,3,4,73900.91
JSWSTEEL26JUNFUT,0.05,0.002,1.5,0.3,0.5,1.0,0.4,1.3601,7.34,107572.71,145801.29,29160.26,4,4,58708.01
JSWSTEEL26JUNFUT,0.05,0.002,1.5,0.3,0.5,1.0,0.5,1.3197,7.2775,104274.29,142536.62,28507.32,4,4,57750.55
JSWSTEEL26JUNFUT,0.05,0.002,1.5,0.3,0.5,1.0,0.6,1.4166,7.22,103935.86,141435.07,28287.01,4,4,57815.66
JSWSTEEL26JUNFUT,0.05,0.002,1.5,0.3,0.5,1.5,0.4,-1.5047,5.78,141588.12,140869.75,28173.95,3,4,52154.83
JSWSTEEL26JUNFUT,0.05,0.002,1.5,0.3,0.5,1.5,0.5,-1.0495,5.7775,142287.53,143542.14,28708.43,4,4,51706.36
JSWSTEEL26JUNFUT,0.05,0.002,1.5,0.3,0.5,1.5,0.6,-0.8348,5.785,144654.87,146388.96,29277.79,4,4,50077.56
JSWSTEEL26JUNFUT,0.05,0.002,1.5,0.3,0.5,2.0,0.4,-8.162,3.5725,-118199.07,-107919.32,-21583.86,3,4,71647.57
JSWSTEEL26JUNFUT,0.05,0.002,1.5,0.3,0.5,2.0,0.5,-7.9328,3.5825,-115850.0,-103419.91,-20683.98,3,4,72114.49
JSWSTEEL26JUNFUT,0.05,0.002,1.5,0.3,0.5,2.0,0.6,-6.8265,3.56,-117100.37,-91283.89,-18256.78,3,4,73900.91
JSWSTEEL26JUNFUT,0.05,0.002,1.5,0.3,1.0,1.0,0.4,1.3601,7.34,107579.45,145808.03,29161.61,4,4,58709.55
JSWSTEEL26JUNFUT,0.05,0.002,1.5,0.3,1.0,1.0,0.5,1.3198,7.2775,104281.03,142543.36,28508.67,4,4,57752.12
JSWSTEEL26JUNFUT,0.05,0.002,1.5,0.3,1.0,1.0,0.6,1.4166,7.22,103935.86,141435.07,28287.01,4,4,57815.66
JSWSTEEL26JUNFUT,0.05,0.002,1.5,0.3,1.0,1.5,0.4,-1.5047,5.78,141588.12,140869.74,28173.95,3,4,52154.83
JSWSTEEL26JUNFUT,0.05,0.002,1.5,0.3,1.0,1.5,0.5,-1.0495,5.7775,142287.52,143542.13,28708.43,4,4,51706.36
JSWSTEEL26JUNFUT,0.05,0.002,1.5,0.3,1.0,1.5,0.6,-0.8348,5.785,144654.87,146388.96,29277.79,4,4,50077.56
JSWSTEEL26JUNFUT,0.05,0.002,1.5,0.3,1.0,2.0,0.4,-8.1629,3.5725,-118205.82,-107932.82,-21586.56,3,4,71646.79
JSWSTEEL26JUNFUT,0.05,0.002,1.5,0.3,1.0,2.0,0.5,-7.9337,3.5825,-115856.75,-103433.41,-20686.68,3,4,72113.71
JSWSTEEL26JUNFUT,0.05,0.002,1.5,0.3,1.0,2.0,0.6,-6.8267,3.56,-117107.12,-91290.64,-18258.13,3,4,73900.8
JSWSTEEL26JUNFUT,0.05,0.002,1.5,0.5,0.3,1.0,0.4,1.3701,7.365,107701.28,145929.86,29185.97,4,4,58664.12
JSWSTEEL26JUNFUT,0.05,0.002,1.5,0.5,0.3,1.0,0.5,1.3203,7.2775,104281.04,142543.37,28508.67,4,4,57749.99
JSWSTEEL26JUNFUT,0.05,0.002,1.5,0.5,0.3,1.0,0.6,1.4166,7.22,103935.86,141435.07,28287.01,4,4,57815.66
JSWSTEEL26JUNFUT,0.05,0.002,1.5,0.5,0.3,1.5,0.4,-1.4869,5.7825,144376.0,143657.62,28731.52,3,4,52927.8
JSWSTEEL26JUNFUT,0.05,0.002,1.5,0.5,0.3,1.5,0.5,-1.0323,5.785,145075.41,146330.02,29266.0,4,4,52478.4
JSWSTEEL26JUNFUT,0.05,0.002,1.5,0.5,0.3,1.5,0.6,-0.8348,5.785,144648.12,146382.22,29276.44,4,4,50075.67
JSWSTEEL26JUNFUT,0.05,0.002,1.5,0.5,0.3,2.0,0.4,-8.1605,3.5725,-118185.57,-107892.31,-21578.46,3,4,71642.69
JSWSTEEL26JUNFUT,0.05,0.002,1.5,0.5,0.3,2.0,0.5,-7.9314,3.5825,-115850.0,-103406.4,-20681.28,3,4,72114.94
JSWSTEEL26JUNFUT,0.05,0.002,1.5,0.5,0.3,2.0,0.6,-6.8265,3.56,-117100.37,-91283.89,-18256.78,3,4,73900.91
JSWSTEEL26JUNFUT,0.05,0.002,1.5,0.5,0.5,1.0,0.4,1.3601,7.34,107572.71,145801.29,29160.26,4,4,58708.01
JSWSTEEL26JUNFUT,0.05,0.002,1.5,0.5,0.5,1.0,0.5,1.3197,7.2775,104274.29,142536.62,28507.32,4,4,57750.55
JSWSTEEL26JUNFUT,0.05,0.002,1.5,0.5,0.5,1.0,0.6,1.4166,7.22,103935.86,141435.07,28287.01,4,4,57815.66
JSWSTEEL26JUNFUT,0.05,0.002,1.5,0.5,0.5,1.5,0.4,-1.5047,5.78,141588.12,140869.75,28173.95,3,4,52154.83
JSWSTEEL26JUNFUT,0.05,0.002,1.5,0.5,0.5,1.5,0.5,-1.0495,5.7775,142287.53,143542.14,28708.43,4,4,51706.36
JSWSTEEL26JUNFUT,0.05,0.002,1.5,0.5,0.5,1.5,0.6,-0.8348,5.785,144654.87,146388.96,29277.79,4,4,50077.56
JSWSTEEL26JUNFUT,0.05,0.002,1.5,0.5,0.5,2.0,0.4,-8.162,3.5725,-118199.07,-107919.32,-21583.86,3,4,71647.57
JSWSTEEL26JUNFUT,0.05,0.002,1.5,0.5,0.5,2.0,0.5,-7.9328,3.5825,-115850.0,-103419.91,-20683.98,3,4,72114.49
JSWSTEEL26JUNFUT,0.05,0.002,1.5,0.5,0.5,2.0,0.6,-6.8265,3.56,-117100.37,-91283.89,-18256.78,3,4,73900.91
JSWSTEEL26JUNFUT,0.05,0.002,1.5,0.5,1.0,1.0,0.4,1.3601,7.34,107579.45,145808.03,29161.61,4,4,58709.55
JSWSTEEL26JUNFUT,0.05,0.002,1.5,0.5,1.0,1.0,0.5,1.3198,7.2775,104281.03,142543.36,28508.67,4,4,57752.12
JSWSTEEL26JUNFUT,0.05,0.002,1.5,0.5,1.0,1.0,0.6,1.4166,7.22,103935.86,141435.07,28287.01,4,4,57815.66
JSWSTEEL26JUNFUT,0.05,0.002,1.5,0.5,1.0,1.5,0.4,-1.5047,5.78,141588.12,140869.74,28173.95,3,4,52154.83
JSWSTEEL26JUNFUT,0.05,0.002,1.5,0.5,1.0,1.5,0.5,-1.0495,5.7775,142287.52,143542.13,28708.43,4,4,51706.36
JSWSTEEL26JUNFUT,0.05,0.002,1.5,0.5,1.0,1.5,0.6,-0.8348,5.785,144654.87,146388.96,29277.79,4,4,50077.56
JSWSTEEL26JUNFUT,0.05,0.002,1.5,0.5,1.0,2.0,0.4,-8.1629,3.5725,-118205.82,-107932.82,-21586.56,3,4,71646.79
JSWSTEEL26JUNFUT,0.05,0.002,1.5,0.5,1.0,2.0,0.5,-7.9337,3.5825,-115856.75,-103433.41,-20686.68,3,4,72113.71
JSWSTEEL26JUNFUT,0.05,0.002,1.5,0.5,1.0,2.0,0.6,-6.8267,3.56,-117107.12,-91290.64,-18258.13,3,4,73900.8
MARUTI26JUNFUT,0.1,0.001,2.0,0.2,0.3,1.0,0.4,-7.5501,1.7075,-211559.67,-166456.28,-33291.26,3,4,72260.1
MARUTI26JUNFUT,0.1,0.001,2.0,0.2,0.3,1.0,0.5,-7.5501,1.7075,-211559.67,-166456.28,-33291.26,3,4,72260.1
MARUTI26JUNFUT,0.1,0.001,2.0,0.2,0.3,1.0,0.6,-7.55,1.7075,-211555.67,-166452.28,-33290.46,3,4,72260.65
MARUTI26JUNFUT,0.1,0.001,2.0,0.2,0.3,1.5,0.4,-7.5501,1.7075,-211559.67,-166456.28,-33291.26,3,4,72260.1
MARUTI26JUNFUT,0.1,0.001,2.0,0.2,0.3,1.5,0.5,-7.5501,1.7075,-211559.67,-166456.28,-33291.26,3,4,72260.1
MARUTI26JUNFUT,0.1,0.001,2.0,0.2,0.3,1.5,0.6,-7.5501,1.7075,-211559.67,-166456.28,-33291.26,3,4,72260.1
MARUTI26JUNFUT,0.1,0.001,2.0,0.2,0.3,2.0,0.4,-7.5501,1.7075,-211559.67,-166456.28,-33291.26,3,4,72260.1
MARUTI26JUNFUT,0.1,0.001,2.0,0.2,0.3,2.0,0.5,-7.5501,1.7075,-211559.67,-166456.28,-33291.26,3,4,72260.1
MARUTI26JUNFUT,0.1,0.001,2.0,0.2,0.3,2.0,0.6,-7.5501,1.7075,-211559.67,-166456.28,-33291.26,3,4,72260.1
MARUTI26JUNFUT,0.1,0.001,2.0,0.2,0.5,1.0,0.4,-7.5501,1.7075,-211559.67,-166456.28,-33291.26,3,4,72260.1
MARUTI26JUNFUT,0.1,0.001,2.0,0.2,0.5,1.0,0.5,-7.5501,1.7075,-211559.67,-166456.28,-33291.26,3,4,72260.1
MARUTI26JUNFUT,0.1,0.001,2.0,0.2,0.5,1.0,0.6,-7.55,1.7075,-211555.67,-166452.28,-33290.46,3,4,72260.65
MARUTI26JUNFUT,0.1,0.001,2.0,0.2,0.5,1.5,0.4,-7.5501,1.7075,-211559.67,-166456.28,-33291.26,3,4,72260.1
MARUTI26JUNFUT,0.1,0.001,2.0,0.2,0.5,1.5,0.5,-7.5501,1.7075,-211559.67,-166456.28,-33291.26,3,4,72260.1
MARUTI26JUNFUT,0.1,0.001,2.0,0.2,0.5,1.5,0.6,-7.5501,1.7075,-211559.67,-166456.28,-33291.26,3,4,72260.1
MARUTI26JUNFUT,0.1,0.001,2.0,0.2,0.5,2.0,0.4,-7.5501,1.7075,-211559.67,-166456.28,-33291.26,3,4,72260.1
MARUTI26JUNFUT,0.1,0.001,2.0,0.2,0.5,2.0,0.5,-7.5501,1.7075,-211559.67,-166456.28,-33291.26,3,4,72260.1
MARUTI26JUNFUT,0.1,0.001,2.0,0.2,0.5,2.0,0.6,-7.5501,1.7075,-211559.67,-166456.28,-33291.26,3,4,72260.1
MARUTI26JUNFUT,0.1,0.001,2.0,0.2,1.0,1.0,0.4,-7.5501,1.7075,-211559.67,-166456.28,-33291.26,3,4,72260.1
MARUTI26JUNFUT,0.1,0.001,2.0,0.2,1.0,1.0,0.5,-7.5501,1.7075,-211559.67,-166456.28,-33291.26,3,4,72260.1
MARUTI26JUNFUT,0.1,0.001,2.0,0.2,1.0,1.0,0.6,-7.55,1.7075,-211555.67,-166452.28,-33290.46,3,4,72260.65
MARUTI26JUNFUT,0.1,0.001,2.0,0.2,1.0,1.5,0.4,-7.5501,1.7075,-211559.67,-166456.28,-33291.26,3,4,72260.1
MARUTI26JUNFUT,0.1,0.001,2.0,0.2,1.0,1.5,0.5,-7.5501,1.7075,-211559.67,-166456.28,-33291.26,3,4,72260.1
MARUTI26JUNFUT,0.1,0.001,2.0,0.2,1.0,1.5,0.6,-7.5501,1.7075,-211559.67,-166456.28,-33291.26,3,4,72260.1
MARUTI26JUNFUT,0.1,0.001,2.0,0.2,1.0,2.0,0.4,-7.5501,1.7075,-211559.67,-166456.28,-33291.26,3,4,72260.1
MARUTI26JUNFUT,0.1,0.001,2.0,0.2,1.0,2.0,0.5,-7.5501,1.7075,-211559.67,-166456.28,-33291.26,3,4,72260.1
MARUTI26JUNFUT,0.1,0.001,2.0,0.2,1.0,2.0,0.6,-7.5501,1.7075,-211559.67,-166456.28,-33291.26,3,4,72260.1
MARUTI26JUNFUT,0.1,0.001,2.0,0.3,0.3,1.0,0.4,-7.5501,1.7075,-211559.67,-166456.28,-33291.26,3,4,72260.1
MARUTI26JUNFUT,0.1,0.001,2.0,0.3,0.3,1.0,0.5,-7.5501,1.7075,-211559.67,-166456.28,-33291.26,3,4,72260.1
MARUTI26JUNFUT,0.1,0.001,2.0,0.3,0.3,1.0,0.6,-7.55,1.7075,-211555.67,-166452.28,-33290.46,3,4,72260.65
MARUTI26JUNFUT,0.1,0.001,2.0,0.3,0.3,1.5,0.4,-7.5501,1.7075,-211559.67,-166456.28,-33291.26,3,4,72260.1
MARUTI26JUNFUT,0.1,0.001,2.0,0.3,0.3,1.5,0.5,-7.5501,1.7075,-211559.67,-166456.28,-33291.26,3,4,72260.1
MARUTI26JUNFUT,0.1,0.001,2.0,0.3,0.3,1.5,0.6,-7.5501,1.7075,-211559.67,-166456.28,-33291.26,3,4,72260.1
MARUTI26JUNFUT,0.1,0.001,2.0,0.3,0.3,2.0,0.4,-7.5501,1.7075,-211559.67,-166456.28,-33291.26,3,4,72260.1
MARUTI26JUNFUT,0.1,0.001,2.0,0.3,0.3,2.0,0.5,-7.5501,1.7075,-211559.67,-166456.28,-33291.26,3,4,72260.1
MARUTI26JUNFUT,0.1,0.001,2.0,0.3,0.3,2.0,0.6,-7.5501,1.7075,-211559.67,-166456.28,-33291.26,3,4,72260.1
MARUTI26JUNFUT,0.1,0.001,2.0,0.3,0.5,1.0,0.4,-7.5501,1.7075,-211559.67,-166456.28,-33291.26,3,4,72260.1
MARUTI26JUNFUT,0.1,0.001,2.0,0.3,0.5,1.0,0.5,-7.5501,1.7075,-211559.67,-166456.28,-33291.26,3,4,72260.1
MARUTI26JUNFUT,0.1,0.001,2.0,0.3,0.5,1.0,0.6,-7.55,1.7075,-211555.67,-166452.28,-33290.46,3,4,72260.65
MARUTI26JUNFUT,0.1,0.001,2.0,0.3,0.5,1.5,0.4,-7.5501,1.7075,-211559.67,-166456.28,-33291.26,3,4,72260.1
MARUTI26JUNFUT,0.1,0.001,2.0,0.3,0.5,1.5,0.5,-7.5501,1.7075,-211559.67,-166456.28,-33291.26,3,4,72260.1
MARUTI26JUNFUT,0.1,0.001,2.0,0.3,0.5,1.5,0.6,-7.5501,1.7075,-211559.67,-166456.28,-33291.26,3,4,72260.1
MARUTI26JUNFUT,0.1,0.001,2.0,0.3,0.5,2.0,0.4,-7.5501,1.7075,-211559.67,-166456.28,-33291.26,3,4,72260.1
MARUTI26JUNFUT,0.1,0.001,2.0,0.3,0.5,2.0,0.5,-7.5501,1.7075,-211559.67,-166456.28,-33291.26,3,4,72260.1
MARUTI26JUNFUT,0.1,0.001,2.0,0.3,0.5,2.0,0.6,-7.5501,1.7075,-211559.67,-166456.28,-33291.26,3,4,72260.1
MARUTI26JUNFUT,0.1,0.001,2.0,0.3,1.0,1.0,0.4,-7.5501,1.7075,-211559.67,-166456.28,-33291.26,3,4,72260.1
MARUTI26JUNFUT,0.1,0.001,2.0,0.3,1.0,1.0,0.5,-7.5501,1.7075,-211559.67,-166456.28,-33291.26,3,4,72260.1
MARUTI26JUNFUT,0.1,0.001,2.0,0.3,1.0,1.0,0.6,-7.55,1.7075,-211555.67,-166452.28,-33290.46,3,4,72260.65
MARUTI26JUNFUT,0.1,0.001,2.0,0.3,1.0,1.5,0.4,-7.5501,1.7075,-211559.67,-166456.28,-33291.26,3,4,72260.1
MARUTI26JUNFUT,0.1,0.001,2.0,0.3,1.0,1.5,0.5,-7.5501,1.7075,-211559.67,-166456.28,-33291.26,3,4,72260.1
MARUTI26JUNFUT,0.1,0.001,2.0,0.3,1.0,1.5,0.6,-7.5501,1.7075,-211559.67,-166456.28,-33291.26,3,4,72260.1
MARUTI26JUNFUT,0.1,0.001,2.0,0.3,1.0,2.0,0.4,-7.5501,1.7075,-211559.67,-166456.28,-33291.26,3,4,72260.1
MARUTI26JUNFUT,0.1,0.001,2.0,0.3,1.0,2.0,0.5,-7.5501,1.7075,-211559.67,-166456.28,-33291.26,3,4,72260.1
MARUTI26JUNFUT,0.1,0.001,2.0,0.3,1.0,2.0,0.6,-7.5501,1.7075,-211559.67,-166456.28,-33291.26,3,4,72260.1
MARUTI26JUNFUT,0.1,0.001,2.0,0.5,0.3,1.0,0.4,-7.5501,1.7075,-211559.67,-166456.28,-33291.26,3,4,72260.1
MARUTI26JUNFUT,0.1,0.001,2.0,0.5,0.3,1.0,0.5,-7.5501,1.7075,-211559.67,-166456.28,-33291.26,3,4,72260.1
MARUTI26JUNFUT,0.1,0.001,2.0,0.5,0.3,1.0,0.6,-7.55,1.7075,-211555.67,-166452.28,-33290.46,3,4,72260.65
MARUTI26JUNFUT,0.1,0.001,2.0,0.5,0.3,1.5,0.4,-7.5501,1.7075,-211559.67,-166456.28,-33291.26,3,4,72260.1
MARUTI26JUNFUT,0.1,0.001,2.0,0.5,0.3,1.5,0.5,-7.5501,1.7075,-211559.67,-166456.28,-33291.26,3,4,72260.1
MARUTI26JUNFUT,0.1,0.001,2.0,0.5,0.3,1.5,0.6,-7.5501,1.7075,-211559.67,-166456.28,-33291.26,3,4,72260.1
MARUTI26JUNFUT,0.1,0.001,2.0,0.5,0.3,2.0,0.4,-7.5501,1.7075,-211559.67,-166456.28,-33291.26,3,4,72260.1
MARUTI26JUNFUT,0.1,0.001,2.0,0.5,0.3,2.0,0.5,-7.5501,1.7075,-211559.67,-166456.28,-33291.26,3,4,72260.1
MARUTI26JUNFUT,0.1,0.001,2.0,0.5,0.3,2.0,0.6,-7.5501,1.7075,-211559.67,-166456.28,-33291.26,3,4,72260.1
MARUTI26JUNFUT,0.1,0.001,2.0,0.5,0.5,1.0,0.4,-7.5501,1.7075,-211559.67,-166456.28,-33291.26,3,4,72260.1
MARUTI26JUNFUT,0.1,0.001,2.0,0.5,0.5,1.0,0.5,-7.5501,1.7075,-211559.67,-166456.28,-33291.26,3,4,72260.1
MARUTI26JUNFUT,0.1,0.001,2.0,0.5,0.5,1.0,0.6,-7.55,1.7075,-211555.67,-166452.28,-33290.46,3,4,72260.65
MARUTI26JUNFUT,0.1,0.001,2.0,0.5,0.5,1.5,0.4,-7.5501,1.7075,-211559.67,-166456.28,-33291.26,3,4,72260.1
MARUTI26JUNFUT,0.1,0.001,2.0,0.5,0.5,1.5,0.5,-7.5501,1.7075,-211559.67,-166456.28,-33291.26,3,4,72260.1
MARUTI26JUNFUT,0.1,0.001,2.0,0.5,0.5,1.5,0.6,-7.5501,1.7075,-211559.67,-166456.28,-33291.26,3,4,72260.1
MARUTI26JUNFUT,0.1,0.001,2.0,0.5,0.5,2.0,0.4,-7.5501,1.7075,-211559.67,-166456.28,-33291.26,3,4,72260.1
MARUTI26JUNFUT,0.1,0.001,2.0,0.5,0.5,2.0,0.5,-7.5501,1.7075,-211559.67,-166456.28,-33291.26,3,4,72260.1
MARUTI26JUNFUT,0.1,0.001,2.0,0.5,0.5,2.0,0.6,-7.5501,1.7075,-211559.67,-166456.28,-33291.26,3,4,72260.1
MARUTI26JUNFUT,0.1,0.001,2.0,0.5,1.0,1.0,0.4,-7.5501,1.7075,-211559.67,-166456.28,-33291.26,3,4,72260.1
MARUTI26JUNFUT,0.1,0.001,2.0,0.5,1.0,1.0,0.5,-7.5501,1.7075,-211559.67,-166456.28,-33291.26,3,4,72260.1
MARUTI26JUNFUT,0.1,0.001,2.0,0.5,1.0,1.0,0.6,-7.55,1.7075,-211555.67,-166452.28,-33290.46,3,4,72260.65
MARUTI26JUNFUT,0.1,0.001,2.0,0.5,1.0,1.5,0.4,-7.5501,1.7075,-211559.67,-166456.28,-33291.26,3,4,72260.1
MARUTI26JUNFUT,0.1,0.001,2.0,0.5,1.0,1.5,0.5,-7.5501,1.7075,-211559.67,-166456.28,-33291.26,3,4,72260.1
MARUTI26JUNFUT,0.1,0.001,2.0,0.5,1.0,1.5,0.6,-7.5501,1.7075,-211559.67,-166456.28,-33291.26,3,4,72260.1
MARUTI26JUNFUT,0.1,0.001,2.0,0.5,1.0,2.0,0.4,-7.5501,1.7075,-211559.67,-166456.28,-33291.26,3,4,72260.1
MARUTI26JUNFUT,0.1,0.001,2.0,0.5,1.0,2.0,0.5,-7.5501,1.7075,-211559.67,-166456.28,-33291.26,3,4,72260.1
MARUTI26JUNFUT,0.1,0.001,2.0,0.5,1.0,2.0,0.6,-7.5501,1.7075,-211559.67,-166456.28,-33291.26,3,4,72260.1
LUPIN26JUNFUT,0.1,0.001,2.0,0.2,0.3,1.0,0.4,6.9544,8.675,116458.55,114545.59,22909.12,3,4,27924.07
LUPIN26JUNFUT,0.1,0.001,2.0,0.2,0.3,1.0,0.5,6.9056,8.6825,116256.32,114343.37,22868.67,3,4,27914.51
LUPIN26JUNFUT,0.1,0.001,2.0,0.2,0.3,1.0,0.6,8.7902,7.9725,92065.57,96334.3,19266.86,4,4,25349.7
LUPIN26JUNFUT,0.1,0.001,2.0,0.2,0.3,1.5,0.4,-0.188,5.6525,-45287.14,-3993.56,-798.71,2,4,42489.37
LUPIN26JUNFUT,0.1,0.001,2.0,0.2,0.3,1.5,0.5,-0.1879,5.655,-45257.4,-3963.82,-792.76,2,4,42495.33
LUPIN26JUNFUT,0.1,0.001,2.0,0.2,0.3,1.5,0.6,-0.266,5.58,-49869.98,-9045.13,-1809.03,2,4,42816.71
LUPIN26JUNFUT,0.1,0.001,2.0,0.2,0.3,2.0,0.4,-8.2517,5.5125,-63670.23,-85775.1,-17155.02,2,4,42484.1
LUPIN26JUNFUT,0.1,0.001,2.0,0.2,0.3,2.0,0.5,-8.2515,5.5125,-63657.49,-85762.36,-17152.47,2,4,42486.12
LUPIN26JUNFUT,0.1,0.001,2.0,0.2,0.3,2.0,0.6,-8.3182,5.605,-49141.07,-71756.19,-14351.24,2,4,47388.8
LUPIN26JUNFUT,0.1,0.001,2.0,0.2,0.5,1.0,0.4,6.954,8.675,116445.8,114532.85,22906.57,3,4,27921.73
LUPIN26JUNFUT,0.1,0.001,2.0,0.2,0.5,1.0,0.5,6.9052,8.6825,116243.58,114330.62,22866.12,3,4,27912.13
LUPIN26JUNFUT,0.1,0.001,2.0,0.2,0.5,1.0,0.6,8.7902,7.9725,92065.57,96334.3,19266.86,4,4,25349.7
LUPIN26JUNFUT,0.1,0.001,2.0,0.2,0.5,1.5,0.4,0.0597,5.69,-43919.62,-2626.04,-525.21,2,4,42412.45
LUPIN26JUNFUT,0.1,0.001,2.0,0.2,0.5,1.5,0.5,0.0597,5.6925,-43889.87,-2596.29,-519.26,2,4,42418.38
LUPIN26JUNFUT,0.1,0.001,2.0,0.2,0.5,1.5,0.6,-0.266,5.58,-49874.23,-9049.38,-1809.88,2,4,42817.68
LUPIN26JUNFUT,0.1,0.001,2.0,0.2,0.5,2.0,0.4,-8.2524,5.5125,-63673.28,-85782.4,-17156.48,2,4,42485.11
LUPIN26JUNFUT,0.1,0.001,2.0,0.2,0.5,2.0,0.5,-8.2522,5.5125,-63660.53,-85769.66,-17153.93,2,4,42487.13
LUPIN26JUNFUT,0.1,0.001,2.0,0.2,0.5,2.0,0.6,-8.3181,5.605,-49145.32,-71760.44,-14352.09,2,4,47390.01
LUPIN26JUNFUT,0.1,0.001,2.0,0.2,1.0,1.0,0.4,6.9554,8.675,116450.05,114537.09,22907.42,3,4,27919.1
LUPIN26JUNFUT,0.1,0.001,2.0,0.2,1.0,1.0,0.5,6.9066,8.6825,116247.82,114334.87,22866.97,3,4,27909.49
LUPIN26JUNFUT,0.1,0.001,2.0,0.2,1.0,1.0,0.6,8.7919,7.9725,92074.07,96342.79,19268.56,4,4,25347.26
LUPIN26JUNFUT,0.1,0.001,2.0,0.2,1.0,1.5,0.4,0.0604,5.69,-43919.62,-2626.04,-525.21,2,4,42411.08
LUPIN26JUNFUT,0.1,0.001,2.0,0.2,1.0,1.5,0.5,0.0605,5.6925,-43885.63,-2592.05,-518.41,2,4,42418.15
LUPIN26JUNFUT,0.1,0.001,2.0,0.2,1.0,1.5,0.6,-0.266,5.58,-49874.23,-9049.38,-1809.88,2,4,42817.68
LUPIN26JUNFUT,0.1,0.001,2.0,0.2,1.0,2.0,0.4,-8.2539,5.5125,-63673.28,-85782.4,-17156.48,2,4,42483.26
LUPIN26JUNFUT,0.1,0.001,2.0,0.2,1.0,2.0,0.5,-8.2538,5.5125,-63660.54,-85769.66,-17153.93,2,4,42485.28
LUPIN26JUNFUT,0.1,0.001,2.0,0.2,1.0,2.0,0.6,-8.3181,5.605,-49145.33,-71760.45,-14352.09,2,4,47390.02
LUPIN26JUNFUT,0.1,0.001,2.0,0.3,0.3,1.0,0.4,6.9544,8.675,116458.55,114545.59,22909.12,3,4,27924.07
LUPIN26JUNFUT,0.1,0.001,2.0,0.3,0.3,1.0,0.5,6.9056,8.6825,116256.32,114343.37,22868.67,3,4,27914.51
LUPIN26JUNFUT,0.1,0.001,2.0,0.3,0.3,1.0,0.6,8.7902,7.9725,92065.57,96334.3,19266.86,4,4,25349.7
LUPIN26JUNFUT,0.1,0.001,2.0,0.3,0.3,1.5,0.4,-0.188,5.6525,-45287.14,-3993.56,-798.71,2,4,42489.37
LUPIN26JUNFUT,0.1,0.001,2.0,0.3,0.3,1.5,0.5,-0.1879,5.655,-45257.4,-3963.82,-792.76,2,4,42495.33
LUPIN26JUNFUT,0.1,0.001,2.0,0.3,0.3,1.5,0.6,-0.266,5.58,-49869.98,-9045.13,-1809.03,2,4,42816.71
LUPIN26JUNFUT,0.1,0.001,2.0,0.3,0.3,2.0,0.4,-8.2517,5.5125,-63665.98,-85770.85,-17154.17,2,4,42482.82
LUPIN26JUNFUT,0.1,0.001,2.0,0.3,0.3,2.0,0.5,-8.2516,5.5125,-63653.24,-85758.11,-17151.62,2,4,42484.84
LUPIN26JUNFUT,0.1,0.001,2.0,0.3,0.3,2.0,0.6,-8.3182,5.605,-49141.07,-71756.19,-14351.24,2,4,47388.8
LUPIN26JUNFUT,0.1,0.001,2.0,0.3,0.5,1.0,0.4,6.954,8.675,116445.8,114532.85,22906.57,3,4,27921.73
LUPIN26JUNFUT,0.1,0.001,2.0,0.3,0.5,1.0,0.5,6.9052,8.6825,116243.58,114330.62,22866.12,3,4,27912.13
LUPIN26JUNFUT,0.1,0.001,2.0,0.3,0.5,1.0,0.6,8.7902,7.9725,92065.57,96334.3,19266.86,4,4,25349.7
LUPIN26JUNFUT,0.1,0.001,2.0,0.3,0.5,1.5,0.4,0.0597,5.69,-43919.62,-2626.04,-525.21,2,4,42412.45
LUPIN26JUNFUT,0.1,0.001,2.0,0.3,0.5,1.5,0.5,0.0597,5.6925,-43889.87,-2596.29,-519.26,2,4,42418.38
LUPIN26JUNFUT,0.1,0.001,2.0,0.3,0.5,1.5,0.6,-0.266,5.58,-49874.23,-9049.38,-1809.88,2,4,42817.68
LUPIN26JUNFUT,0.1,0.001,2.0,0.3,0.5,2.0,0.4,-8.2524,5.5125,-63673.28,-85782.4,-17156.48,2,4,42485.11
LUPIN26JUNFUT,0.1,0.001,2.0,0.3,0.5,2.0,0.5,-8.2522,5.5125,-63660.53,-85769.66,-17153.93,2,4,42487.13
LUPIN26JUNFUT,0.1,0.001,2.0,0.3,0.5,2.0,0.6,-8.3181,5.605,-49145.32,-71760.44,-14352.09,2,4,47390.01
LUPIN26JUNFUT,0.1,0.001,2.0,0.3,1.0,1.0,0.4,6.9554,8.675,116450.05,114537.09,22907.42,3,4,27919.1
LUPIN26JUNFUT,0.1,0.001,2.0,0.3,1.0,1.0,0.5,6.9066,8.6825,116247.82,114334.87,22866.97,3,4,27909.49
LUPIN26JUNFUT,0.1,0.001,2.0,0.3,1.0,1.0,0.6,8.7919,7.9725,92074.07,96342.79,19268.56,4,4,25347.26
LUPIN26JUNFUT,0.1,0.001,2.0,0.3,1.0,1.5,0.4,0.0604,5.69,-43919.62,-2626.04,-525.21,2,4,42411.08
LUPIN26JUNFUT,0.1,0.001,2.0,0.3,1.0,1.5,0.5,0.0605,5.6925,-43885.63,-2592.05,-518.41,2,4,42418.15
LUPIN26JUNFUT,0.1,0.001,2.0,0.3,1.0,1.5,0.6,-0.266,5.58,-49874.23,-9049.38,-1809.88,2,4,42817.68
LUPIN26JUNFUT,0.1,0.001,2.0,0.3,1.0,2.0,0.4,-8.2539,5.5125,-63673.28,-85782.4,-17156.48,2,4,42483.26
LUPIN26JUNFUT,0.1,0.001,2.0,0.3,1.0,2.0,0.5,-8.2538,5.5125,-63660.54,-85769.66,-17153.93,2,4,42485.28
LUPIN26JUNFUT,0.1,0.001,2.0,0.3,1.0,2.0,0.6,-8.3181,5.605,-49145.33,-71760.45,-14352.09,2,4,47390.02
LUPIN26JUNFUT,0.1,0.001,2.0,0.5,0.3,1.0,0.4,6.9544,8.675,116458.55,114545.59,22909.12,3,4,27924.07
LUPIN26JUNFUT,0.1,0.001,2.0,0.5,0.3,1.0,0.5,6.9056,8.6825,116256.32,114343.37,22868.67,3,4,27914.51
LUPIN26JUNFUT,0.1,0.001,2.0,0.5,0.3,1.0,0.6,8.7902,7.9725,92065.57,96334.3,19266.86,4,4,25349.7
LUPIN26JUNFUT,0.1,0.001,2.0,0.5,0.3,1.5,0.4,-0.188,5.6525,-45287.14,-3993.56,-798.71,2,4,42489.37
LUPIN26JUNFUT,0.1,0.001,2.0,0.5,0.3,1.5,0.5,-0.1879,5.655,-45257.4,-3963.82,-792.76,2,4,42495.33
LUPIN26JUNFUT,0.1,0.001,2.0,0.5,0.3,1.5,0.6,-0.266,5.58,-49869.98,-9045.13,-1809.03,2,4,42816.71
LUPIN26JUNFUT,0.1,0.001,2.0,0.5,0.3,2.0,0.4,-8.2517,5.5125,-63665.98,-85770.85,-17154.17,2,4,42482.82
LUPIN26JUNFUT,0.1,0.001,2.0,0.5,0.3,2.0,0.5,-8.2516,5.5125,-63653.24,-85758.11,-17151.62,2,4,42484.84
LUPIN26JUNFUT,0.1,0.001,2.0,0.5,0.3,2.0,0.6,-8.3182,5.605,-49141.07,-71756.19,-14351.24,2,4,47388.8
LUPIN26JUNFUT,0.1,0.001,2.0,0.5,0.5,1.0,0.4,6.954,8.675,116445.8,114532.85,22906.57,3,4,27921.73
LUPIN26JUNFUT,0.1,0.001,2.0,0.5,0.5,1.0,0.5,6.9052,8.6825,116243.58,114330.62,22866.12,3,4,27912.13
LUPIN26JUNFUT,0.1,0.001,2.0,0.5,0.5,1.0,0.6,8.7902,7.9725,92065.57,96334.3,19266.86,4,4,25349.7
LUPIN26JUNFUT,0.1,0.001,2.0,0.5,0.5,1.5,0.4,0.0597,5.69,-43919.62,-2626.04,-525.21,2,4,42412.45
LUPIN26JUNFUT,0.1,0.001,2.0,0.5,0.5,1.5,0.5,0.0597,5.6925,-43889.87,-2596.29,-519.26,2,4,42418.38
LUPIN26JUNFUT,0.1,0.001,2.0,0.5,0.5,1.5,0.6,-0.266,5.58,-49874.23,-9049.38,-1809.88,2,4,42817.68
LUPIN26JUNFUT,0.1,0.001,2.0,0.5,0.5,2.0,0.4,-8.2524,5.5125,-63673.28,-85782.4,-17156.48,2,4,42485.11
LUPIN26JUNFUT,0.1,0.001,2.0,0.5,0.5,2.0,0.5,-8.2522,5.5125,-63660.53,-85769.66,-17153.93,2,4,42487.13
LUPIN26JUNFUT,0.1,0.001,2.0,0.5,0.5,2.0,0.6,-8.3181,5.605,-49145.32,-71760.44,-14352.09,2,4,47390.01
LUPIN26JUNFUT,0.1,0.001,2.0,0.5,1.0,1.0,0.4,6.9554,8.675,116450.05,114537.09,22907.42,3,4,27919.1
LUPIN26JUNFUT,0.1,0.001,2.0,0.5,1.0,1.0,0.5,6.9066,8.6825,116247.82,114334.87,22866.97,3,4,27909.49
LUPIN26JUNFUT,0.1,0.001,2.0,0.5,1.0,1.0,0.6,8.7919,7.9725,92074.07,96342.79,19268.56,4,4,25347.26
LUPIN26JUNFUT,0.1,0.001,2.0,0.5,1.0,1.5,0.4,0.0604,5.69,-43919.62,-2626.04,-525.21,2,4,42411.08
LUPIN26JUNFUT,0.1,0.001,2.0,0.5,1.0,1.5,0.5,0.0605,5.6925,-43885.63,-2592.05,-518.41,2,4,42418.15
LUPIN26JUNFUT,0.1,0.001,2.0,0.5,1.0,1.5,0.6,-0.266,5.58,-49874.23,-9049.38,-1809.88,2,4,42817.68
LUPIN26JUNFUT,0.1,0.001,2.0,0.5,1.0,2.0,0.4,-8.2539,5.5125,-63673.28,-85782.4,-17156.48,2,4,42483.26
LUPIN26JUNFUT,0.1,0.001,2.0,0.5,1.0,2.0,0.5,-8.2538,5.5125,-63660.54,-85769.66,-17153.93,2,4,42485.28
LUPIN26JUNFUT,0.1,0.001,2.0,0.5,1.0,2.0,0.6,-8.3181,5.605,-49145.33,-71760.45,-14352.09,2,4,47390.02
LT26JUNFUT,0.1,0.001,2.0,0.2,0.3,1.0,0.4,-36.8607,4.1525,-195122.82,-212975.5,-42595.1,0,4,25219.94
LT26JUNFUT,0.1,0.001,2.0,0.2,0.3,1.0,0.5,-467.5839,4.045,-196438.85,-213521.26,-42704.25,0,4,26303.19
LT26JUNFUT,0.1,0.001,2.0,0.2,0.3,1.0,0.6,-46.2353,3.835,-205276.33,-222171.19,-44434.24,0,4,26424.87
LT26JUNFUT,0.1,0.001,2.0,0.2,0.3,1.5,0.4,-37.582,3.7675,-233430.78,-261874.94,-52374.99,0,4,25945.74
LT26JUNFUT,0.1,0.001,2.0,0.2,0.3,1.5,0.5,-43.7946,3.755,-235552.04,-262717.44,-52543.49,0,4,26266.06
LT26JUNFUT,0.1,0.001,2.0,0.2,0.3,1.5,0.6,-43.5881,3.7275,-237711.8,-264905.17,-52981.03,0,4,26537.43
LT26JUNFUT,0.1,0.001,2.0,0.2,0.3,2.0,0.4,-38.2134,3.7275,-236087.8,-268636.91,-53727.38,0,4,25299.55
LT26JUNFUT,0.1,0.001,2.0,0.2,0.3,2.0,0.5,-38.6063,3.7225,-236345.05,-268693.55,-53738.71,0,4,25385.15
LT26JUNFUT,0.1,0.001,2.0,0.2,0.3,2.0,0.6,-40.9027,3.7125,-236963.38,-269271.66,-53854.33,0,4,25240.7
LT26JUNFUT,0.1,0.001,2.0,0.2,0.5,1.0,0.4,-36.8336,4.1525,-195126.33,-212982.68,-42596.54,0,4,25220.85
LT26JUNFUT,0.1,0.001,2.0,0.2,0.5,1.0,0.5,-475.6974,4.045,-196442.36,-213526.52,-42705.3,0,4,26304.61
LT26JUNFUT,0.1,0.001,2.0,0.2,0.5,1.0,0.6,-46.2757,3.835,-205274.58,-222171.19,-44434.24,0,4,26424.95
LT26JUNFUT,0.1,0.001,2.0,0.2,0.5,1.5,0.4,-37.5667,3.7675,-233427.9,-261875.56,-52375.11,0,4,25946.16
LT26JUNFUT,0.1,0.001,2.0,0.2,0.5,1.5,0.5,-43.7946,3.755,-235554.29,-262719.68,-52543.94,0,4,26266.35
LT26JUNFUT,0.1,0.001,2.0,0.2,0.5,1.5,0.6,-43.5881,3.7275,-237711.8,-264905.17,-52981.03,0,4,26537.43
LT26JUNFUT,0.1,0.001,2.0,0.2,0.5,2.0,0.4,-38.2201,3.7275,-236089.55,-268635.16,-53727.03,0,4,25300.04
LT26JUNFUT,0.1,0.001,2.0,0.2,0.5,2.0,0.5,-38.6064,3.7225,-236346.8,-268695.3,-53739.06,0,4,25385.04
LT26JUNFUT,0.1,0.001,2.0,0.2,0.5,2.0,0.6,-40.9028,3.7125,-236965.13,-269273.41,-53854.68,0,4,25240.59
LT26JUNFUT,0.1,0.001,2.0,0.2,1.0,1.0,0.4,-36.8335,4.1525,-195128.08,-212989.69,-42597.94,0,4,25218.62
LT26JUNFUT,0.1,0.001,2.0,0.2,1.0,1.0,0.5,-89.9694,4.105,-194522.53,-211608.44,-42321.69,0,4,26682.85
LT26JUNFUT,0.1,0.001,2.0,0.2,1.0,1.0,0.6,-46.2631,3.835,-205279.83,-222176.44,-44435.29,0,4,26425.57
LT26JUNFUT,0.1,0.001,2.0,0.2,1.0,1.5,0.4,-37.5711,3.7675,-233436.65,-261882.56,-52376.51,0,4,25946.67
LT26JUNFUT,0.1,0.001,2.0,0.2,1.0,1.5,0.5,-43.7871,3.755,-235557.79,-262724.93,-52544.99,0,4,26266.79
LT26JUNFUT,0.1,0.001,2.0,0.2,1.0,1.5,0.6,-43.5881,3.7275,-237711.8,-264905.17,-52981.03,0,4,26537.43
LT26JUNFUT,0.1,0.001,2.0,0.2,1.0,2.0,0.4,-38.218,3.7275,-236087.8,-268631.66,-53726.33,0,4,25300.27
LT26JUNFUT,0.1,0.001,2.0,0.2,1.0,2.0,0.5,-38.6006,3.7225,-236345.05,-268693.55,-53738.71,0,4,25385.46
LT26JUNFUT,0.1,0.001,2.0,0.2,1.0,2.0,0.6,-40.9028,3.7125,-236965.13,-269273.41,-53854.68,0,4,25240.59
LT26JUNFUT,0.1,0.001,2.0,0.3,0.3,1.0,0.4,-36.8607,4.1525,-195122.82,-212975.5,-42595.1,0,4,25219.94
LT26JUNFUT,0.1,0.001,2.0,0.3,0.3,1.0,0.5,-467.5839,4.045,-196438.85,-213521.26,-42704.25,0,4,26303.19
LT26JUNFUT,0.1,0.001,2.0,0.3,0.3,1.0,0.6,-46.2353,3.835,-205276.33,-222171.19,-44434.24,0,4,26424.87
LT26JUNFUT,0.1,0.001,2.0,0.3,0.3,1.5,0.4,-37.582,3.7675,-233430.78,-261874.94,-52374.99,0,4,25945.74
LT26JUNFUT,0.1,0.001,2.0,0.3,0.3,1.5,0.5,-43.7946,3.755,-235552.04,-262717.44,-52543.49,0,4,26266.06
LT26JUNFUT,0.1,0.001,2.0,0.3,0.3,1.5,0.6,-43.5881,3.7275,-237711.8,-264905.17,-52981.03,0,4,26537.43
LT26JUNFUT,0.1,0.001,2.0,0.3,0.3,2.0,0.4,-38.2134,3.7275,-236087.8,-268636.91,-53727.38,0,4,25299.55
LT26JUNFUT,0.1,0.001,2.0,0.3,0.3,2.0,0.5,-38.6063,3.7225,-236345.05,-268693.55,-53738.71,0,4,25385.15
LT26JUNFUT,0.1,0.001,2.0,0.3,0.3,2.0,0.6,-40.9027,3.7125,-236963.38,-269271.66,-53854.33,0,4,25240.7
LT26JUNFUT,0.1,0.001,2.0,0.3,0.5,1.0,0.4,-36.8336,4.1525,-195126.33,-212982.68,-42596.54,0,4,25220.85
LT26JUNFUT,0.1,0.001,2.0,0.3,0.5,1.0,0.5,-475.6974,4.045,-196442.36,-213526.52,-42705.3,0,4,26304.61
LT26JUNFUT,0.1,0.001,2.0,0.3,0.5,1.0,0.6,-46.2757,3.835,-205274.58,-222171.19,-44434.24,0,4,26424.95
LT26JUNFUT,0.1,0.001,2.0,0.3,0.5,1.5,0.4,-37.5667,3.7675,-233427.9,-261875.56,-52375.11,0,4,25946.16
LT26JUNFUT,0.1,0.001,2.0,0.3,0.5,1.5,0.5,-43.7946,3.755,-235554.29,-262719.68,-52543.94,0,4,26266.35
LT26JUNFUT,0.1,0.001,2.0,0.3,0.5,1.5,0.6,-43.5881,3.7275,-237711.8,-264905.17,-52981.03,0,4,26537.43
LT26JUNFUT,0.1,0.001,2.0,0.3,0.5,2.0,0.4,-38.2201,3.7275,-236089.55,-268635.16,-53727.03,0,4,25300.04
LT26JUNFUT,0.1,0.001,2.0,0.3,0.5,2.0,0.5,-38.6064,3.7225,-236346.8,-268695.3,-53739.06,0,4,25385.04
LT26JUNFUT,0.1,0.001,2.0,0.3,0.5,2.0,0.6,-40.9028,3.7125,-236965.13,-269273.41,-53854.68,0,4,25240.59
LT26JUNFUT,0.1,0.001,2.0,0.3,1.0,1.0,0.4,-36.8335,4.1525,-195128.08,-212989.69,-42597.94,0,4,25218.62
LT26JUNFUT,0.1,0.001,2.0,0.3,1.0,1.0,0.5,-89.9694,4.105,-194522.53,-211608.44,-42321.69,0,4,26682.85
LT26JUNFUT,0.1,0.001,2.0,0.3,1.0,1.0,0.6,-46.2631,3.835,-205279.83,-222176.44,-44435.29,0,4,26425.57
LT26JUNFUT,0.1,0.001,2.0,0.3,1.0,1.5,0.4,-37.5711,3.7675,-233436.65,-261882.56,-52376.51,0,4,25946.67
LT26JUNFUT,0.1,0.001,2.0,0.3,1.0,1.5,0.5,-43.7871,3.755,-235557.79,-262724.93,-52544.99,0,4,26266.79
LT26JUNFUT,0.1,0.001,2.0,0.3,1.0,1.5,0.6,-43.5881,3.7275,-237711.8,-264905.17,-52981.03,0,4,26537.43
LT26JUNFUT,0.1,0.001,2.0,0.3,1.0,2.0,0.4,-38.218,3.7275,-236087.8,-268631.66,-53726.33,0,4,25300.27
LT26JUNFUT,0.1,0.001,2.0,0.3,1.0,2.0,0.5,-38.6006,3.7225,-236345.05,-268693.55,-53738.71,0,4,25385.46
LT26JUNFUT,0.1,0.001,2.0,0.3,1.0,2.0,0.6,-40.9028,3.7125,-236965.13,-269273.41,-53854.68,0,4,25240.59
LT26JUNFUT,0.1,0.001,2.0,0.5,0.3,1.0,0.4,-36.8607,4.1525,-195122.82,-212975.5,-42595.1,0,4,25219.94
LT26JUNFUT,0.1,0.001,2.0,0.5,0.3,1.0,0.5,-467.5839,4.045,-196438.85,-213521.26,-42704.25,0,4,26303.19
LT26JUNFUT,0.1,0.001,2.0,0.5,0.3,1.0,0.6,-46.2353,3.835,-205276.33,-222171.19,-44434.24,0,4,26424.87
LT26JUNFUT,0.1,0.001,2.0,0.5,0.3,1.5,0.4,-37.582,3.7675,-233430.78,-261874.94,-52374.99,0,4,25945.74
LT26JUNFUT,0.1,0.001,2.0,0.5,0.3,1.5,0.5,-43.7946,3.755,-235552.04,-262717.44,-52543.49,0,4,26266.06
LT26JUNFUT,0.1,0.001,2.0,0.5,0.3,1.5,0.6,-43.5881,3.7275,-237711.8,-264905.17,-52981.03,0,4,26537.43
LT26JUNFUT,0.1,0.001,2.0,0.5,0.3,2.0,0.4,-38.2134,3.7275,-236087.8,-268636.91,-53727.38,0,4,25299.55
LT26JUNFUT,0.1,0.001,2.0,0.5,0.3,2.0,0.5,-38.6063,3.7225,-236345.05,-268693.55,-53738.71,0,4,25385.15
LT26JUNFUT,0.1,0.001,2.0,0.5,0.3,2.0,0.6,-40.9027,3.7125,-236963.38,-269271.66,-53854.33,0,4,25240.7
LT26JUNFUT,0.1,0.001,2.0,0.5,0.5,1.0,0.4,-36.8336,4.1525,-195126.33,-212982.68,-42596.54,0,4,25220.85
LT26JUNFUT,0.1,0.001,2.0,0.5,0.5,1.0,0.5,-475.6974,4.045,-196442.36,-213526.52,-42705.3,0,4,26304.61
LT26JUNFUT,0.1,0.001,2.0,0.5,0.5,1.0,0.6,-46.2757,3.835,-205274.58,-222171.19,-44434.24,0,4,26424.95
LT26JUNFUT,0.1,0.001,2.0,0.5,0.5,1.5,0.4,-37.5667,3.7675,-233427.9,-261875.56,-52375.11,0,4,25946.16
LT26JUNFUT,0.1,0.001,2.0,0.5,0.5,1.5,0.5,-43.7946,3.755,-235554.29,-262719.68,-52543.94,0,4,26266.35
LT26JUNFUT,0.1,0.001,2.0,0.5,0.5,1.5,0.6,-43.5881,3.7275,-237711.8,-264905.17,-52981.03,0,4,26537.43
LT26JUNFUT,0.1,0.001,2.0,0.5,0.5,2.0,0.4,-38.2201,3.7275,-236089.55,-268635.16,-53727.03,0,4,25300.04
LT26JUNFUT,0.1,0.001,2.0,0.5,0.5,2.0,0.5,-38.6064,3.7225,-236346.8,-268695.3,-53739.06,0,4,25385.04
LT26JUNFUT,0.1,0.001,2.0,0.5,0.5,2.0,0.6,-40.9028,3.7125,-236965.13,-269273.41,-53854.68,0,4,25240.59
LT26JUNFUT,0.1,0.001,2.0,0.5,1.0,1.0,0.4,-36.8335,4.1525,-195128.08,-212989.69,-42597.94,0,4,25218.62
LT26JUNFUT,0.1,0.001,2.0,0.5,1.0,1.0,0.5,-89.9694,4.105,-194522.53,-211608.44,-42321.69,0,4,26682.85
LT26JUNFUT,0.1,0.001,2.0,0.5,1.0,1.0,0.6,-46.2631,3.835,-205279.83,-222176.44,-44435.29,0,4,26425.57
LT26JUNFUT,0.1,0.001,2.0,0.5,1.0,1.5,0.4,-37.5711,3.7675,-233436.65,-261882.56,-52376.51,0,4,25946.67
LT26JUNFUT,0.1,0.001,2.0,0.5,1.0,1.5,0.5,-43.7871,3.755,-235557.79,-262724.93,-52544.99,0,4,26266.79
LT26JUNFUT,0.1,0.001,2.0,0.5,1.0,1.5,0.6,-43.5881,3.7275,-237711.8,-264905.17,-52981.03,0,4,26537.43
LT26JUNFUT,0.1,0.001,2.0,0.5,1.0,2.0,0.4,-38.218,3.7275,-236087.8,-268631.66,-53726.33,0,4,25300.27
LT26JUNFUT,0.1,0.001,2.0,0.5,1.0,2.0,0.5,-38.6006,3.7225,-236345.05,-268693.55,-53738.71,0,4,25385.46
LT26JUNFUT,0.1,0.001,2.0,0.5,1.0,2.0,0.6,-40.9028,3.7125,-236965.13,-269273.41,-53854.68,0,4,25240.59
M&M26JUNFUT,0.1,0.001,2.0,0.2,0.3,1.0,0.4,-4.8261,5.0225,-135480.16,-91363.55,-18272.71,3,4,59111.21
M&M26JUNFUT,0.1,0.001,2.0,0.2,0.3,1.0,0.5,-5.3064,4.8525,-159383.59,-118053.33,-23610.67,3,4,66906.43
M&M26JUNFUT,0.1,0.001,2.0,0.2,0.3,1.0,0.6,-5.2277,4.76,-173101.28,-131314.51,-26262.9,3,4,65713.98
M&M26JUNFUT,0.1,0.001,2.0,0.2,0.3,1.5,0.4,-8.8359,4.3825,-235279.25,-212486.2,-42497.24,3,4,78924.07
M&M26JUNFUT,0.1,0.001,2.0,0.2,0.3,1.5,0.5,-9.0906,4.2575,-228731.12,-206995.83,-41399.17,3,4,77368.25
M&M26JUNFUT,0.1,0.001,2.0,0.2,0.3,1.5,0.6,-9.1167,4.33,-220806.62,-199348.77,-39869.75,3,4,75500.62
M&M26JUNFUT,0.1,0.001,2.0,0.2,0.3,2.0,0.4,-8.9232,4.6375,-259693.01,-235266.28,-47053.26,2,4,75467.38
M&M26JUNFUT,0.1,0.001,2.0,0.2,0.3,2.0,0.5,-8.988,4.695,-274203.71,-249772.98,-49954.6,2,4,76370.28
M&M26JUNFUT,0.1,0.001,2.0,0.2,0.3,2.0,0.6,-8.985,4.6825,-275813.28,-251417.01,-50283.4,2,4,76985.88
M&M26JUNFUT,0.1,0.001,2.0,0.2,0.5,1.0,0.4,-4.833,5.02,-135350.82,-91236.2,-18247.24,3,4,59134.7
M&M26JUNFUT,0.1,0.001,2.0,0.2,0.5,1.0,0.5,-5.314,4.855,-159194.25,-117865.99,-23573.2,3,4,67384.37
M&M26JUNFUT,0.1,0.001,2.0,0.2,0.5,1.0,0.6,-5.235,4.7525,-174081.33,-132294.56,-26458.91,3,4,66053.07
M&M26JUNFUT,0.1,0.001,2.0,0.2,0.5,1.5,0.4,-8.8321,4.3725,-236797.78,-214008.73,-42801.75,3,4,79333.67
M&M26JUNFUT,0.1,0.001,2.0,0.2,0.5,1.5,0.5,-9.0682,4.2725,-227647.73,-205914.43,-41182.89,3,4,77501.75
M&M26JUNFUT,0.1,0.001,2.0,0.2,0.5,1.5,0.6,-9.0932,4.34,-219909.23,-198451.38,-39690.28,3,4,75610.75
M&M26JUNFUT,0.1,0.001,2.0,0.2,0.5,2.0,0.4,-8.9232,4.6375,-259697.02,-235270.29,-47054.06,2,4,75467.33
M&M26JUNFUT,0.1,0.001,2.0,0.2,0.5,2.0,0.5,-8.988,4.695,-274203.71,-249772.98,-49954.6,2,4,76370.83
M&M26JUNFUT,0.1,0.001,2.0,0.2,0.5,2.0,0.6,-8.985,4.6825,-275815.28,-251419.01,-50283.8,2,4,76986.56
M&M26JUNFUT,0.1,0.001,2.0,0.2,1.0,1.0,0.4,-4.6564,4.9975,-138526.1,-92347.4,-18469.48,3,4,60617.64
M&M26JUNFUT,0.1,0.001,2.0,0.2,1.0,1.0,0.5,-5.3755,4.7825,-168282.63,-126958.37,-25391.67,3,4,70547.45
M&M26JUNFUT,0.1,0.001,2.0,0.2,1.0,1.0,0.6,-5.2349,4.7525,-174081.33,-132294.56,-26458.91,3,4,66051.6
M&M26JUNFUT,0.1,0.001,2.0,0.2,1.0,1.5,0.4,-8.8143,4.43,-238527.92,-216384.9,-43276.98,3,4,78447.78
M&M26JUNFUT,0.1,0.001,2.0,0.2,1.0,1.5,0.5,-9.0927,4.3025,-226373.1,-205283.84,-41056.77,3,4,77261.2
M&M26JUNFUT,0.1,0.001,2.0,0.2,1.0,1.5,0.6,-9.1714,4.34,-219907.23,-199095.41,-39819.08,3,4,75505.95
M&M26JUNFUT,0.1,0.001,2.0,0.2,1.0,2.0,0.4,-8.923,4.6375,-259705.02,-235276.3,-47055.26,2,4,75469.45
M&M26JUNFUT,0.1,0.001,2.0,0.2,1.0,2.0,0.5,-8.9878,4.695,-274203.71,-249770.98,-49954.2,2,4,76372.07
M&M26JUNFUT,0.1,0.001,2.0,0.2,1.0,2.0,0.6,-8.985,4.6825,-275817.28,-251421.01,-50284.2,2,4,76987.24
M&M26JUNFUT,0.1,0.001,2.0,0.3,0.3,1.0,0.4,-4.8259,5.0225,-135480.16,-91361.55,-18272.31,3,4,59111.63
M&M26JUNFUT,0.1,0.001,2.0,0.3,0.3,1.0,0.5,-5.3062,4.8525,-159383.59,-118051.33,-23610.27,3,4,66906.82
M&M26JUNFUT,0.1,0.001,2.0,0.3,0.3,1.0,0.6,-5.2277,4.76,-173101.28,-131314.51,-26262.9,3,4,65713.98
M&M26JUNFUT,0.1,0.001,2.0,0.3,0.3,1.5,0.4,-8.8359,4.3825,-235279.25,-212486.2,-42497.24,3,4,78924.07
M&M26JUNFUT,0.1,0.001,2.0,0.3,0.3,1.5,0.5,-9.0906,4.2575,-228731.12,-206995.83,-41399.17,3,4,77368.25
M&M26JUNFUT,0.1,0.001,2.0,0.3,0.3,1.5,0.6,-9.1167,4.33,-220806.62,-199348.77,-39869.75,3,4,75500.62
M&M26JUNFUT,0.1,0.001,2.0,0.3,0.3,2.0,0.4,-8.9232,4.6375,-259693.01,-235266.28,-47053.26,2,4,75467.38
M&M26JUNFUT,0.1,0.001,2.0,0.3,0.3,2.0,0.5,-8.988,4.695,-274203.71,-249772.98,-49954.6,2,4,76370.28
M&M26JUNFUT,0.1,0.001,2.0,0.3,0.3,2.0,0.6,-8.985,4.6825,-275813.28,-251417.01,-50283.4,2,4,76985.88
M&M26JUNFUT,0.1,0.001,2.0,0.3,0.5,1.0,0.4,-4.833,5.02,-135350.82,-91236.2,-18247.24,3,4,59134.7
M&M26JUNFUT,0.1,0.001,2.0,0.3,0.5,1.0,0.5,-5.314,4.855,-159194.25,-117865.99,-23573.2,3,4,67384.37
M&M26JUNFUT,0.1,0.001,2.0,0.3,0.5,1.0,0.6,-5.235,4.7525,-174081.33,-132294.56,-26458.91,3,4,66053.07
M&M26JUNFUT,0.1,0.001,2.0,0.3,0.5,1.5,0.4,-8.8321,4.3725,-236797.78,-214008.73,-42801.75,3,4,79333.67
M&M26JUNFUT,0.1,0.001,2.0,0.3,0.5,1.5,0.5,-9.0682,4.2725,-227647.73,-205914.43,-41182.89,3,4,77501.75
M&M26JUNFUT,0.1,0.001,2.0,0.3,0.5,1.5,0.6,-9.0932,4.34,-219909.23,-198451.38,-39690.28,3,4,75610.75
M&M26JUNFUT,0.1,0.001,2.0,0.3,0.5,2.0,0.4,-8.9232,4.6375,-259697.02,-235270.29,-47054.06,2,4,75467.33
M&M26JUNFUT,0.1,0.001,2.0,0.3,0.5,2.0,0.5,-8.988,4.695,-274203.71,-249772.98,-49954.6,2,4,76370.83
M&M26JUNFUT,0.1,0.001,2.0,0.3,0.5,2.0,0.6,-8.985,4.6825,-275815.28,-251419.01,-50283.8,2,4,76986.56
M&M26JUNFUT,0.1,0.001,2.0,0.3,1.0,1.0,0.4,-4.6564,4.9975,-138526.1,-92347.4,-18469.48,3,4,60617.64
M&M26JUNFUT,0.1,0.001,2.0,0.3,1.0,1.0,0.5,-5.3755,4.7825,-168282.63,-126958.37,-25391.67,3,4,70547.45
M&M26JUNFUT,0.1,0.001,2.0,0.3,1.0,1.0,0.6,-5.2349,4.7525,-174081.33,-132294.56,-26458.91,3,4,66051.6
M&M26JUNFUT,0.1,0.001,2.0,0.3,1.0,1.5,0.4,-8.8143,4.43,-238527.92,-216384.9,-43276.98,3,4,78447.78
M&M26JUNFUT,0.1,0.001,2.0,0.3,1.0,1.5,0.5,-9.0927,4.3025,-226373.1,-205283.84,-41056.77,3,4,77261.2
M&M26JUNFUT,0.1,0.001,2.0,0.3,1.0,1.5,0.6,-9.1714,4.34,-219907.23,-199095.41,-39819.08,3,4,75505.95
M&M26JUNFUT,0.1,0.001,2.0,0.3,1.0,2.0,0.4,-8.923,4.6375,-259705.02,-235276.3,-47055.26,2,4,75469.45
M&M26JUNFUT,0.1,0.001,2.0,0.3,1.0,2.0,0.5,-8.9878,4.695,-274203.71,-249770.98,-49954.2,2,4,76372.07
M&M26JUNFUT,0.1,0.001,2.0,0.3,1.0,2.0,0.6,-8.985,4.6825,-275817.28,-251421.01,-50284.2,2,4,76987.24
M&M26JUNFUT,0.1,0.001,2.0,0.5,0.3,1.0,0.4,-4.8259,5.0225,-135480.16,-91361.55,-18272.31,3,4,59111.63
M&M26JUNFUT,0.1,0.001,2.0,0.5,0.3,1.0,0.5,-5.3062,4.8525,-159383.59,-118051.33,-23610.27,3,4,66906.82
M&M26JUNFUT,0.1,0.001,2.0,0.5,0.3,1.0,0.6,-5.2277,4.76,-173101.28,-131314.51,-26262.9,3,4,65713.98
M&M26JUNFUT,0.1,0.001,2.0,0.5,0.3,1.5,0.4,-8.8359,4.3825,-235279.25,-212486.2,-42497.24,3,4,78924.07
M&M26JUNFUT,0.1,0.001,2.0,0.5,0.3,1.5,0.5,-9.0906,4.2575,-228731.12,-206995.83,-41399.17,3,4,77368.25
M&M26JUNFUT,0.1,0.001,2.0,0.5,0.3,1.5,0.6,-9.1167,4.33,-220806.62,-199348.77,-39869.75,3,4,75500.62
M&M26JUNFUT,0.1,0.001,2.0,0.5,0.3,2.0,0.4,-8.9232,4.6375,-259693.01,-235266.28,-47053.26,2,4,75467.38
M&M26JUNFUT,0.1,0.001,2.0,0.5,0.3,2.0,0.5,-8.988,4.695,-274203.71,-249772.98,-49954.6,2,4,76370.28
M&M26JUNFUT,0.1,0.001,2.0,0.5,0.3,2.0,0.6,-8.985,4.6825,-275813.28,-251417.01,-50283.4,2,4,76985.88
M&M26JUNFUT,0.1,0.001,2.0,0.5,0.5,1.0,0.4,-4.833,5.02,-135350.82,-91236.2,-18247.24,3,4,59134.7
M&M26JUNFUT,0.1,0.001,2.0,0.5,0.5,1.0,0.5,-5.3139,4.855,-159192.25,-117863.99,-23572.8,3,4,67384.17
M&M26JUNFUT,0.1,0.001,2.0,0.5,0.5,1.0,0.6,-5.2349,4.7525,-174079.33,-132292.56,-26458.51,3,4,66052.88
M&M26JUNFUT,0.1,0.001,2.0,0.5,0.5,1.5,0.4,-8.8321,4.3725,-236797.78,-214008.73,-42801.75,3,4,79333.67
M&M26JUNFUT,0.1,0.001,2.0,0.5,0.5,1.5,0.5,-9.0682,4.2725,-227647.73,-205914.43,-41182.89,3,4,77501.75
M&M26JUNFUT,0.1,0.001,2.0,0.5,0.5,1.5,0.6,-9.0932,4.34,-219909.23,-198451.38,-39690.28,3,4,75610.75
M&M26JUNFUT,0.1,0.001,2.0,0.5,0.5,2.0,0.4,-8.9232,4.6375,-259697.02,-235270.29,-47054.06,2,4,75467.33
M&M26JUNFUT,0.1,0.001,2.0,0.5,0.5,2.0,0.5,-8.988,4.695,-274203.71,-249772.98,-49954.6,2,4,76370.83
M&M26JUNFUT,0.1,0.001,2.0,0.5,0.5,2.0,0.6,-8.985,4.6825,-275815.28,-251419.01,-50283.8,2,4,76986.56
M&M26JUNFUT,0.1,0.001,2.0,0.5,1.0,1.0,0.4,-4.6564,4.9975,-138526.1,-92347.4,-18469.48,3,4,60617.64
M&M26JUNFUT,0.1,0.001,2.0,0.5,1.0,1.0,0.5,-5.3755,4.7825,-168282.63,-126958.37,-25391.67,3,4,70547.45
M&M26JUNFUT,0.1,0.001,2.0,0.5,1.0,1.0,0.6,-5.2349,4.7525,-174081.33,-132294.56,-26458.91,3,4,66051.6
M&M26JUNFUT,0.1,0.001,2.0,0.5,1.0,1.5,0.4,-8.8143,4.43,-238527.92,-216384.9,-43276.98,3,4,78447.78
M&M26JUNFUT,0.1,0.001,2.0,0.5,1.0,1.5,0.5,-9.0927,4.3025,-226373.1,-205283.84,-41056.77,3,4,77261.2
M&M26JUNFUT,0.1,0.001,2.0,0.5,1.0,1.5,0.6,-9.1714,4.34,-219907.23,-199095.41,-39819.08,3,4,75505.95
M&M26JUNFUT,0.1,0.001,2.0,0.5,1.0,2.0,0.4,-8.923,4.6375,-259705.02,-235276.3,-47055.26,2,4,75469.45
M&M26JUNFUT,0.1,0.001,2.0,0.5,1.0,2.0,0.5,-8.9878,4.695,-274203.71,-249770.98,-49954.2,2,4,76372.07
M&M26JUNFUT,0.1,0.001,2.0,0.5,1.0,2.0,0.6,-8.985,4.6825,-275817.28,-251421.01,-50284.2,2,4,76987.24
MOTHERSON26JUNFUT,0.05,0.0005,1.0,0.2,0.3,1.0,0.4,-2.2913,0.0,-539.37,-539.37,-107.87,0,4,215.75
MOTHERSON26JUNFUT,0.05,0.0005,1.0,0.2,0.3,1.0,0.5,-2.2913,0.0,-539.37,-539.37,-107.87,0,4,215.75
MOTHERSON26JUNFUT,0.05,0.0005,1.0,0.2,0.3,1.0,0.6,-2.2913,0.0,-539.37,-539.37,-107.87,0,4,215.75
MOTHERSON26JUNFUT,0.05,0.0005,1.0,0.2,0.3,1.5,0.4,-6.7955,0.0,1463.72,1463.72,292.74,1,4,3257.59
MOTHERSON26JUNFUT,0.05,0.0005,1.0,0.2,0.3,1.5,0.5,-2.116,0.0,2010.75,2010.75,402.15,1,4,3224.31
MOTHERSON26JUNFUT,0.05,0.0005,1.0,0.2,0.3,1.5,0.6,-1.6896,0.0,3170.23,3170.23,634.05,1,4,2948.58
MOTHERSON26JUNFUT,0.05,0.0005,1.0,0.2,0.3,2.0,0.4,-6.2478,-0.5625,8759.59,8759.59,1751.92,1,4,13385.33
MOTHERSON26JUNFUT,0.05,0.0005,1.0,0.2,0.3,2.0,0.5,-6.2305,-0.72,9005.43,9005.43,1801.09,1,4,13322.97
MOTHERSON26JUNFUT,0.05,0.0005,1.0,0.2,0.3,2.0,0.6,-6.2218,0.0525,9128.34,9128.34,1825.67,1,4,13291.95
MOTHERSON26JUNFUT,0.05,0.0005,1.0,0.2,0.5,1.0,0.4,-2.2913,0.0,-539.37,-539.37,-107.87,0,4,215.75
MOTHERSON26JUNFUT,0.05,0.0005,1.0,0.2,0.5,1.0,0.5,-2.2913,0.0,-539.37,-539.37,-107.87,0,4,215.75
MOTHERSON26JUNFUT,0.05,0.0005,1.0,0.2,0.5,1.0,0.6,-2.2913,0.0,-539.37,-539.37,-107.87,0,4,215.75
MOTHERSON26JUNFUT,0.05,0.0005,1.0,0.2,0.5,1.5,0.4,-6.7955,0.0,1463.72,1463.72,292.74,1,4,3257.59
MOTHERSON26JUNFUT,0.05,0.0005,1.0,0.2,0.5,1.5,0.5,-2.116,0.0,2010.75,2010.75,402.15,1,4,3224.31
MOTHERSON26JUNFUT,0.05,0.0005,1.0,0.2,0.5,1.5,0.6,-1.6896,0.0,3170.23,3170.23,634.05,1,4,2948.58
MOTHERSON26JUNFUT,0.05,0.0005,1.0,0.2,0.5,2.0,0.4,-6.2478,-0.5625,8759.59,8759.59,1751.92,1,4,13385.33
MOTHERSON26JUNFUT,0.05,0.0005,1.0,0.2,0.5,2.0,0.5,-6.2305,-0.72,9005.43,9005.43,1801.09,1,4,13322.97
MOTHERSON26JUNFUT,0.05,0.0005,1.0,0.2,0.5,2.0,0.6,-6.2218,0.0525,9128.34,9128.34,1825.67,1,4,13291.95
MOTHERSON26JUNFUT,0.05,0.0005,1.0,0.2,1.0,1.0,0.4,-2.2913,0.0,-539.37,-539.37,-107.87,0,4,215.75
MOTHERSON26JUNFUT,0.05,0.0005,1.0,0.2,1.0,1.0,0.5,-2.2913,0.0,-539.37,-539.37,-107.87,0,4,215.75
MOTHERSON26JUNFUT,0.05,0.0005,1.0,0.2,1.0,1.0,0.6,-2.2913,0.0,-539.37,-539.37,-107.87,0,4,215.75
MOTHERSON26JUNFUT,0.05,0.0005,1.0,0.2,1.0,1.5,0.4,-6.7955,0.0,1463.72,1463.72,292.74,1,4,3257.59
MOTHERSON26JUNFUT,0.05,0.0005,1.0,0.2,1.0,1.5,0.5,-2.116,0.0,2010.75,2010.75,402.15,1,4,3224.31
MOTHERSON26JUNFUT,0.05,0.0005,1.0,0.2,1.0,1.5,0.6,-1.6896,0.0,3170.23,3170.23,634.05,1,4,2948.58
MOTHERSON26JUNFUT,0.05,0.0005,1.0,0.2,1.0,2.0,0.4,-6.2522,-0.5625,8698.08,8698.08,1739.62,1,4,13401.0
MOTHERSON26JUNFUT,0.05,0.0005,1.0,0.2,1.0,2.0,0.5,-6.2305,-0.72,9005.43,9005.43,1801.09,1,4,13322.97
MOTHERSON26JUNFUT,0.05,0.0005,1.0,0.2,1.0,2.0,0.6,-6.2218,0.0525,9128.34,9128.34,1825.67,1,4,13291.95
MOTHERSON26JUNFUT,0.05,0.0005,1.0,0.3,0.3,1.0,0.4,-2.2913,0.0,-539.37,-539.37,-107.87,0,4,215.75
MOTHERSON26JUNFUT,0.05,0.0005,1.0,0.3,0.3,1.0,0.5,-2.2913,0.0,-539.37,-539.37,-107.87,0,4,215.75
MOTHERSON26JUNFUT,0.05,0.0005,1.0,0.3,0.3,1.0,0.6,-2.2913,0.0,-539.37,-539.37,-107.87,0,4,215.75
MOTHERSON26JUNFUT,0.05,0.0005,1.0,0.3,0.3,1.5,0.4,-6.7955,0.0,1463.72,1463.72,292.74,1,4,3257.59
MOTHERSON26JUNFUT,0.05,0.0005,1.0,0.3,0.3,1.5,0.5,-2.116,0.0,2010.75,2010.75,402.15,1,4,3224.31
MOTHERSON26JUNFUT,0.05,0.0005,1.0,0.3,0.3,1.5,0.6,-1.6896,0.0,3170.23,3170.23,634.05,1,4,2948.58
MOTHERSON26JUNFUT,0.05,0.0005,1.0,0.3,0.3,2.0,0.4,-6.2478,-0.5625,8759.59,8759.59,1751.92,1,4,13385.33
MOTHERSON26JUNFUT,0.05,0.0005,1.0,0.3,0.3,2.0,0.5,-6.2305,-0.72,9005.43,9005.43,1801.09,1,4,13322.97
MOTHERSON26JUNFUT,0.05,0.0005,1.0,0.3,0.3,2.0,0.6,-6.2218,0.0525,9128.34,9128.34,1825.67,1,4,13291.95
MOTHERSON26JUNFUT,0.05,0.0005,1.0,0.3,0.5,1.0,0.4,-2.2913,0.0,-539.37,-539.37,-107.87,0,4,215.75
MOTHERSON26JUNFUT,0.05,0.0005,1.0,0.3,0.5,1.0,0.5,-2.2913,0.0,-539.37,-539.37,-107.87,0,4,215.75
MOTHERSON26JUNFUT,0.05,0.0005,1.0,0.3,0.5,1.0,0.6,-2.2913,0.0,-539.37,-539.37,-107.87,0,4,215.75
MOTHERSON26JUNFUT,0.05,0.0005,1.0,0.3,0.5,1.5,0.4,-6.7955,0.0,1463.72,1463.72,292.74,1,4,3257.59
MOTHERSON26JUNFUT,0.05,0.0005,1.0,0.3,0.5,1.5,0.5,-2.116,0.0,2010.75,2010.75,402.15,1,4,3224.31
MOTHERSON26JUNFUT,0.05,0.0005,1.0,0.3,0.5,1.5,0.6,-1.6896,0.0,3170.23,3170.23,634.05,1,4,2948.58
MOTHERSON26JUNFUT,0.05,0.0005,1.0,0.3,0.5,2.0,0.4,-6.2478,-0.5625,8759.59,8759.59,1751.92,1,4,13385.33
MOTHERSON26JUNFUT,0.05,0.0005,1.0,0.3,0.5,2.0,0.5,-6.2305,-0.72,9005.43,9005.43,1801.09,1,4,13322.97
MOTHERSON26JUNFUT,0.05,0.0005,1.0,0.3,0.5,2.0,0.6,-6.2218,0.0525,9128.34,9128.34,1825.67,1,4,13291.95
MOTHERSON26JUNFUT,0.05,0.0005,1.0,0.3,1.0,1.0,0.4,-2.2913,0.0,-539.37,-539.37,-107.87,0,4,215.75
MOTHERSON26JUNFUT,0.05,0.0005,1.0,0.3,1.0,1.0,0.5,-2.2913,0.0,-539.37,-539.37,-107.87,0,4,215.75
MOTHERSON26JUNFUT,0.05,0.0005,1.0,0.3,1.0,1.0,0.6,-2.2913,0.0,-539.37,-539.37,-107.87,0,4,215.75
MOTHERSON26JUNFUT,0.05,0.0005,1.0,0.3,1.0,1.5,0.4,-6.7955,0.0,1463.72,1463.72,292.74,1,4,3257.59
MOTHERSON26JUNFUT,0.05,0.0005,1.0,0.3,1.0,1.5,0.5,-2.116,0.0,2010.75,2010.75,402.15,1,4,3224.31
MOTHERSON26JUNFUT,0.05,0.0005,1.0,0.3,1.0,1.5,0.6,-1.6896,0.0,3170.23,3170.23,634.05,1,4,2948.58
MOTHERSON26JUNFUT,0.05,0.0005,1.0,0.3,1.0,2.0,0.4,-6.2522,-0.5625,8698.08,8698.08,1739.62,1,4,13401.0
MOTHERSON26JUNFUT,0.05,0.0005,1.0,0.3,1.0,2.0,0.5,-6.2305,-0.72,9005.43,9005.43,1801.09,1,4,13322.97
MOTHERSON26JUNFUT,0.05,0.0005,1.0,0.3,1.0,2.0,0.6,-6.2218,0.0525,9128.34,9128.34,1825.67,1,4,13291.95
MOTHERSON26JUNFUT,0.05,0.0005,1.0,0.5,0.3,1.0,0.4,-2.2913,0.0,-539.37,-539.37,-107.87,0,4,215.75
MOTHERSON26JUNFUT,0.05,0.0005,1.0,0.5,0.3,1.0,0.5,-2.2913,0.0,-539.37,-539.37,-107.87,0,4,215.75
MOTHERSON26JUNFUT,0.05,0.0005,1.0,0.5,0.3,1.0,0.6,-2.2913,0.0,-539.37,-539.37,-107.87,0,4,215.75
MOTHERSON26JUNFUT,0.05,0.0005,1.0,0.5,0.3,1.5,0.4,-6.7955,0.0,1463.72,1463.72,292.74,1,4,3257.59
MOTHERSON26JUNFUT,0.05,0.0005,1.0,0.5,0.3,1.5,0.5,-2.116,0.0,2010.75,2010.75,402.15,1,4,3224.31
MOTHERSON26JUNFUT,0.05,0.0005,1.0,0.5,0.3,1.5,0.6,-1.6896,0.0,3170.23,3170.23,634.05,1,4,2948.58
MOTHERSON26JUNFUT,0.05,0.0005,1.0,0.5,0.3,2.0,0.4,-6.2478,-0.5625,8759.59,8759.59,1751.92,1,4,13385.33
MOTHERSON26JUNFUT,0.05,0.0005,1.0,0.5,0.3,2.0,0.5,-6.2305,-0.72,9005.43,9005.43,1801.09,1,4,13322.97
MOTHERSON26JUNFUT,0.05,0.0005,1.0,0.5,0.3,2.0,0.6,-6.2218,0.0525,9128.34,9128.34,1825.67,1,4,13291.95
MOTHERSON26JUNFUT,0.05,0.0005,1.0,0.5,0.5,1.0,0.4,-2.2913,0.0,-539.37,-539.37,-107.87,0,4,215.75
MOTHERSON26JUNFUT,0.05,0.0005,1.0,0.5,0.5,1.0,0.5,-2.2913,0.0,-539.37,-539.37,-107.87,0,4,215.75
MOTHERSON26JUNFUT,0.05,0.0005,1.0,0.5,0.5,1.0,0.6,-2.2913,0.0,-539.37,-539.37,-107.87,0,4,215.75
MOTHERSON26JUNFUT,0.05,0.0005,1.0,0.5,0.5,1.5,0.4,-6.7955,0.0,1463.72,1463.72,292.74,1,4,3257.59
MOTHERSON26JUNFUT,0.05,0.0005,1.0,0.5,0.5,1.5,0.5,-2.116,0.0,2010.75,2010.75,402.15,1,4,3224.31
MOTHERSON26JUNFUT,0.05,0.0005,1.0,0.5,0.5,1.5,0.6,-1.6896,0.0,3170.23,3170.23,634.05,1,4,2948.58
MOTHERSON26JUNFUT,0.05,0.0005,1.0,0.5,0.5,2.0,0.4,-6.2478,-0.5625,8759.59,8759.59,1751.92,1,4,13385.33
MOTHERSON26JUNFUT,0.05,0.0005,1.0,0.5,0.5,2.0,0.5,-6.2305,-0.72,9005.43,9005.43,1801.09,1,4,13322.97
MOTHERSON26JUNFUT,0.05,0.0005,1.0,0.5,0.5,2.0,0.6,-6.2218,0.0525,9128.34,9128.34,1825.67,1,4,13291.95
MOTHERSON26JUNFUT,0.05,0.0005,1.0,0.5,1.0,1.0,0.4,-2.2913,0.0,-539.37,-539.37,-107.87,0,4,215.75
MOTHERSON26JUNFUT,0.05,0.0005,1.0,0.5,1.0,1.0,0.5,-2.2913,0.0,-539.37,-539.37,-107.87,0,4,215.75
MOTHERSON26JUNFUT,0.05,0.0005,1.0,0.5,1.0,1.0,0.6,-2.2913,0.0,-539.37,-539.37,-107.87,0,4,215.75
MOTHERSON26JUNFUT,0.05,0.0005,1.0,0.5,1.0,1.5,0.4,-6.7955,0.0,1463.72,1463.72,292.74,1,4,3257.59
MOTHERSON26JUNFUT,0.05,0.0005,1.0,0.5,1.0,1.5,0.5,-2.116,0.0,2010.75,2010.75,402.15,1,4,3224.31
MOTHERSON26JUNFUT,0.05,0.0005,1.0,0.5,1.0,1.5,0.6,-1.6896,0.0,3170.23,3170.23,634.05,1,4,2948.58
MOTHERSON26JUNFUT,0.05,0.0005,1.0,0.5,1.0,2.0,0.4,-6.2522,-0.5625,8698.08,8698.08,1739.62,1,4,13401.0
MOTHERSON26JUNFUT,0.05,0.0005,1.0,0.5,1.0,2.0,0.5,-6.2305,-0.72,9005.43,9005.43,1801.09,1,4,13322.97
MOTHERSON26JUNFUT,0.05,0.0005,1.0,0.5,1.0,2.0,0.6,-6.2218,0.0525,9128.34,9128.34,1825.67,1,4,13291.95
MUTHOOTFIN26JUNFUT,0.1,0.001,2.0,0.2,0.3,1.0,0.4,-11.5898,2.3975,-233108.23,-240547.49,-48109.5,1,4,55040.04
MUTHOOTFIN26JUNFUT,0.1,0.001,2.0,0.2,0.3,1.0,0.5,-11.4397,2.3575,-234045.59,-240382.01,-48076.4,1,4,54701.07
MUTHOOTFIN26JUNFUT,0.1,0.001,2.0,0.2,0.3,1.0,0.6,-10.3097,2.4125,-233799.29,-234902.4,-46980.48,1,4,57381.51
MUTHOOTFIN26JUNFUT,0.1,0.001,2.0,0.2,0.3,1.5,0.4,-19.8214,3.025,-184623.68,-225597.78,-45119.56,0,4,39868.68
MUTHOOTFIN26JUNFUT,0.1,0.001,2.0,0.2,0.3,1.5,0.5,-19.8162,3.0275,-184423.03,-225386.14,-45077.23,0,4,39891.46
MUTHOOTFIN26JUNFUT,0.1,0.001,2.0,0.2,0.3,1.5,0.6,-20.3657,3.035,-187342.35,-229270.2,-45854.04,0,4,40249.51
MUTHOOTFIN26JUNFUT,0.1,0.001,2.0,0.2,0.3,2.0,0.4,-8.7512,3.235,-172830.49,-181334.97,-36266.99,2,4,52048.36
MUTHOOTFIN26JUNFUT,0.1,0.001,2.0,0.2,0.3,2.0,0.5,-8.7501,3.235,-172792.0,-181296.49,-36259.3,2,4,52054.48
MUTHOOTFIN26JUNFUT,0.1,0.001,2.0,0.2,0.3,2.0,0.6,-8.6082,3.23,-170839.96,-179344.45,-35868.89,2,4,52473.95
MUTHOOTFIN26JUNFUT,0.1,0.001,2.0,0.2,0.5,1.0,0.4,-11.5904,2.3975,-233110.98,-240552.99,-48110.6,1,4,55039.01
MUTHOOTFIN26JUNFUT,0.1,0.001,2.0,0.2,0.5,1.0,0.5,-11.4398,2.3575,-234048.34,-240384.76,-48076.95,1,4,54700.46
MUTHOOTFIN26JUNFUT,0.1,0.001,2.0,0.2,0.5,1.0,0.6,-10.3097,2.4125,-233799.29,-234902.41,-46980.48,1,4,57381.51
MUTHOOTFIN26JUNFUT,0.1,0.001,2.0,0.2,0.5,1.5,0.4,-19.8211,3.025,-184634.68,-225606.03,-45121.21,0,4,39866.34
MUTHOOTFIN26JUNFUT,0.1,0.001,2.0,0.2,0.5,1.5,0.5,-19.8157,3.0275,-184428.53,-225388.89,-45077.78,0,4,39890.32
MUTHOOTFIN26JUNFUT,0.1,0.001,2.0,0.2,0.5,1.5,0.6,-20.3657,3.035,-187342.35,-229270.2,-45854.04,0,4,40249.51
MUTHOOTFIN26JUNFUT,0.1,0.001,2.0,0.2,0.5,2.0,0.4,-8.7512,3.235,-172830.49,-181334.97,-36266.99,2,4,52048.36
MUTHOOTFIN26JUNFUT,0.1,0.001,2.0,0.2,0.5,2.0,0.5,-8.7501,3.235,-172792.0,-181296.49,-36259.3,2,4,52054.48
MUTHOOTFIN26JUNFUT,0.1,0.001,2.0,0.2,0.5,2.0,0.6,-8.6082,3.23,-170839.96,-179344.45,-35868.89,2,4,52473.95
MUTHOOTFIN26JUNFUT,0.1,0.001,2.0,0.2,1.0,1.0,0.4,-11.6999,2.385,-234498.73,-241940.74,-48388.15,1,4,54910.9
MUTHOOTFIN26JUNFUT,0.1,0.001,2.0,0.2,1.0,1.0,0.5,-11.4397,2.3575,-234045.59,-240382.02,-48076.4,1,4,54701.07
MUTHOOTFIN26JUNFUT,0.1,0.001,2.0,0.2,1.0,1.0,0.6,-10.3097,2.4125,-233799.29,-234902.41,-46980.48,1,4,57381.51
MUTHOOTFIN26JUNFUT,0.1,0.001,2.0,0.2,1.0,1.5,0.4,-20.1342,3.0425,-183049.26,-224020.61,-44804.12,0,4,39544.91
MUTHOOTFIN26JUNFUT,0.1,0.001,2.0,0.2,1.0,1.5,0.5,-20.1294,3.045,-182845.85,-223806.21,-44761.24,0,4,39568.5
MUTHOOTFIN26JUNFUT,0.1,0.001,2.0,0.2,1.0,1.5,0.6,-20.3658,3.035,-187345.1,-229272.95,-45854.59,0,4,40248.91
MUTHOOTFIN26JUNFUT,0.1,0.001,2.0,0.2,1.0,2.0,0.4,-8.7512,3.235,-172830.49,-181334.97,-36266.99,2,4,52048.36
MUTHOOTFIN26JUNFUT,0.1,0.001,2.0,0.2,1.0,2.0,0.5,-8.7501,3.235,-172792.0,-181296.49,-36259.3,2,4,52054.48
MUTHOOTFIN26JUNFUT,0.1,0.001,2.0,0.2,1.0,2.0,0.6,-8.6082,3.23,-170839.96,-179344.45,-35868.89,2,4,52473.95
MUTHOOTFIN26JUNFUT,0.1,0.001,2.0,0.3,0.3,1.0,0.4,-11.5898,2.3975,-233108.23,-240547.49,-48109.5,1,4,55040.04
MUTHOOTFIN26JUNFUT,0.1,0.001,2.0,0.3,0.3,1.0,0.5,-11.4397,2.3575,-234045.59,-240382.01,-48076.4,1,4,54701.07
MUTHOOTFIN26JUNFUT,0.1,0.001,2.0,0.3,0.3,1.0,0.6,-10.3097,2.4125,-233799.29,-234902.4,-46980.48,1,4,57381.51
MUTHOOTFIN26JUNFUT,0.1,0.001,2.0,0.3,0.3,1.5,0.4,-19.8214,3.025,-184623.68,-225597.78,-45119.56,0,4,39868.68
MUTHOOTFIN26JUNFUT,0.1,0.001,2.0,0.3,0.3,1.5,0.5,-19.8162,3.0275,-184423.03,-225386.14,-45077.23,0,4,39891.46
MUTHOOTFIN26JUNFUT,0.1,0.001,2.0,0.3,0.3,1.5,0.6,-20.3657,3.035,-187342.35,-229270.2,-45854.04,0,4,40249.51
MUTHOOTFIN26JUNFUT,0.1,0.001,2.0,0.3,0.3,2.0,0.4,-8.7512,3.235,-172830.49,-181334.97,-36266.99,2,4,52048.36
MUTHOOTFIN26JUNFUT,0.1,0.001,2.0,0.3,0.3,2.0,0.5,-8.7501,3.235,-172792.0,-181296.49,-36259.3,2,4,52054.48
MUTHOOTFIN26JUNFUT,0.1,0.001,2.0,0.3,0.3,2.0,0.6,-8.6082,3.23,-170839.96,-179344.45,-35868.89,2,4,52473.95
MUTHOOTFIN26JUNFUT,0.1,0.001,2.0,0.3,0.5,1.0,0.4,-11.5904,2.3975,-233110.98,-240552.99,-48110.6,1,4,55039.01
MUTHOOTFIN26JUNFUT,0.1,0.001,2.0,0.3,0.5,1.0,0.5,-11.4398,2.3575,-234048.34,-240384.76,-48076.95,1,4,54700.46
MUTHOOTFIN26JUNFUT,0.1,0.001,2.0,0.3,0.5,1.0,0.6,-10.3097,2.4125,-233799.29,-234902.41,-46980.48,1,4,57381.51
MUTHOOTFIN26JUNFUT,0.1,0.001,2.0,0.3,0.5,1.5,0.4,-19.8211,3.025,-184634.68,-225606.03,-45121.21,0,4,39866.34
MUTHOOTFIN26JUNFUT,0.1,0.001,2.0,0.3,0.5,1.5,0.5,-19.8157,3.0275,-184428.53,-225388.89,-45077.78,0,4,39890.32
MUTHOOTFIN26JUNFUT,0.1,0.001,2.0,0.3,0.5,1.5,0.6,-20.3657,3.035,-187342.35,-229270.2,-45854.04,0,4,40249.51
MUTHOOTFIN26JUNFUT,0.1,0.001,2.0,0.3,0.5,2.0,0.4,-8.7512,3.235,-172830.49,-181334.97,-36266.99,2,4,52048.36
MUTHOOTFIN26JUNFUT,0.1,0.001,2.0,0.3,0.5,2.0,0.5,-8.7501,3.235,-172792.0,-181296.49,-36259.3,2,4,52054.48
MUTHOOTFIN26JUNFUT,0.1,0.001,2.0,0.3,0.5,2.0,0.6,-8.6082,3.23,-170839.96,-179344.45,-35868.89,2,4,52473.95
MUTHOOTFIN26JUNFUT,0.1,0.001,2.0,0.3,1.0,1.0,0.4,-11.6999,2.385,-234498.73,-241940.74,-48388.15,1,4,54910.9
MUTHOOTFIN26JUNFUT,0.1,0.001,2.0,0.3,1.0,1.0,0.5,-11.4397,2.3575,-234045.59,-240382.02,-48076.4,1,4,54701.07
MUTHOOTFIN26JUNFUT,0.1,0.001,2.0,0.3,1.0,1.0,0.6,-10.3097,2.4125,-233799.29,-234902.41,-46980.48,1,4,57381.51
MUTHOOTFIN26JUNFUT,0.1,0.001,2.0,0.3,1.0,1.5,0.4,-20.1342,3.0425,-183049.26,-224020.61,-44804.12,0,4,39544.91
MUTHOOTFIN26JUNFUT,0.1,0.001,2.0,0.3,1.0,1.5,0.5,-20.1294,3.045,-182845.85,-223806.21,-44761.24,0,4,39568.5
MUTHOOTFIN26JUNFUT,0.1,0.001,2.0,0.3,1.0,1.5,0.6,-20.3658,3.035,-187345.1,-229272.95,-45854.59,0,4,40248.91
MUTHOOTFIN26JUNFUT,0.1,0.001,2.0,0.3,1.0,2.0,0.4,-8.7512,3.235,-172830.49,-181334.97,-36266.99,2,4,52048.36
MUTHOOTFIN26JUNFUT,0.1,0.001,2.0,0.3,1.0,2.0,0.5,-8.7501,3.235,-172792.0,-181296.49,-36259.3,2,4,52054.48
MUTHOOTFIN26JUNFUT,0.1,0.001,2.0,0.3,1.0,2.0,0.6,-8.6082,3.23,-170839.96,-179344.45,-35868.89,2,4,52473.95
MUTHOOTFIN26JUNFUT,0.1,0.001,2.0,0.5,0.3,1.0,0.4,-11.5898,2.3975,-233108.23,-240547.49,-48109.5,1,4,55040.04
MUTHOOTFIN26JUNFUT,0.1,0.001,2.0,0.5,0.3,1.0,0.5,-11.4397,2.3575,-234045.59,-240382.01,-48076.4,1,4,54701.07
MUTHOOTFIN26JUNFUT,0.1,0.001,2.0,0.5,0.3,1.0,0.6,-10.3097,2.4125,-233799.29,-234902.4,-46980.48,1,4,57381.51
MUTHOOTFIN26JUNFUT,0.1,0.001,2.0,0.5,0.3,1.5,0.4,-19.8214,3.025,-184623.68,-225597.78,-45119.56,0,4,39868.68
MUTHOOTFIN26JUNFUT,0.1,0.001,2.0,0.5,0.3,1.5,0.5,-19.8162,3.0275,-184423.03,-225386.14,-45077.23,0,4,39891.46
MUTHOOTFIN26JUNFUT,0.1,0.001,2.0,0.5,0.3,1.5,0.6,-20.3657,3.035,-187342.35,-229270.2,-45854.04,0,4,40249.51
MUTHOOTFIN26JUNFUT,0.1,0.001,2.0,0.5,0.3,2.0,0.4,-8.7512,3.235,-172830.49,-181334.97,-36266.99,2,4,52048.36
MUTHOOTFIN26JUNFUT,0.1,0.001,2.0,0.5,0.3,2.0,0.5,-8.7501,3.235,-172792.0,-181296.49,-36259.3,2,4,52054.48
MUTHOOTFIN26JUNFUT,0.1,0.001,2.0,0.5,0.3,2.0,0.6,-8.6082,3.23,-170839.96,-179344.45,-35868.89,2,4,52473.95
MUTHOOTFIN26JUNFUT,0.1,0.001,2.0,0.5,0.5,1.0,0.4,-11.5904,2.3975,-233110.98,-240552.99,-48110.6,1,4,55039.01
MUTHOOTFIN26JUNFUT,0.1,0.001,2.0,0.5,0.5,1.0,0.5,-11.4398,2.3575,-234048.34,-240384.76,-48076.95,1,4,54700.46
MUTHOOTFIN26JUNFUT,0.1,0.001,2.0,0.5,0.5,1.0,0.6,-10.3097,2.4125,-233799.29,-234902.41,-46980.48,1,4,57381.51
MUTHOOTFIN26JUNFUT,0.1,0.001,2.0,0.5,0.5,1.5,0.4,-19.8211,3.025,-184634.68,-225606.03,-45121.21,0,4,39866.34
MUTHOOTFIN26JUNFUT,0.1,0.001,2.0,0.5,0.5,1.5,0.5,-19.8157,3.0275,-184428.53,-225388.89,-45077.78,0,4,39890.32
MUTHOOTFIN26JUNFUT,0.1,0.001,2.0,0.5,0.5,1.5,0.6,-20.3657,3.035,-187342.35,-229270.2,-45854.04,0,4,40249.51
MUTHOOTFIN26JUNFUT,0.1,0.001,2.0,0.5,0.5,2.0,0.4,-8.7512,3.235,-172830.49,-181334.97,-36266.99,2,4,52048.36
MUTHOOTFIN26JUNFUT,0.1,0.001,2.0,0.5,0.5,2.0,0.5,-8.7501,3.235,-172792.0,-181296.49,-36259.3,2,4,52054.48
MUTHOOTFIN26JUNFUT,0.1,0.001,2.0,0.5,0.5,2.0,0.6,-8.6082,3.23,-170839.96,-179344.45,-35868.89,2,4,52473.95
MUTHOOTFIN26JUNFUT,0.1,0.001,2.0,0.5,1.0,1.0,0.4,-11.6999,2.385,-234498.73,-241940.74,-48388.15,1,4,54910.9
MUTHOOTFIN26JUNFUT,0.1,0.001,2.0,0.5,1.0,1.0,0.5,-11.4397,2.3575,-234045.59,-240382.02,-48076.4,1,4,54701.07
MUTHOOTFIN26JUNFUT,0.1,0.001,2.0,0.5,1.0,1.0,0.6,-10.3097,2.4125,-233799.29,-234902.41,-46980.48,1,4,57381.51
MUTHOOTFIN26JUNFUT,0.1,0.001,2.0,0.5,1.0,1.5,0.4,-20.1342,3.0425,-183049.26,-224020.61,-44804.12,0,4,39544.91
MUTHOOTFIN26JUNFUT,0.1,0.001,2.0,0.5,1.0,1.5,0.5,-20.1294,3.045,-182845.85,-223806.21,-44761.24,0,4,39568.5
MUTHOOTFIN26JUNFUT,0.1,0.001,2.0,0.5,1.0,1.5,0.6,-20.3658,3.035,-187345.1,-229272.95,-45854.59,0,4,40248.91
MUTHOOTFIN26JUNFUT,0.1,0.001,2.0,0.5,1.0,2.0,0.4,-8.7512,3.235,-172830.49,-181334.97,-36266.99,2,4,52048.36
MUTHOOTFIN26JUNFUT,0.1,0.001,2.0,0.5,1.0,2.0,0.5,-8.7501,3.235,-172792.0,-181296.49,-36259.3,2,4,52054.48
MUTHOOTFIN26JUNFUT,0.1,0.001,2.0,0.5,1.0,2.0,0.6,-8.6082,3.23,-170839.96,-179344.45,-35868.89,2,4,52473.95
NTPC26JUNFUT,0.1,0.001,2.0,0.2,0.3,1.0,0.4,-9.4934,-4.0325,-13524.07,-14290.55,-2858.11,0,4,5317.4
NTPC26JUNFUT,0.1,0.001,2.0,0.2,0.3,1.0,0.5,-9.4934,-4.0325,-13524.07,-14290.55,-2858.11,0,4,5317.4
NTPC26JUNFUT,0.1,0.001,2.0,0.2,0.3,1.0,0.6,-9.4934,-4.0325,-13524.07,-14290.55,-2858.11,0,4,5317.4
NTPC26JUNFUT,0.1,0.001,2.0,0.2,0.3,1.5,0.4,-11.2435,9.685,-25066.98,-27493.72,-5498.74,1,4,7011.79
NTPC26JUNFUT,0.1,0.001,2.0,0.2,0.3,1.5,0.5,-11.2435,9.685,-25066.98,-27493.72,-5498.74,1,4,7011.79
NTPC26JUNFUT,0.1,0.001,2.0,0.2,0.3,1.5,0.6,-11.2447,9.685,-25066.98,-27496.37,-5499.27,1,4,7011.55
NTPC26JUNFUT,0.1,0.001,2.0,0.2,0.3,2.0,0.4,-9.3757,-0.305,-27487.72,-24817.38,-4963.48,2,4,11671.25
NTPC26JUNFUT,0.1,0.001,2.0,0.2,0.3,2.0,0.5,-9.3765,-0.305,-27472.73,-24802.39,-4960.48,2,4,11666.7
NTPC26JUNFUT,0.1,0.001,2.0,0.2,0.3,2.0,0.6,-9.3574,-0.3,-27352.79,-24682.45,-4936.49,2,4,11657.66
NTPC26JUNFUT,0.1,0.001,2.0,0.2,0.5,1.0,0.4,-9.4934,-4.0325,-13524.07,-14290.55,-2858.11,0,4,5317.4
NTPC26JUNFUT,0.1,0.001,2.0,0.2,0.5,1.0,0.5,-9.4934,-4.0325,-13524.07,-14290.55,-2858.11,0,4,5317.4
NTPC26JUNFUT,0.1,0.001,2.0,0.2,0.5,1.0,0.6,-9.4934,-4.0325,-13524.07,-14290.55,-2858.11,0,4,5317.4
NTPC26JUNFUT,0.1,0.001,2.0,0.2,0.5,1.5,0.4,-11.2435,9.685,-25066.98,-27493.72,-5498.74,1,4,7011.79
NTPC26JUNFUT,0.1,0.001,2.0,0.2,0.5,1.5,0.5,-11.2435,9.685,-25066.98,-27493.72,-5498.74,1,4,7011.79
NTPC26JUNFUT,0.1,0.001,2.0,0.2,0.5,1.5,0.6,-11.2447,9.685,-25066.98,-27496.37,-5499.27,1,4,7011.55
NTPC26JUNFUT,0.1,0.001,2.0,0.2,0.5,2.0,0.4,-9.3843,-0.325,-27542.89,-24872.56,-4974.51,2,4,11675.47
NTPC26JUNFUT,0.1,0.001,2.0,0.2,0.5,2.0,0.5,-9.3851,-0.325,-27527.9,-24857.56,-4971.51,2,4,11670.92
NTPC26JUNFUT,0.1,0.001,2.0,0.2,0.5,2.0,0.6,-9.3662,-0.3175,-27407.96,-24737.63,-4947.53,2,4,11661.79
NTPC26JUNFUT,0.1,0.001,2.0,0.2,1.0,1.0,0.4,-9.4934,-4.0325,-13524.07,-14290.55,-2858.11,0,4,5317.4
NTPC26JUNFUT,0.1,0.001,2.0,0.2,1.0,1.0,0.5,-9.4934,-4.0325,-13524.07,-14290.55,-2858.11,0,4,5317.4
NTPC26JUNFUT,0.1,0.001,2.0,0.2,1.0,1.0,0.6,-9.4934,-4.0325,-13524.07,-14290.55,-2858.11,0,4,5317.4
NTPC26JUNFUT,0.1,0.001,2.0,0.2,1.0,1.5,0.4,-11.2435,9.685,-25066.98,-27493.72,-5498.74,1,4,7011.79
NTPC26JUNFUT,0.1,0.001,2.0,0.2,1.0,1.5,0.5,-11.2435,9.685,-25066.98,-27493.72,-5498.74,1,4,7011.79
NTPC26JUNFUT,0.1,0.001,2.0,0.2,1.0,1.5,0.6,-11.2447,9.685,-25066.98,-27496.37,-5499.27,1,4,7011.55
NTPC26JUNFUT,0.1,0.001,2.0,0.2,1.0,2.0,0.4,-9.3843,-0.325,-27542.89,-24872.56,-4974.51,2,4,11675.47
NTPC26JUNFUT,0.1,0.001,2.0,0.2,1.0,2.0,0.5,-9.3851,-0.325,-27527.9,-24857.56,-4971.51,2,4,11670.92
NTPC26JUNFUT,0.1,0.001,2.0,0.2,1.0,2.0,0.6,-9.3662,-0.3175,-27407.96,-24737.63,-4947.53,2,4,11661.79
NTPC26JUNFUT,0.1,0.001,2.0,0.3,0.3,1.0,0.4,-9.4934,-4.0325,-13524.07,-14290.55,-2858.11,0,4,5317.4
NTPC26JUNFUT,0.1,0.001,2.0,0.3,0.3,1.0,0.5,-9.4934,-4.0325,-13524.07,-14290.55,-2858.11,0,4,5317.4
NTPC26JUNFUT,0.1,0.001,2.0,0.3,0.3,1.0,0.6,-9.4934,-4.0325,-13524.07,-14290.55,-2858.11,0,4,5317.4
NTPC26JUNFUT,0.1,0.001,2.0,0.3,0.3,1.5,0.4,-11.2435,9.685,-25066.98,-27493.72,-5498.74,1,4,7011.79
NTPC26JUNFUT,0.1,0.001,2.0,0.3,0.3,1.5,0.5,-11.2435,9.685,-25066.98,-27493.72,-5498.74,1,4,7011.79
NTPC26JUNFUT,0.1,0.001,2.0,0.3,0.3,1.5,0.6,-11.2447,9.685,-25066.98,-27496.37,-5499.27,1,4,7011.55
NTPC26JUNFUT,0.1,0.001,2.0,0.3,0.3,2.0,0.4,-9.3757,-0.305,-27487.72,-24817.38,-4963.48,2,4,11671.25
NTPC26JUNFUT,0.1,0.001,2.0,0.3,0.3,2.0,0.5,-9.3765,-0.305,-27472.73,-24802.39,-4960.48,2,4,11666.7
NTPC26JUNFUT,0.1,0.001,2.0,0.3,0.3,2.0,0.6,-9.3574,-0.3,-27352.79,-24682.45,-4936.49,2,4,11657.66
NTPC26JUNFUT,0.1,0.001,2.0,0.3,0.5,1.0,0.4,-9.4934,-4.0325,-13524.07,-14290.55,-2858.11,0,4,5317.4
NTPC26JUNFUT,0.1,0.001,2.0,0.3,0.5,1.0,0.5,-9.4934,-4.0325,-13524.07,-14290.55,-2858.11,0,4,5317.4
NTPC26JUNFUT,0.1,0.001,2.0,0.3,0.5,1.0,0.6,-9.4934,-4.0325,-13524.07,-14290.55,-2858.11,0,4,5317.4
NTPC26JUNFUT,0.1,0.001,2.0,0.3,0.5,1.5,0.4,-11.2435,9.685,-25066.98,-27493.72,-5498.74,1,4,7011.79
NTPC26JUNFUT,0.1,0.001,2.0,0.3,0.5,1.5,0.5,-11.2435,9.685,-25066.98,-27493.72,-5498.74,1,4,7011.79
NTPC26JUNFUT,0.1,0.001,2.0,0.3,0.5,1.5,0.6,-11.2447,9.685,-25066.98,-27496.37,-5499.27,1,4,7011.55
NTPC26JUNFUT,0.1,0.001,2.0,0.3,0.5,2.0,0.4,-9.3843,-0.325,-27542.89,-24872.56,-4974.51,2,4,11675.47
NTPC26JUNFUT,0.1,0.001,2.0,0.3,0.5,2.0,0.5,-9.3851,-0.325,-27527.9,-24857.56,-4971.51,2,4,11670.92
NTPC26JUNFUT,0.1,0.001,2.0,0.3,0.5,2.0,0.6,-9.3662,-0.3175,-27407.96,-24737.63,-4947.53,2,4,11661.79
NTPC26JUNFUT,0.1,0.001,2.0,0.3,1.0,1.0,0.4,-9.4934,-4.0325,-13524.07,-14290.55,-2858.11,0,4,5317.4
NTPC26JUNFUT,0.1,0.001,2.0,0.3,1.0,1.0,0.5,-9.4934,-4.0325,-13524.07,-14290.55,-2858.11,0,4,5317.4
NTPC26JUNFUT,0.1,0.001,2.0,0.3,1.0,1.0,0.6,-9.4934,-4.0325,-13524.07,-14290.55,-2858.11,0,4,5317.4
NTPC26JUNFUT,0.1,0.001,2.0,0.3,1.0,1.5,0.4,-11.2435,9.685,-25066.98,-27493.72,-5498.74,1,4,7011.79
NTPC26JUNFUT,0.1,0.001,2.0,0.3,1.0,1.5,0.5,-11.2435,9.685,-25066.98,-27493.72,-5498.74,1,4,7011.79
NTPC26JUNFUT,0.1,0.001,2.0,0.3,1.0,1.5,0.6,-11.2447,9.685,-25066.98,-27496.37,-5499.27,1,4,7011.55
NTPC26JUNFUT,0.1,0.001,2.0,0.3,1.0,2.0,0.4,-9.3843,-0.325,-27542.89,-24872.56,-4974.51,2,4,11675.47
NTPC26JUNFUT,0.1,0.001,2.0,0.3,1.0,2.0,0.5,-9.3851,-0.325,-27527.9,-24857.56,-4971.51,2,4,11670.92
NTPC26JUNFUT,0.1,0.001,2.0,0.3,1.0,2.0,0.6,-9.3662,-0.3175,-27407.96,-24737.63,-4947.53,2,4,11661.79
NTPC26JUNFUT,0.1,0.001,2.0,0.5,0.3,1.0,0.4,-9.4934,-4.0325,-13524.07,-14290.55,-2858.11,0,4,5317.4
NTPC26JUNFUT,0.1,0.001,2.0,0.5,0.3,1.0,0.5,-9.4934,-4.0325,-13524.07,-14290.55,-2858.11,0,4,5317.4
NTPC26JUNFUT,0.1,0.001,2.0,0.5,0.3,1.0,0.6,-9.4934,-4.0325,-13524.07,-14290.55,-2858.11,0,4,5317.4
NTPC26JUNFUT,0.1,0.001,2.0,0.5,0.3,1.5,0.4,-11.2435,9.685,-25066.98,-27493.72,-5498.74,1,4,7011.79
NTPC26JUNFUT,0.1,0.001,2.0,0.5,0.3,1.5,0.5,-11.2435,9.685,-25066.98,-27493.72,-5498.74,1,4,7011.79
NTPC26JUNFUT,0.1,0.001,2.0,0.5,0.3,1.5,0.6,-11.2447,9.685,-25066.98,-27496.37,-5499.27,1,4,7011.55
NTPC26JUNFUT,0.1,0.001,2.0,0.5,0.3,2.0,0.4,-9.3757,-0.305,-27487.72,-24817.38,-4963.48,2,4,11671.25
NTPC26JUNFUT,0.1,0.001,2.0,0.5,0.3,2.0,0.5,-9.3765,-0.305,-27472.73,-24802.39,-4960.48,2,4,11666.7
NTPC26JUNFUT,0.1,0.001,2.0,0.5,0.3,2.0,0.6,-9.3574,-0.3,-27352.79,-24682.45,-4936.49,2,4,11657.66
NTPC26JUNFUT,0.1,0.001,2.0,0.5,0.5,1.0,0.4,-9.4934,-4.0325,-13524.07,-14290.55,-2858.11,0,4,5317.4
NTPC26JUNFUT,0.1,0.001,2.0,0.5,0.5,1.0,0.5,-9.4934,-4.0325,-13524.07,-14290.55,-2858.11,0,4,5317.4
NTPC26JUNFUT,0.1,0.001,2.0,0.5,0.5,1.0,0.6,-9.4934,-4.0325,-13524.07,-14290.55,-2858.11,0,4,5317.4
NTPC26JUNFUT,0.1,0.001,2.0,0.5,0.5,1.5,0.4,-11.2435,9.685,-25066.98,-27493.72,-5498.74,1,4,7011.79
NTPC26JUNFUT,0.1,0.001,2.0,0.5,0.5,1.5,0.5,-11.2435,9.685,-25066.98,-27493.72,-5498.74,1,4,7011.79
NTPC26JUNFUT,0.1,0.001,2.0,0.5,0.5,1.5,0.6,-11.2447,9.685,-25066.98,-27496.37,-5499.27,1,4,7011.55
NTPC26JUNFUT,0.1,0.001,2.0,0.5,0.5,2.0,0.4,-9.3843,-0.325,-27542.89,-24872.56,-4974.51,2,4,11675.47
NTPC26JUNFUT,0.1,0.001,2.0,0.5,0.5,2.0,0.5,-9.3851,-0.325,-27527.9,-24857.56,-4971.51,2,4,11670.92
NTPC26JUNFUT,0.1,0.001,2.0,0.5,0.5,2.0,0.6,-9.3662,-0.3175,-27407.96,-24737.63,-4947.53,2,4,11661.79
NTPC26JUNFUT,0.1,0.001,2.0,0.5,1.0,1.0,0.4,-9.4934,-4.0325,-13524.07,-14290.55,-2858.11,0,4,5317.4
NTPC26JUNFUT,0.1,0.001,2.0,0.5,1.0,1.0,0.5,-9.4934,-4.0325,-13524.07,-14290.55,-2858.11,0,4,5317.4
NTPC26JUNFUT,0.1,0.001,2.0,0.5,1.0,1.0,0.6,-9.4934,-4.0325,-13524.07,-14290.55,-2858.11,0,4,5317.4
NTPC26JUNFUT,0.1,0.001,2.0,0.5,1.0,1.5,0.4,-11.2435,9.685,-25066.98,-27493.72,-5498.74,1,4,7011.79
NTPC26JUNFUT,0.1,0.001,2.0,0.5,1.0,1.5,0.5,-11.2435,9.685,-25066.98,-27493.72,-5498.74,1,4,7011.79
NTPC26JUNFUT,0.1,0.001,2.0,0.5,1.0,1.5,0.6,-11.2447,9.685,-25066.98,-27496.37,-5499.27,1,4,7011.55
NTPC26JUNFUT,0.1,0.001,2.0,0.5,1.0,2.0,0.4,-9.3843,-0.325,-27542.89,-24872.56,-4974.51,2,4,11675.47
NTPC26JUNFUT,0.1,0.001,2.0,0.5,1.0,2.0,0.5,-9.3851,-0.325,-27527.9,-24857.56,-4971.51,2,4,11670.92
NTPC26JUNFUT,0.1,0.001,2.0,0.5,1.0,2.0,0.6,-9.3662,-0.3175,-27407.96,-24737.63,-4947.53,2,4,11661.79
NBCC26JUNFUT,0.05,0.0005,1.0,0.2,0.3,1.0,0.4,2.2913,0.0,11454.92,11454.92,2290.98,1,4,4581.97
NBCC26JUNFUT,0.05,0.0005,1.0,0.2,0.3,1.0,0.5,2.2913,0.0,11454.55,11454.55,2290.91,1,4,4581.82
NBCC26JUNFUT,0.05,0.0005,1.0,0.2,0.3,1.0,0.6,2.2913,0.0,11454.55,11454.55,2290.91,1,4,4581.82
NBCC26JUNFUT,0.05,0.0005,1.0,0.2,0.3,1.5,0.4,9.7404,0.0,6672.56,6672.56,1334.51,2,4,3330.89
NBCC26JUNFUT,0.05,0.0005,1.0,0.2,0.3,1.5,0.5,9.7403,0.0,6672.39,6672.39,1334.48,2,4,3330.93
NBCC26JUNFUT,0.05,0.0005,1.0,0.2,0.3,1.5,0.6,9.7401,0.0,6672.22,6672.22,1334.44,2,4,3330.92
NBCC26JUNFUT,0.05,0.0005,1.0,0.2,0.3,2.0,0.4,7.2439,30.6725,62067.34,61250.25,12250.05,2,4,30126.21
NBCC26JUNFUT,0.05,0.0005,1.0,0.2,0.3,2.0,0.5,7.2439,30.6725,62067.27,61250.18,12250.04,2,4,30126.22
NBCC26JUNFUT,0.05,0.0005,1.0,0.2,0.3,2.0,0.6,7.2439,30.6725,62067.13,61250.05,12250.01,2,4,30126.17
NBCC26JUNFUT,0.05,0.0005,1.0,0.2,0.5,1.0,0.4,2.2913,0.0,11454.92,11454.92,2290.98,1,4,4581.97
NBCC26JUNFUT,0.05,0.0005,1.0,0.2,0.5,1.0,0.5,2.2913,0.0,11454.55,11454.55,2290.91,1,4,4581.82
NBCC26JUNFUT,0.05,0.0005,1.0,0.2,0.5,1.0,0.6,2.2913,0.0,11454.55,11454.55,2290.91,1,4,4581.82
NBCC26JUNFUT,0.05,0.0005,1.0,0.2,0.5,1.5,0.4,9.7404,0.0,6672.56,6672.56,1334.51,2,4,3330.89
NBCC26JUNFUT,0.05,0.0005,1.0,0.2,0.5,1.5,0.5,9.7403,0.0,6672.39,6672.39,1334.48,2,4,3330.93
NBCC26JUNFUT,0.05,0.0005,1.0,0.2,0.5,1.5,0.6,9.7401,0.0,6672.22,6672.22,1334.44,2,4,3330.92
NBCC26JUNFUT,0.05,0.0005,1.0,0.2,0.5,2.0,0.4,7.2439,30.6725,62067.34,61250.25,12250.05,2,4,30126.21
NBCC26JUNFUT,0.05,0.0005,1.0,0.2,0.5,2.0,0.5,7.2439,30.6725,62067.27,61250.18,12250.04,2,4,30126.22
NBCC26JUNFUT,0.05,0.0005,1.0,0.2,0.5,2.0,0.6,7.2439,30.6725,62067.13,61250.05,12250.01,2,4,30126.17
NBCC26JUNFUT,0.05,0.0005,1.0,0.2,1.0,1.0,0.4,2.2913,0.0,11454.92,11454.92,2290.98,1,4,4581.97
NBCC26JUNFUT,0.05,0.0005,1.0,0.2,1.0,1.0,0.5,2.2913,0.0,11454.55,11454.55,2290.91,1,4,4581.82
NBCC26JUNFUT,0.05,0.0005,1.0,0.2,1.0,1.0,0.6,2.2913,0.0,11454.55,11454.55,2290.91,1,4,4581.82
NBCC26JUNFUT,0.05,0.0005,1.0,0.2,1.0,1.5,0.4,9.7404,0.0,6672.56,6672.56,1334.51,2,4,3330.89
NBCC26JUNFUT,0.05,0.0005,1.0,0.2,1.0,1.5,0.5,9.7403,0.0,6672.39,6672.39,1334.48,2,4,3330.93
NBCC26JUNFUT,0.05,0.0005,1.0,0.2,1.0,1.5,0.6,9.7401,0.0,6672.22,6672.22,1334.44,2,4,3330.92
NBCC26JUNFUT,0.05,0.0005,1.0,0.2,1.0,2.0,0.4,7.2439,30.6725,62067.34,61250.25,12250.05,2,4,30126.21
NBCC26JUNFUT,0.05,0.0005,1.0,0.2,1.0,2.0,0.5,7.2439,30.6725,62067.27,61250.18,12250.04,2,4,30126.22
NBCC26JUNFUT,0.05,0.0005,1.0,0.2,1.0,2.0,0.6,7.2439,30.6725,62067.13,61250.05,12250.01,2,4,30126.17
NBCC26JUNFUT,0.05,0.0005,1.0,0.3,0.3,1.0,0.4,2.2913,0.0,11454.92,11454.92,2290.98,1,4,4581.97
NBCC26JUNFUT,0.05,0.0005,1.0,0.3,0.3,1.0,0.5,2.2913,0.0,11454.55,11454.55,2290.91,1,4,4581.82
NBCC26JUNFUT,0.05,0.0005,1.0,0.3,0.3,1.0,0.6,2.2913,0.0,11454.55,11454.55,2290.91,1,4,4581.82
NBCC26JUNFUT,0.05,0.0005,1.0,0.3,0.3,1.5,0.4,9.7404,0.0,6672.56,6672.56,1334.51,2,4,3330.89
NBCC26JUNFUT,0.05,0.0005,1.0,0.3,0.3,1.5,0.5,9.7403,0.0,6672.39,6672.39,1334.48,2,4,3330.93
NBCC26JUNFUT,0.05,0.0005,1.0,0.3,0.3,1.5,0.6,9.7401,0.0,6672.22,6672.22,1334.44,2,4,3330.92
NBCC26JUNFUT,0.05,0.0005,1.0,0.3,0.3,2.0,0.4,7.2439,30.6725,62067.34,61250.25,12250.05,2,4,30126.21
NBCC26JUNFUT,0.05,0.0005,1.0,0.3,0.3,2.0,0.5,7.2439,30.6725,62067.27,61250.18,12250.04,2,4,30126.22
NBCC26JUNFUT,0.05,0.0005,1.0,0.3,0.3,2.0,0.6,7.2439,30.6725,62067.13,61250.05,12250.01,2,4,30126.17
NBCC26JUNFUT,0.05,0.0005,1.0,0.3,0.5,1.0,0.4,2.2913,0.0,11454.92,11454.92,2290.98,1,4,4581.97
NBCC26JUNFUT,0.05,0.0005,1.0,0.3,0.5,1.0,0.5,2.2913,0.0,11454.55,11454.55,2290.91,1,4,4581.82
NBCC26JUNFUT,0.05,0.0005,1.0,0.3,0.5,1.0,0.6,2.2913,0.0,11454.55,11454.55,2290.91,1,4,4581.82
NBCC26JUNFUT,0.05,0.0005,1.0,0.3,0.5,1.5,0.4,9.7404,0.0,6672.56,6672.56,1334.51,2,4,3330.89
NBCC26JUNFUT,0.05,0.0005,1.0,0.3,0.5,1.5,0.5,9.7403,0.0,6672.39,6672.39,1334.48,2,4,3330.93
NBCC26JUNFUT,0.05,0.0005,1.0,0.3,0.5,1.5,0.6,9.7401,0.0,6672.22,6672.22,1334.44,2,4,3330.92
NBCC26JUNFUT,0.05,0.0005,1.0,0.3,0.5,2.0,0.4,7.2439,30.6725,62067.34,61250.25,12250.05,2,4,30126.21
NBCC26JUNFUT,0.05,0.0005,1.0,0.3,0.5,2.0,0.5,7.2439,30.6725,62067.27,61250.18,12250.04,2,4,30126.22
NBCC26JUNFUT,0.05,0.0005,1.0,0.3,0.5,2.0,0.6,7.2439,30.6725,62067.13,61250.05,12250.01,2,4,30126.17
NBCC26JUNFUT,0.05,0.0005,1.0,0.3,1.0,1.0,0.4,2.2913,0.0,11454.92,11454.92,2290.98,1,4,4581.97
NBCC26JUNFUT,0.05,0.0005,1.0,0.3,1.0,1.0,0.5,2.2913,0.0,11454.55,11454.55,2290.91,1,4,4581.82
NBCC26JUNFUT,0.05,0.0005,1.0,0.3,1.0,1.0,0.6,2.2913,0.0,11454.55,11454.55,2290.91,1,4,4581.82
NBCC26JUNFUT,0.05,0.0005,1.0,0.3,1.0,1.5,0.4,9.7404,0.0,6672.56,6672.56,1334.51,2,4,3330.89
NBCC26JUNFUT,0.05,0.0005,1.0,0.3,1.0,1.5,0.5,9.7403,0.0,6672.39,6672.39,1334.48,2,4,3330.93
NBCC26JUNFUT,0.05,0.0005,1.0,0.3,1.0,1.5,0.6,9.7401,0.0,6672.22,6672.22,1334.44,2,4,3330.92
NBCC26JUNFUT,0.05,0.0005,1.0,0.3,1.0,2.0,0.4,7.2439,30.6725,62067.34,61250.25,12250.05,2,4,30126.21
NBCC26JUNFUT,0.05,0.0005,1.0,0.3,1.0,2.0,0.5,7.2439,30.6725,62067.27,61250.18,12250.04,2,4,30126.22
NBCC26JUNFUT,0.05,0.0005,1.0,0.3,1.0,2.0,0.6,7.2439,30.6725,62067.13,61250.05,12250.01,2,4,30126.17
NBCC26JUNFUT,0.05,0.0005,1.0,0.5,0.3,1.0,0.4,2.2913,0.0,11454.92,11454.92,2290.98,1,4,4581.97
NBCC26JUNFUT,0.05,0.0005,1.0,0.5,0.3,1.0,0.5,2.2913,0.0,11454.55,11454.55,2290.91,1,4,4581.82
NBCC26JUNFUT,0.05,0.0005,1.0,0.5,0.3,1.0,0.6,2.2913,0.0,11454.55,11454.55,2290.91,1,4,4581.82
NBCC26JUNFUT,0.05,0.0005,1.0,0.5,0.3,1.5,0.4,9.7404,0.0,6672.56,6672.56,1334.51,2,4,3330.89
NBCC26JUNFUT,0.05,0.0005,1.0,0.5,0.3,1.5,0.5,9.7403,0.0,6672.39,6672.39,1334.48,2,4,3330.93
NBCC26JUNFUT,0.05,0.0005,1.0,0.5,0.3,1.5,0.6,9.7401,0.0,6672.22,6672.22,1334.44,2,4,3330.92
NBCC26JUNFUT,0.05,0.0005,1.0,0.5,0.3,2.0,0.4,7.2439,30.6725,62067.34,61250.25,12250.05,2,4,30126.21
NBCC26JUNFUT,0.05,0.0005,1.0,0.5,0.3,2.0,0.5,7.2439,30.6725,62067.27,61250.18,12250.04,2,4,30126.22
NBCC26JUNFUT,0.05,0.0005,1.0,0.5,0.3,2.0,0.6,7.2439,30.6725,62067.13,61250.05,12250.01,2,4,30126.17
NBCC26JUNFUT,0.05,0.0005,1.0,0.5,0.5,1.0,0.4,2.2913,0.0,11454.92,11454.92,2290.98,1,4,4581.97
NBCC26JUNFUT,0.05,0.0005,1.0,0.5,0.5,1.0,0.5,2.2913,0.0,11454.55,11454.55,2290.91,1,4,4581.82
NBCC26JUNFUT,0.05,0.0005,1.0,0.5,0.5,1.0,0.6,2.2913,0.0,11454.55,11454.55,2290.91,1,4,4581.82
NBCC26JUNFUT,0.05,0.0005,1.0,0.5,0.5,1.5,0.4,9.7404,0.0,6672.56,6672.56,1334.51,2,4,3330.89
NBCC26JUNFUT,0.05,0.0005,1.0,0.5,0.5,1.5,0.5,9.7403,0.0,6672.39,6672.39,1334.48,2,4,3330.93
NBCC26JUNFUT,0.05,0.0005,1.0,0.5,0.5,1.5,0.6,9.7401,0.0,6672.22,6672.22,1334.44,2,4,3330.92
NBCC26JUNFUT,0.05,0.0005,1.0,0.5,0.5,2.0,0.4,7.2439,30.6725,62067.34,61250.25,12250.05,2,4,30126.21
NBCC26JUNFUT,0.05,0.0005,1.0,0.5,0.5,2.0,0.5,7.2439,30.6725,62067.27,61250.18,12250.04,2,4,30126.22
NBCC26JUNFUT,0.05,0.0005,1.0,0.5,0.5,2.0,0.6,7.2439,30.6725,62067.13,61250.05,12250.01,2,4,30126.17
NBCC26JUNFUT,0.05,0.0005,1.0,0.5,1.0,1.0,0.4,2.2913,0.0,11454.92,11454.92,2290.98,1,4,4581.97
NBCC26JUNFUT,0.05,0.0005,1.0,0.5,1.0,1.0,0.5,2.2913,0.0,11454.55,11454.55,2290.91,1,4,4581.82
NBCC26JUNFUT,0.05,0.0005,1.0,0.5,1.0,1.0,0.6,2.2913,0.0,11454.55,11454.55,2290.91,1,4,4581.82
NBCC26JUNFUT,0.05,0.0005,1.0,0.5,1.0,1.5,0.4,9.7404,0.0,6672.56,6672.56,1334.51,2,4,3330.89
NBCC26JUNFUT,0.05,0.0005,1.0,0.5,1.0,1.5,0.5,9.7403,0.0,6672.39,6672.39,1334.48,2,4,3330.93
NBCC26JUNFUT,0.05,0.0005,1.0,0.5,1.0,1.5,0.6,9.7401,0.0,6672.22,6672.22,1334.44,2,4,3330.92
NBCC26JUNFUT,0.05,0.0005,1.0,0.5,1.0,2.0,0.4,7.2439,30.6725,62067.34,61250.25,12250.05,2,4,30126.21
NBCC26JUNFUT,0.05,0.0005,1.0,0.5,1.0,2.0,0.5,7.2439,30.6725,62067.27,61250.18,12250.04,2,4,30126.22
NBCC26JUNFUT,0.05,0.0005,1.0,0.5,1.0,2.0,0.6,7.2439,30.6725,62067.13,61250.05,12250.01,2,4,30126.17
OBEROIRLTY26JUNFUT,0.05,0.0005,2.0,0.2,0.3,1.0,0.4,-4.3917,5.685,58732.99,39202.56,7840.51,3,4,63019.75
OBEROIRLTY26JUNFUT,0.05,0.0005,2.0,0.2,0.3,1.0,0.5,-4.3603,5.6975,61223.73,41700.31,8340.06,3,4,62180.99
OBEROIRLTY26JUNFUT,0.05,0.0005,2.0,0.2,0.3,1.0,0.6,-7.6664,5.835,61821.11,43167.73,8633.55,2,4,58616.93
OBEROIRLTY26JUNFUT,0.05,0.0005,2.0,0.2,0.3,1.5,0.4,13.8266,6.5875,165385.97,165667.83,33133.57,5,4,29474.74
OBEROIRLTY26JUNFUT,0.05,0.0005,2.0,0.2,0.3,1.5,0.5,13.8664,6.555,162637.77,162919.63,32583.93,5,4,29267.9
OBEROIRLTY26JUNFUT,0.05,0.0005,2.0,0.2,0.3,1.5,0.6,12.7943,6.575,165409.97,163828.42,32765.68,4,4,28767.26
OBEROIRLTY26JUNFUT,0.05,0.0005,2.0,0.2,0.3,2.0,0.4,-1.7898,4.9375,35336.24,-5427.91,-1085.58,2,4,36975.28
OBEROIRLTY26JUNFUT,0.05,0.0005,2.0,0.2,0.3,2.0,0.5,-1.7895,4.9375,35339.74,-5424.41,-1084.88,2,4,36975.3
OBEROIRLTY26JUNFUT,0.05,0.0005,2.0,0.2,0.3,2.0,0.6,-3.7211,4.69,24898.79,-24539.5,-4907.9,2,4,37255.2
OBEROIRLTY26JUNFUT,0.05,0.0005,2.0,0.2,0.5,1.0,0.4,-5.9472,5.5775,55537.57,36007.14,7201.43,3,4,62865.99
OBEROIRLTY26JUNFUT,0.05,0.0005,2.0,0.2,0.5,1.0,0.5,-5.9358,5.59,58028.31,38504.88,7700.98,3,4,62030.76
OBEROIRLTY26JUNFUT,0.05,0.0005,2.0,0.2,0.5,1.0,0.6,-7.6587,5.8425,62521.55,43868.16,8773.63,2,4,58879.06
OBEROIRLTY26JUNFUT,0.05,0.0005,2.0,0.2,0.5,1.5,0.4,13.8263,6.585,165375.47,165657.33,33131.47,5,4,29474.25
OBEROIRLTY26JUNFUT,0.05,0.0005,2.0,0.2,0.5,1.5,0.5,13.8661,6.5525,162627.27,162909.13,32581.83,5,4,29267.36
OBEROIRLTY26JUNFUT,0.05,0.0005,2.0,0.2,0.5,1.5,0.6,12.7943,6.575,165413.47,163831.92,32766.38,4,4,28766.81
OBEROIRLTY26JUNFUT,0.05,0.0005,2.0,0.2,0.5,2.0,0.4,-1.7898,4.9425,35560.1,-5204.05,-1040.81,2,4,36928.49
OBEROIRLTY26JUNFUT,0.05,0.0005,2.0,0.2,0.5,2.0,0.5,-1.7895,4.9425,35563.6,-5200.55,-1040.11,2,4,36928.5
OBEROIRLTY26JUNFUT,0.05,0.0005,2.0,0.2,0.5,2.0,0.6,-3.7211,4.69,24898.79,-24539.5,-4907.9,2,4,37255.2
OBEROIRLTY26JUNFUT,0.05,0.0005,2.0,0.2,1.0,1.0,0.4,-5.9472,5.5725,55543.21,36012.78,7202.56,3,4,62864.28
OBEROIRLTY26JUNFUT,0.05,0.0005,2.0,0.2,1.0,1.0,0.5,-5.9359,5.585,58026.95,38503.53,7700.71,3,4,62028.66
OBEROIRLTY26JUNFUT,0.05,0.0005,2.0,0.2,1.0,1.0,0.6,-7.6587,5.8425,62525.05,43871.66,8774.33,2,4,58878.96
OBEROIRLTY26JUNFUT,0.05,0.0005,2.0,0.2,1.0,1.5,0.4,13.8268,6.5875,165378.96,165660.82,33132.16,5,4,29472.31
OBEROIRLTY26JUNFUT,0.05,0.0005,2.0,0.2,1.0,1.5,0.5,13.8667,6.555,162627.27,162909.13,32581.83,5,4,29265.19
OBEROIRLTY26JUNFUT,0.05,0.0005,2.0,0.2,1.0,1.5,0.6,12.7943,6.575,165409.97,163828.42,32765.68,4,4,28767.26
OBEROIRLTY26JUNFUT,0.05,0.0005,2.0,0.2,1.0,2.0,0.4,-1.7904,4.9425,35556.6,-5207.55,-1041.51,2,4,36927.72
OBEROIRLTY26JUNFUT,0.05,0.0005,2.0,0.2,1.0,2.0,0.5,-1.7898,4.9425,35563.6,-5200.55,-1040.11,2,4,36927.76
OBEROIRLTY26JUNFUT,0.05,0.0005,2.0,0.2,1.0,2.0,0.6,-3.7211,4.69,24898.79,-24539.5,-4907.9,2,4,37255.2
OBEROIRLTY26JUNFUT,0.05,0.0005,2.0,0.3,0.3,1.0,0.4,-4.3917,5.685,58732.99,39202.56,7840.51,3,4,63019.75
OBEROIRLTY26JUNFUT,0.05,0.0005,2.0,0.3,0.3,1.0,0.5,-4.3603,5.6975,61223.73,41700.31,8340.06,3,4,62180.99
OBEROIRLTY26JUNFUT,0.05,0.0005,2.0,0.3,0.3,1.0,0.6,-7.6664,5.835,61821.11,43167.73,8633.55,2,4,58616.93
OBEROIRLTY26JUNFUT,0.05,0.0005,2.0,0.3,0.3,1.5,0.4,13.8266,6.5875,165385.97,165667.83,33133.57,5,4,29474.74
OBEROIRLTY26JUNFUT,0.05,0.0005,2.0,0.3,0.3,1.5,0.5,13.8664,6.555,162637.77,162919.63,32583.93,5,4,29267.9
OBEROIRLTY26JUNFUT,0.05,0.0005,2.0,0.3,0.3,1.5,0.6,12.7943,6.575,165409.97,163828.42,32765.68,4,4,28767.26
OBEROIRLTY26JUNFUT,0.05,0.0005,2.0,0.3,0.3,2.0,0.4,-1.7898,4.9375,35336.24,-5427.91,-1085.58,2,4,36975.28
OBEROIRLTY26JUNFUT,0.05,0.0005,2.0,0.3,0.3,2.0,0.5,-1.7895,4.9375,35339.74,-5424.41,-1084.88,2,4,36975.3
OBEROIRLTY26JUNFUT,0.05,0.0005,2.0,0.3,0.3,2.0,0.6,-3.7211,4.69,24898.79,-24539.5,-4907.9,2,4,37255.2
OBEROIRLTY26JUNFUT,0.05,0.0005,2.0,0.3,0.5,1.0,0.4,-5.9472,5.5775,55537.57,36007.14,7201.43,3,4,62865.99
OBEROIRLTY26JUNFUT,0.05,0.0005,2.0,0.3,0.5,1.0,0.5,-5.9358,5.59,58028.31,38504.88,7700.98,3,4,62030.76
OBEROIRLTY26JUNFUT,0.05,0.0005,2.0,0.3,0.5,1.0,0.6,-7.6587,5.8425,62521.55,43868.16,8773.63,2,4,58879.06
OBEROIRLTY26JUNFUT,0.05,0.0005,2.0,0.3,0.5,1.5,0.4,13.8263,6.585,165375.47,165657.33,33131.47,5,4,29474.25
OBEROIRLTY26JUNFUT,0.05,0.0005,2.0,0.3,0.5,1.5,0.5,13.8661,6.5525,162627.27,162909.13,32581.83,5,4,29267.36
OBEROIRLTY26JUNFUT,0.05,0.0005,2.0,0.3,0.5,1.5,0.6,12.7943,6.575,165413.47,163831.92,32766.38,4,4,28766.81
OBEROIRLTY26JUNFUT,0.05,0.0005,2.0,0.3,0.5,2.0,0.4,-1.7898,4.9425,35560.1,-5204.05,-1040.81,2,4,36928.49
OBEROIRLTY26JUNFUT,0.05,0.0005,2.0,0.3,0.5,2.0,0.5,-1.7895,4.9425,35563.6,-5200.55,-1040.11,2,4,36928.5
OBEROIRLTY26JUNFUT,0.05,0.0005,2.0,0.3,0.5,2.0,0.6,-3.7211,4.69,24898.79,-24539.5,-4907.9,2,4,37255.2
OBEROIRLTY26JUNFUT,0.05,0.0005,2.0,0.3,1.0,1.0,0.4,-5.9472,5.5725,55543.21,36012.78,7202.56,3,4,62864.28
OBEROIRLTY26JUNFUT,0.05,0.0005,2.0,0.3,1.0,1.0,0.5,-5.9359,5.585,58026.95,38503.53,7700.71,3,4,62028.66
OBEROIRLTY26JUNFUT,0.05,0.0005,2.0,0.3,1.0,1.0,0.6,-7.6587,5.8425,62525.05,43871.66,8774.33,2,4,58878.96
OBEROIRLTY26JUNFUT,0.05,0.0005,2.0,0.3,1.0,1.5,0.4,13.8268,6.5875,165378.96,165660.82,33132.16,5,4,29472.31
OBEROIRLTY26JUNFUT,0.05,0.0005,2.0,0.3,1.0,1.5,0.5,13.8667,6.555,162627.27,162909.13,32581.83,5,4,29265.19
OBEROIRLTY26JUNFUT,0.05,0.0005,2.0,0.3,1.0,1.5,0.6,12.7943,6.575,165409.97,163828.42,32765.68,4,4,28767.26
OBEROIRLTY26JUNFUT,0.05,0.0005,2.0,0.3,1.0,2.0,0.4,-1.7904,4.9425,35556.6,-5207.55,-1041.51,2,4,36927.72
OBEROIRLTY26JUNFUT,0.05,0.0005,2.0,0.3,1.0,2.0,0.5,-1.7898,4.9425,35563.6,-5200.55,-1040.11,2,4,36927.76
OBEROIRLTY26JUNFUT,0.05,0.0005,2.0,0.3,1.0,2.0,0.6,-3.7211,4.69,24898.79,-24539.5,-4907.9,2,4,37255.2
OBEROIRLTY26JUNFUT,0.05,0.0005,2.0,0.5,0.3,1.0,0.4,-4.3917,5.685,58732.99,39202.56,7840.51,3,4,63019.75
OBEROIRLTY26JUNFUT,0.05,0.0005,2.0,0.5,0.3,1.0,0.5,-4.3603,5.6975,61223.73,41700.31,8340.06,3,4,62180.99
OBEROIRLTY26JUNFUT,0.05,0.0005,2.0,0.5,0.3,1.0,0.6,-7.6664,5.835,61821.11,43167.73,8633.55,2,4,58616.93
OBEROIRLTY26JUNFUT,0.05,0.0005,2.0,0.5,0.3,1.5,0.4,13.8266,6.5875,165385.97,165667.83,33133.57,5,4,29474.74
OBEROIRLTY26JUNFUT,0.05,0.0005,2.0,0.5,0.3,1.5,0.5,13.8664,6.555,162637.77,162919.63,32583.93,5,4,29267.9
OBEROIRLTY26JUNFUT,0.05,0.0005,2.0,0.5,0.3,1.5,0.6,12.7943,6.575,165409.97,163828.42,32765.68,4,4,28767.26
OBEROIRLTY26JUNFUT,0.05,0.0005,2.0,0.5,0.3,2.0,0.4,-1.7898,4.9375,35336.24,-5427.91,-1085.58,2,4,36975.28
OBEROIRLTY26JUNFUT,0.05,0.0005,2.0,0.5,0.3,2.0,0.5,-1.7895,4.9375,35339.74,-5424.41,-1084.88,2,4,36975.3
OBEROIRLTY26JUNFUT,0.05,0.0005,2.0,0.5,0.3,2.0,0.6,-3.7211,4.69,24898.79,-24539.5,-4907.9,2,4,37255.2
OBEROIRLTY26JUNFUT,0.05,0.0005,2.0,0.5,0.5,1.0,0.4,-5.9472,5.5775,55537.57,36007.14,7201.43,3,4,62865.99
OBEROIRLTY26JUNFUT,0.05,0.0005,2.0,0.5,0.5,1.0,0.5,-5.9358,5.59,58028.31,38504.88,7700.98,3,4,62030.76
OBEROIRLTY26JUNFUT,0.05,0.0005,2.0,0.5,0.5,1.0,0.6,-7.6587,5.8425,62521.55,43868.16,8773.63,2,4,58879.06
OBEROIRLTY26JUNFUT,0.05,0.0005,2.0,0.5,0.5,1.5,0.4,13.8263,6.585,165375.47,165657.33,33131.47,5,4,29474.25
OBEROIRLTY26JUNFUT,0.05,0.0005,2.0,0.5,0.5,1.5,0.5,13.8661,6.5525,162627.27,162909.13,32581.83,5,4,29267.36
OBEROIRLTY26JUNFUT,0.05,0.0005,2.0,0.5,0.5,1.5,0.6,12.7943,6.575,165413.47,163831.92,32766.38,4,4,28766.81
OBEROIRLTY26JUNFUT,0.05,0.0005,2.0,0.5,0.5,2.0,0.4,-1.7898,4.9425,35560.1,-5204.05,-1040.81,2,4,36928.49
OBEROIRLTY26JUNFUT,0.05,0.0005,2.0,0.5,0.5,2.0,0.5,-1.7895,4.9425,35563.6,-5200.55,-1040.11,2,4,36928.5
OBEROIRLTY26JUNFUT,0.05,0.0005,2.0,0.5,0.5,2.0,0.6,-3.7211,4.69,24898.79,-24539.5,-4907.9,2,4,37255.2
OBEROIRLTY26JUNFUT,0.05,0.0005,2.0,0.5,1.0,1.0,0.4,-5.9472,5.5725,55543.21,36012.78,7202.56,3,4,62864.28
OBEROIRLTY26JUNFUT,0.05,0.0005,2.0,0.5,1.0,1.0,0.5,-5.9359,5.585,58026.95,38503.53,7700.71,3,4,62028.66
OBEROIRLTY26JUNFUT,0.05,0.0005,2.0,0.5,1.0,1.0,0.6,-7.6587,5.8425,62525.05,43871.66,8774.33,2,4,58878.96
OBEROIRLTY26JUNFUT,0.05,0.0005,2.0,0.5,1.0,1.5,0.4,13.8268,6.5875,165378.96,165660.82,33132.16,5,4,29472.31
OBEROIRLTY26JUNFUT,0.05,0.0005,2.0,0.5,1.0,1.5,0.5,13.8667,6.555,162627.27,162909.13,32581.83,5,4,29265.19
OBEROIRLTY26JUNFUT,0.05,0.0005,2.0,0.5,1.0,1.5,0.6,12.7943,6.575,165409.97,163828.42,32765.68,4,4,28767.26
OBEROIRLTY26JUNFUT,0.05,0.0005,2.0,0.5,1.0,2.0,0.4,-1.7904,4.9425,35556.6,-5207.55,-1041.51,2,4,36927.72
OBEROIRLTY26JUNFUT,0.05,0.0005,2.0,0.5,1.0,2.0,0.5,-1.7898,4.9425,35563.6,-5200.55,-1040.11,2,4,36927.76
OBEROIRLTY26JUNFUT,0.05,0.0005,2.0,0.5,1.0,2.0,0.6,-3.7211,4.69,24898.79,-24539.5,-4907.9,2,4,37255.2
NESTLEIND26JUNFUT,0.1,0.001,2.0,0.2,0.3,1.0,0.4,2.7788,4.285,-12703.63,4406.48,881.3,2,4,23156.68
NESTLEIND26JUNFUT,0.1,0.001,2.0,0.2,0.3,1.0,0.5,-0.9342,3.835,-28751.1,-11640.99,-2328.2,2,4,22680.21
NESTLEIND26JUNFUT,0.1,0.001,2.0,0.2,0.3,1.0,0.6,-1.4464,3.91,-18990.53,-7940.12,-1588.02,2,4,22498.89
NESTLEIND26JUNFUT,0.1,0.001,2.0,0.2,0.3,1.5,0.4,-27.2625,3.7525,-76556.92,-109748.48,-21949.7,1,4,44306.98
NESTLEIND26JUNFUT,0.1,0.001,2.0,0.2,0.3,1.5,0.5,-25.7229,3.6175,-87407.9,-120599.47,-24119.89,1,4,44696.92
NESTLEIND26JUNFUT,0.1,0.001,2.0,0.2,0.3,1.5,0.6,-23.6836,3.5625,-90292.12,-120269.19,-24053.84,1,4,44420.17
NESTLEIND26JUNFUT,0.1,0.001,2.0,0.2,0.3,2.0,0.4,-21.9618,3.6275,-111094.36,-133970.36,-26794.07,2,4,37606.72
NESTLEIND26JUNFUT,0.1,0.001,2.0,0.2,0.3,2.0,0.5,-21.6346,3.5925,-113537.43,-136408.44,-27281.69,2,4,38249.46
NESTLEIND26JUNFUT,0.1,0.001,2.0,0.2,0.3,2.0,0.6,-24.9217,3.5575,-120883.8,-149082.64,-29816.53,2,4,37904.94
NESTLEIND26JUNFUT,0.1,0.001,2.0,0.2,0.5,1.0,0.4,2.7806,4.285,-12698.64,4411.47,882.29,2,4,23156.97
NESTLEIND26JUNFUT,0.1,0.001,2.0,0.2,0.5,1.0,0.5,-0.934,3.835,-28746.11,-11636.0,-2327.2,2,4,22680.3
NESTLEIND26JUNFUT,0.1,0.001,2.0,0.2,0.5,1.0,0.6,-1.4462,3.91,-18985.54,-7935.12,-1587.02,2,4,22498.7
NESTLEIND26JUNFUT,0.1,0.001,2.0,0.2,0.5,1.5,0.4,-27.2517,3.7525,-76581.92,-109768.49,-21953.7,1,4,44311.54
NESTLEIND26JUNFUT,0.1,0.001,2.0,0.2,0.5,1.5,0.5,-25.7179,3.6175,-87427.9,-120614.47,-24122.89,1,4,44700.01
NESTLEIND26JUNFUT,0.1,0.001,2.0,0.2,0.5,1.5,0.6,-23.6836,3.5625,-90287.12,-120264.19,-24052.84,1,4,44420.43
NESTLEIND26JUNFUT,0.1,0.001,2.0,0.2,0.5,2.0,0.4,-21.9601,3.6275,-111109.36,-133985.37,-26797.07,2,4,37608.97
NESTLEIND26JUNFUT,0.1,0.001,2.0,0.2,0.5,2.0,0.5,-21.6344,3.5925,-113547.43,-136418.44,-27283.69,2,4,38248.94
NESTLEIND26JUNFUT,0.1,0.001,2.0,0.2,0.5,2.0,0.6,-24.922,3.5575,-120888.8,-149087.64,-29817.53,2,4,37903.59
NESTLEIND26JUNFUT,0.1,0.001,2.0,0.2,1.0,1.0,0.4,2.7787,4.285,-12708.65,4401.46,880.29,2,4,23158.7
NESTLEIND26JUNFUT,0.1,0.001,2.0,0.2,1.0,1.0,0.5,-0.9319,3.835,-28736.11,-11626.0,-2325.2,2,4,22678.61
NESTLEIND26JUNFUT,0.1,0.001,2.0,0.2,1.0,1.0,0.6,-1.445,3.91,-18980.54,-7930.13,-1586.03,2,4,22498.08
NESTLEIND26JUNFUT,0.1,0.001,2.0,0.2,1.0,1.5,0.4,-27.243,3.75,-76606.92,-109793.49,-21958.7,1,4,44315.47
NESTLEIND26JUNFUT,0.1,0.001,2.0,0.2,1.0,1.5,0.5,-25.7123,3.6175,-87437.9,-120624.48,-24124.9,1,4,44703.6
NESTLEIND26JUNFUT,0.1,0.001,2.0,0.2,1.0,1.5,0.6,-23.6836,3.5625,-90292.12,-120269.19,-24053.84,1,4,44420.17
NESTLEIND26JUNFUT,0.1,0.001,2.0,0.2,1.0,2.0,0.4,-21.6587,3.6025,-113948.79,-136824.8,-27364.96,2,4,38032.9
NESTLEIND26JUNFUT,0.1,0.001,2.0,0.2,1.0,2.0,0.5,-21.6362,3.5925,-113592.44,-136463.44,-27292.69,2,4,38239.34
NESTLEIND26JUNFUT,0.1,0.001,2.0,0.2,1.0,2.0,0.6,-24.922,3.5575,-120888.8,-149087.64,-29817.53,2,4,37903.59
NESTLEIND26JUNFUT,0.1,0.001,2.0,0.3,0.3,1.0,0.4,2.7788,4.285,-12703.63,4406.48,881.3,2,4,23156.68
NESTLEIND26JUNFUT,0.1,0.001,2.0,0.3,0.3,1.0,0.5,-0.9342,3.835,-28751.1,-11640.99,-2328.2,2,4,22680.21
NESTLEIND26JUNFUT,0.1,0.001,2.0,0.3,0.3,1.0,0.6,-1.4464,3.91,-18990.53,-7940.12,-1588.02,2,4,22498.89
NESTLEIND26JUNFUT,0.1,0.001,2.0,0.3,0.3,1.5,0.4,-27.2625,3.7525,-76556.92,-109748.48,-21949.7,1,4,44306.98
NESTLEIND26JUNFUT,0.1,0.001,2.0,0.3,0.3,1.5,0.5,-25.7229,3.6175,-87407.9,-120599.47,-24119.89,1,4,44696.92
NESTLEIND26JUNFUT,0.1,0.001,2.0,0.3,0.3,1.5,0.6,-23.6836,3.5625,-90292.12,-120269.19,-24053.84,1,4,44420.17
NESTLEIND26JUNFUT,0.1,0.001,2.0,0.3,0.3,2.0,0.4,-21.9618,3.6275,-111094.36,-133970.36,-26794.07,2,4,37606.72
NESTLEIND26JUNFUT,0.1,0.001,2.0,0.3,0.3,2.0,0.5,-21.6346,3.5925,-113537.43,-136408.44,-27281.69,2,4,38249.46
NESTLEIND26JUNFUT,0.1,0.001,2.0,0.3,0.3,2.0,0.6,-24.9217,3.5575,-120883.8,-149082.64,-29816.53,2,4,37904.94
NESTLEIND26JUNFUT,0.1,0.001,2.0,0.3,0.5,1.0,0.4,2.7806,4.285,-12698.64,4411.47,882.29,2,4,23156.97
NESTLEIND26JUNFUT,0.1,0.001,2.0,0.3,0.5,1.0,0.5,-0.934,3.835,-28746.11,-11636.0,-2327.2,2,4,22680.3
NESTLEIND26JUNFUT,0.1,0.001,2.0,0.3,0.5,1.0,0.6,-1.4462,3.91,-18985.54,-7935.12,-1587.02,2,4,22498.7
NESTLEIND26JUNFUT,0.1,0.001,2.0,0.3,0.5,1.5,0.4,-27.2517,3.7525,-76581.92,-109768.49,-21953.7,1,4,44311.54
NESTLEIND26JUNFUT,0.1,0.001,2.0,0.3,0.5,1.5,0.5,-25.7179,3.6175,-87427.9,-120614.47,-24122.89,1,4,44700.01
NESTLEIND26JUNFUT,0.1,0.001,2.0,0.3,0.5,1.5,0.6,-23.6836,3.5625,-90287.12,-120264.19,-24052.84,1,4,44420.43
NESTLEIND26JUNFUT,0.1,0.001,2.0,0.3,0.5,2.0,0.4,-21.9601,3.6275,-111109.36,-133985.37,-26797.07,2,4,37608.97
NESTLEIND26JUNFUT,0.1,0.001,2.0,0.3,0.5,2.0,0.5,-21.6344,3.5925,-113547.43,-136418.44,-27283.69,2,4,38248.94
NESTLEIND26JUNFUT,0.1,0.001,2.0,0.3,0.5,2.0,0.6,-24.922,3.5575,-120888.8,-149087.64,-29817.53,2,4,37903.59
NESTLEIND26JUNFUT,0.1,0.001,2.0,0.3,1.0,1.0,0.4,2.7787,4.285,-12708.65,4401.46,880.29,2,4,23158.7
NESTLEIND26JUNFUT,0.1,0.001,2.0,0.3,1.0,1.0,0.5,-0.9319,3.835,-28736.11,-11626.0,-2325.2,2,4,22678.61
NESTLEIND26JUNFUT,0.1,0.001,2.0,0.3,1.0,1.0,0.6,-1.445,3.91,-18980.54,-7930.13,-1586.03,2,4,22498.08
NESTLEIND26JUNFUT,0.1,0.001,2.0,0.3,1.0,1.5,0.4,-27.243,3.75,-76606.92,-109793.49,-21958.7,1,4,44315.47
NESTLEIND26JUNFUT,0.1,0.001,2.0,0.3,1.0,1.5,0.5,-25.7123,3.6175,-87437.9,-120624.48,-24124.9,1,4,44703.6
NESTLEIND26JUNFUT,0.1,0.001,2.0,0.3,1.0,1.5,0.6,-23.6836,3.5625,-90292.12,-120269.19,-24053.84,1,4,44420.17
NESTLEIND26JUNFUT,0.1,0.001,2.0,0.3,1.0,2.0,0.4,-21.6587,3.6025,-113948.79,-136824.8,-27364.96,2,4,38032.9
NESTLEIND26JUNFUT,0.1,0.001,2.0,0.3,1.0,2.0,0.5,-21.6362,3.5925,-113592.44,-136463.44,-27292.69,2,4,38239.34
NESTLEIND26JUNFUT,0.1,0.001,2.0,0.3,1.0,2.0,0.6,-24.922,3.5575,-120888.8,-149087.64,-29817.53,2,4,37903.59
NESTLEIND26JUNFUT,0.1,0.001,2.0,0.5,0.3,1.0,0.4,2.7788,4.285,-12703.63,4406.48,881.3,2,4,23156.68
NESTLEIND26JUNFUT,0.1,0.001,2.0,0.5,0.3,1.0,0.5,-0.9342,3.835,-28751.1,-11640.99,-2328.2,2,4,22680.21
NESTLEIND26JUNFUT,0.1,0.001,2.0,0.5,0.3,1.0,0.6,-1.4464,3.91,-18990.53,-7940.12,-1588.02,2,4,22498.89
NESTLEIND26JUNFUT,0.1,0.001,2.0,0.5,0.3,1.5,0.4,-27.2625,3.7525,-76556.92,-109748.48,-21949.7,1,4,44306.98
NESTLEIND26JUNFUT,0.1,0.001,2.0,0.5,0.3,1.5,0.5,-25.7229,3.6175,-87407.9,-120599.47,-24119.89,1,4,44696.92
NESTLEIND26JUNFUT,0.1,0.001,2.0,0.5,0.3,1.5,0.6,-23.6836,3.5625,-90292.12,-120269.19,-24053.84,1,4,44420.17
NESTLEIND26JUNFUT,0.1,0.001,2.0,0.5,0.3,2.0,0.4,-21.9618,3.6275,-111094.36,-133970.36,-26794.07,2,4,37606.72
NESTLEIND26JUNFUT,0.1,0.001,2.0,0.5,0.3,2.0,0.5,-21.6346,3.5925,-113537.43,-136408.44,-27281.69,2,4,38249.46
NESTLEIND26JUNFUT,0.1,0.001,2.0,0.5,0.3,2.0,0.6,-24.9217,3.5575,-120883.8,-149082.64,-29816.53,2,4,37904.94
NESTLEIND26JUNFUT,0.1,0.001,2.0,0.5,0.5,1.0,0.4,2.7806,4.285,-12698.64,4411.47,882.29,2,4,23156.97
NESTLEIND26JUNFUT,0.1,0.001,2.0,0.5,0.5,1.0,0.5,-0.934,3.835,-28746.11,-11636.0,-2327.2,2,4,22680.3
NESTLEIND26JUNFUT,0.1,0.001,2.0,0.5,0.5,1.0,0.6,-1.4462,3.91,-18985.54,-7935.12,-1587.02,2,4,22498.7
NESTLEIND26JUNFUT,0.1,0.001,2.0,0.5,0.5,1.5,0.4,-27.2517,3.7525,-76581.92,-109768.49,-21953.7,1,4,44311.54
NESTLEIND26JUNFUT,0.1,0.001,2.0,0.5,0.5,1.5,0.5,-25.7179,3.6175,-87422.9,-120609.47,-24121.89,1,4,44700.28
NESTLEIND26JUNFUT,0.1,0.001,2.0,0.5,0.5,1.5,0.6,-23.6836,3.5625,-90287.12,-120264.19,-24052.84,1,4,44420.43
NESTLEIND26JUNFUT,0.1,0.001,2.0,0.5,0.5,2.0,0.4,-21.9601,3.6275,-111109.36,-133985.37,-26797.07,2,4,37608.97
NESTLEIND26JUNFUT,0.1,0.001,2.0,0.5,0.5,2.0,0.5,-21.6344,3.5925,-113547.43,-136418.44,-27283.69,2,4,38248.94
NESTLEIND26JUNFUT,0.1,0.001,2.0,0.5,0.5,2.0,0.6,-24.922,3.5575,-120888.8,-149087.64,-29817.53,2,4,37903.59
NESTLEIND26JUNFUT,0.1,0.001,2.0,0.5,1.0,1.0,0.4,2.7787,4.285,-12708.65,4401.46,880.29,2,4,23158.7
NESTLEIND26JUNFUT,0.1,0.001,2.0,0.5,1.0,1.0,0.5,-0.9319,3.835,-28736.11,-11626.0,-2325.2,2,4,22678.61
NESTLEIND26JUNFUT,0.1,0.001,2.0,0.5,1.0,1.0,0.6,-1.445,3.91,-18980.54,-7930.13,-1586.03,2,4,22498.08
NESTLEIND26JUNFUT,0.1,0.001,2.0,0.5,1.0,1.5,0.4,-27.243,3.75,-76606.92,-109793.49,-21958.7,1,4,44315.47
NESTLEIND26JUNFUT,0.1,0.001,2.0,0.5,1.0,1.5,0.5,-25.7123,3.6175,-87437.9,-120624.48,-24124.9,1,4,44703.6
NESTLEIND26JUNFUT,0.1,0.001,2.0,0.5,1.0,1.5,0.6,-23.6836,3.5625,-90292.12,-120269.19,-24053.84,1,4,44420.17
NESTLEIND26JUNFUT,0.1,0.001,2.0,0.5,1.0,2.0,0.4,-21.6587,3.6025,-113948.79,-136824.8,-27364.96,2,4,38032.9
NESTLEIND26JUNFUT,0.1,0.001,2.0,0.5,1.0,2.0,0.5,-21.6362,3.5925,-113592.44,-136463.44,-27292.69,2,4,38239.34
NESTLEIND26JUNFUT,0.1,0.001,2.0,0.5,1.0,2.0,0.6,-24.922,3.5575,-120888.8,-149087.64,-29817.53,2,4,37903.59
ONGC26JUNFUT,0.05,0.005,3.0,0.2,0.3,1.0,0.4,-12.54,0.0,252.08,-20401.69,-4080.34,1,4,9069.53
ONGC26JUNFUT,0.05,0.005,3.0,0.2,0.3,1.0,0.5,-12.54,0.0,252.08,-20401.69,-4080.34,1,4,9069.53
ONGC26JUNFUT,0.05,0.005,3.0,0.2,0.3,1.0,0.6,-12.54,0.0,252.08,-20401.69,-4080.34,1,4,9069.53
ONGC26JUNFUT,0.05,0.005,3.0,0.2,0.3,1.5,0.4,-22.4158,5.1,11525.34,4673.89,934.78,2,4,10060.58
ONGC26JUNFUT,0.05,0.005,3.0,0.2,0.3,1.5,0.5,-22.4158,5.1,11525.34,4673.89,934.78,2,4,10060.58
ONGC26JUNFUT,0.05,0.005,3.0,0.2,0.3,1.5,0.6,-19.3497,4.855,9865.42,3013.97,602.79,2,4,10488.99
ONGC26JUNFUT,0.05,0.005,3.0,0.2,0.3,2.0,0.4,-20.2292,21.505,-6987.77,-14653.07,-2930.61,2,4,7614.54
ONGC26JUNFUT,0.05,0.005,3.0,0.2,0.3,2.0,0.5,-20.2292,21.505,-6987.77,-14653.07,-2930.61,2,4,7614.54
ONGC26JUNFUT,0.05,0.005,3.0,0.2,0.3,2.0,0.6,-20.2848,21.5075,-6942.76,-14608.06,-2921.61,2,4,7600.09
ONGC26JUNFUT,0.05,0.005,3.0,0.2,0.5,1.0,0.4,-12.54,0.0,252.08,-20401.69,-4080.34,1,4,9069.53
ONGC26JUNFUT,0.05,0.005,3.0,0.2,0.5,1.0,0.5,-12.54,0.0,252.08,-20401.69,-4080.34,1,4,9069.53
ONGC26JUNFUT,0.05,0.005,3.0,0.2,0.5,1.0,0.6,-12.54,0.0,252.08,-20401.69,-4080.34,1,4,9069.53
ONGC26JUNFUT,0.05,0.005,3.0,0.2,0.5,1.5,0.4,-22.4158,5.1,11525.34,4673.89,934.78,2,4,10060.58
ONGC26JUNFUT,0.05,0.005,3.0,0.2,0.5,1.5,0.5,-22.4158,5.1,11525.34,4673.89,934.78,2,4,10060.58
ONGC26JUNFUT,0.05,0.005,3.0,0.2,0.5,1.5,0.6,-19.3497,4.855,9865.42,3013.97,602.79,2,4,10488.99
ONGC26JUNFUT,0.05,0.005,3.0,0.2,0.5,2.0,0.4,-20.2292,21.505,-6987.77,-14653.07,-2930.61,2,4,7614.54
ONGC26JUNFUT,0.05,0.005,3.0,0.2,0.5,2.0,0.5,-20.2292,21.505,-6987.77,-14653.07,-2930.61,2,4,7614.54
ONGC26JUNFUT,0.05,0.005,3.0,0.2,0.5,2.0,0.6,-20.2848,21.5075,-6942.76,-14608.06,-2921.61,2,4,7600.09
ONGC26JUNFUT,0.05,0.005,3.0,0.2,1.0,1.0,0.4,-12.54,0.0,252.08,-20401.69,-4080.34,1,4,9069.53
ONGC26JUNFUT,0.05,0.005,3.0,0.2,1.0,1.0,0.5,-12.54,0.0,252.08,-20401.69,-4080.34,1,4,9069.53
ONGC26JUNFUT,0.05,0.005,3.0,0.2,1.0,1.0,0.6,-12.54,0.0,252.08,-20401.69,-4080.34,1,4,9069.53
ONGC26JUNFUT,0.05,0.005,3.0,0.2,1.0,1.5,0.4,-22.4158,5.1,11525.34,4673.89,934.78,2,4,10060.58
ONGC26JUNFUT,0.05,0.005,3.0,0.2,1.0,1.5,0.5,-22.4158,5.1,11525.34,4673.89,934.78,2,4,10060.58
ONGC26JUNFUT,0.05,0.005,3.0,0.2,1.0,1.5,0.6,-19.3497,4.855,9865.42,3013.97,602.79,2,4,10488.99
ONGC26JUNFUT,0.05,0.005,3.0,0.2,1.0,2.0,0.4,-20.2292,21.505,-6987.77,-14653.07,-2930.61,2,4,7614.54
ONGC26JUNFUT,0.05,0.005,3.0,0.2,1.0,2.0,0.5,-20.2292,21.505,-6987.77,-14653.07,-2930.61,2,4,7614.54
ONGC26JUNFUT,0.05,0.005,3.0,0.2,1.0,2.0,0.6,-20.2848,21.5075,-6942.76,-14608.06,-2921.61,2,4,7600.09
ONGC26JUNFUT,0.05,0.005,3.0,0.3,0.3,1.0,0.4,-12.54,0.0,252.08,-20401.69,-4080.34,1,4,9069.53
ONGC26JUNFUT,0.05,0.005,3.0,0.3,0.3,1.0,0.5,-12.54,0.0,252.08,-20401.69,-4080.34,1,4,9069.53
ONGC26JUNFUT,0.05,0.005,3.0,0.3,0.3,1.0,0.6,-12.54,0.0,252.08,-20401.69,-4080.34,1,4,9069.53
ONGC26JUNFUT,0.05,0.005,3.0,0.3,0.3,1.5,0.4,-22.4158,5.1,11525.34,4673.89,934.78,2,4,10060.58
ONGC26JUNFUT,0.05,0.005,3.0,0.3,0.3,1.5,0.5,-22.4158,5.1,11525.34,4673.89,934.78,2,4,10060.58
ONGC26JUNFUT,0.05,0.005,3.0,0.3,0.3,1.5,0.6,-19.3497,4.855,9865.42,3013.97,602.79,2,4,10488.99
ONGC26JUNFUT,0.05,0.005,3.0,0.3,0.3,2.0,0.4,-20.2292,21.505,-6987.77,-14653.07,-2930.61,2,4,7614.54
ONGC26JUNFUT,0.05,0.005,3.0,0.3,0.3,2.0,0.5,-20.2292,21.505,-6987.77,-14653.07,-2930.61,2,4,7614.54
ONGC26JUNFUT,0.05,0.005,3.0,0.3,0.3,2.0,0.6,-20.2848,21.5075,-6942.76,-14608.06,-2921.61,2,4,7600.09
ONGC26JUNFUT,0.05,0.005,3.0,0.3,0.5,1.0,0.4,-12.54,0.0,252.08,-20401.69,-4080.34,1,4,9069.53
ONGC26JUNFUT,0.05,0.005,3.0,0.3,0.5,1.0,0.5,-12.54,0.0,252.08,-20401.69,-4080.34,1,4,9069.53
ONGC26JUNFUT,0.05,0.005,3.0,0.3,0.5,1.0,0.6,-12.54,0.0,252.08,-20401.69,-4080.34,1,4,9069.53
ONGC26JUNFUT,0.05,0.005,3.0,0.3,0.5,1.5,0.4,-22.4158,5.1,11525.34,4673.89,934.78,2,4,10060.58
ONGC26JUNFUT,0.05,0.005,3.0,0.3,0.5,1.5,0.5,-22.4158,5.1,11525.34,4673.89,934.78,2,4,10060.58
ONGC26JUNFUT,0.05,0.005,3.0,0.3,0.5,1.5,0.6,-19.3497,4.855,9865.42,3013.97,602.79,2,4,10488.99
ONGC26JUNFUT,0.05,0.005,3.0,0.3,0.5,2.0,0.4,-20.2292,21.505,-6987.77,-14653.07,-2930.61,2,4,7614.54
ONGC26JUNFUT,0.05,0.005,3.0,0.3,0.5,2.0,0.5,-20.2292,21.505,-6987.77,-14653.07,-2930.61,2,4,7614.54
ONGC26JUNFUT,0.05,0.005,3.0,0.3,0.5,2.0,0.6,-20.2848,21.5075,-6942.76,-14608.06,-2921.61,2,4,7600.09
ONGC26JUNFUT,0.05,0.005,3.0,0.3,1.0,1.0,0.4,-12.54,0.0,252.08,-20401.69,-4080.34,1,4,9069.53
ONGC26JUNFUT,0.05,0.005,3.0,0.3,1.0,1.0,0.5,-12.54,0.0,252.08,-20401.69,-4080.34,1,4,9069.53
ONGC26JUNFUT,0.05,0.005,3.0,0.3,1.0,1.0,0.6,-12.54,0.0,252.08,-20401.69,-4080.34,1,4,9069.53
ONGC26JUNFUT,0.05,0.005,3.0,0.3,1.0,1.5,0.4,-22.4158,5.1,11525.34,4673.89,934.78,2,4,10060.58
ONGC26JUNFUT,0.05,0.005,3.0,0.3,1.0,1.5,0.5,-22.4158,5.1,11525.34,4673.89,934.78,2,4,10060.58
ONGC26JUNFUT,0.05,0.005,3.0,0.3,1.0,1.5,0.6,-19.3497,4.855,9865.42,3013.97,602.79,2,4,10488.99
ONGC26JUNFUT,0.05,0.005,3.0,0.3,1.0,2.0,0.4,-20.2292,21.505,-6987.77,-14653.07,-2930.61,2,4,7614.54
ONGC26JUNFUT,0.05,0.005,3.0,0.3,1.0,2.0,0.5,-20.2292,21.505,-6987.77,-14653.07,-2930.61,2,4,7614.54
ONGC26JUNFUT,0.05,0.005,3.0,0.3,1.0,2.0,0.6,-20.2848,21.5075,-6942.76,-14608.06,-2921.61,2,4,7600.09
ONGC26JUNFUT,0.05,0.005,3.0,0.5,0.3,1.0,0.4,-12.54,0.0,252.08,-20401.69,-4080.34,1,4,9069.53
ONGC26JUNFUT,0.05,0.005,3.0,0.5,0.3,1.0,0.5,-12.54,0.0,252.08,-20401.69,-4080.34,1,4,9069.53
ONGC26JUNFUT,0.05,0.005,3.0,0.5,0.3,1.0,0.6,-12.54,0.0,252.08,-20401.69,-4080.34,1,4,9069.53
ONGC26JUNFUT,0.05,0.005,3.0,0.5,0.3,1.5,0.4,-22.4158,5.1,11525.34,4673.89,934.78,2,4,10060.58
ONGC26JUNFUT,0.05,0.005,3.0,0.5,0.3,1.5,0.5,-22.4158,5.1,11525.34,4673.89,934.78,2,4,10060.58
ONGC26JUNFUT,0.05,0.005,3.0,0.5,0.3,1.5,0.6,-19.3497,4.855,9865.42,3013.97,602.79,2,4,10488.99
ONGC26JUNFUT,0.05,0.005,3.0,0.5,0.3,2.0,0.4,-20.2292,21.505,-6987.77,-14653.07,-2930.61,2,4,7614.54
ONGC26JUNFUT,0.05,0.005,3.0,0.5,0.3,2.0,0.5,-20.2292,21.505,-6987.77,-14653.07,-2930.61,2,4,7614.54
ONGC26JUNFUT,0.05,0.005,3.0,0.5,0.3,2.0,0.6,-20.2848,21.5075,-6942.76,-14608.06,-2921.61,2,4,7600.09
ONGC26JUNFUT,0.05,0.005,3.0,0.5,0.5,1.0,0.4,-12.54,0.0,252.08,-20401.69,-4080.34,1,4,9069.53
ONGC26JUNFUT,0.05,0.005,3.0,0.5,0.5,1.0,0.5,-12.54,0.0,252.08,-20401.69,-4080.34,1,4,9069.53
ONGC26JUNFUT,0.05,0.005,3.0,0.5,0.5,1.0,0.6,-12.54,0.0,252.08,-20401.69,-4080.34,1,4,9069.53
ONGC26JUNFUT,0.05,0.005,3.0,0.5,0.5,1.5,0.4,-22.4158,5.1,11525.34,4673.89,934.78,2,4,10060.58
ONGC26JUNFUT,0.05,0.005,3.0,0.5,0.5,1.5,0.5,-22.4158,5.1,11525.34,4673.89,934.78,2,4,10060.58
ONGC26JUNFUT,0.05,0.005,3.0,0.5,0.5,1.5,0.6,-19.3497,4.855,9865.42,3013.97,602.79,2,4,10488.99
ONGC26JUNFUT,0.05,0.005,3.0,0.5,0.5,2.0,0.4,-20.2292,21.505,-6987.77,-14653.07,-2930.61,2,4,7614.54
ONGC26JUNFUT,0.05,0.005,3.0,0.5,0.5,2.0,0.5,-20.2292,21.505,-6987.77,-14653.07,-2930.61,2,4,7614.54
ONGC26JUNFUT,0.05,0.005,3.0,0.5,0.5,2.0,0.6,-20.2848,21.5075,-6942.76,-14608.06,-2921.61,2,4,7600.09
ONGC26JUNFUT,0.05,0.005,3.0,0.5,1.0,1.0,0.4,-12.54,0.0,252.08,-20401.69,-4080.34,1,4,9069.53
ONGC26JUNFUT,0.05,0.005,3.0,0.5,1.0,1.0,0.5,-12.54,0.0,252.08,-20401.69,-4080.34,1,4,9069.53
ONGC26JUNFUT,0.05,0.005,3.0,0.5,1.0,1.0,0.6,-12.54,0.0,252.08,-20401.69,-4080.34,1,4,9069.53
ONGC26JUNFUT,0.05,0.005,3.0,0.5,1.0,1.5,0.4,-22.4158,5.1,11525.34,4673.89,934.78,2,4,10060.58
ONGC26JUNFUT,0.05,0.005,3.0,0.5,1.0,1.5,0.5,-22.4158,5.1,11525.34,4673.89,934.78,2,4,10060.58
ONGC26JUNFUT,0.05,0.005,3.0,0.5,1.0,1.5,0.6,-19.3497,4.855,9865.42,3013.97,602.79,2,4,10488.99
ONGC26JUNFUT,0.05,0.005,3.0,0.5,1.0,2.0,0.4,-20.2292,21.505,-6987.77,-14653.07,-2930.61,2,4,7614.54
ONGC26JUNFUT,0.05,0.005,3.0,0.5,1.0,2.0,0.5,-20.2292,21.505,-6987.77,-14653.07,-2930.61,2,4,7614.54
ONGC26JUNFUT,0.05,0.005,3.0,0.5,1.0,2.0,0.6,-20.2848,21.5075,-6942.76,-14608.06,-2921.61,2,4,7600.09
PHOENIXLTD26JUNFUT,0.05,0.005,1.5,0.2,0.3,1.0,0.4,-14.2251,4.985,54275.61,26601.57,5320.31,2,4,30128.95
PHOENIXLTD26JUNFUT,0.05,0.005,1.5,0.2,0.3,1.0,0.5,-12.7856,5.0,55468.51,26849.97,5369.99,2,4,30205.5
PHOENIXLTD26JUNFUT,0.05,0.005,1.5,0.2,0.3,1.0,0.6,-23.1031,4.5125,36159.83,7227.71,1445.54,2,4,28108.74
PHOENIXLTD26JUNFUT,0.05,0.005,1.5,0.2,0.3,1.5,0.4,-8.6112,5.6225,78311.59,16665.73,3333.15,3,4,36979.85
PHOENIXLTD26JUNFUT,0.05,0.005,1.5,0.2,0.3,1.5,0.5,-8.6054,5.6225,78322.09,16155.92,3231.18,3,4,37162.9
PHOENIXLTD26JUNFUT,0.05,0.005,1.5,0.2,0.3,1.5,0.6,-15.1473,5.355,57447.73,-4642.25,-928.45,3,4,38698.11
PHOENIXLTD26JUNFUT,0.05,0.005,1.5,0.2,0.3,2.0,0.4,-21.9797,4.5725,1079.37,-78183.95,-15636.79,2,4,40484.36
PHOENIXLTD26JUNFUT,0.05,0.005,1.5,0.2,0.3,2.0,0.5,-21.9794,4.5725,1086.37,-78176.95,-15635.39,2,4,40485.49
PHOENIXLTD26JUNFUT,0.05,0.005,1.5,0.2,0.3,2.0,0.6,-21.9472,4.5725,1191.32,-78072.01,-15614.4,2,4,40487.62
PHOENIXLTD26JUNFUT,0.05,0.005,1.5,0.2,0.5,1.0,0.4,-14.2217,4.985,54272.1,26598.06,5319.61,2,4,30129.17
PHOENIXLTD26JUNFUT,0.05,0.005,1.5,0.2,0.5,1.0,0.5,-12.7829,5.0,55465.0,26846.46,5369.29,2,4,30205.74
PHOENIXLTD26JUNFUT,0.05,0.005,1.5,0.2,0.5,1.0,0.6,-23.1031,4.5125,36159.83,7227.71,1445.54,2,4,28108.74
PHOENIXLTD26JUNFUT,0.05,0.005,1.5,0.2,0.5,1.5,0.4,-8.6112,5.6225,78311.59,16665.73,3333.15,3,4,36979.85
PHOENIXLTD26JUNFUT,0.05,0.005,1.5,0.2,0.5,1.5,0.5,-8.6054,5.6225,78322.09,16155.91,3231.18,3,4,37162.9
PHOENIXLTD26JUNFUT,0.05,0.005,1.5,0.2,0.5,1.5,0.6,-15.1473,5.355,57447.73,-4642.25,-928.45,3,4,38698.11
PHOENIXLTD26JUNFUT,0.05,0.005,1.5,0.2,0.5,2.0,0.4,-22.0263,4.57,998.91,-78264.42,-15652.88,2,4,40496.33
PHOENIXLTD26JUNFUT,0.05,0.005,1.5,0.2,0.5,2.0,0.5,-22.026,4.57,1005.91,-78257.42,-15651.48,2,4,40497.46
PHOENIXLTD26JUNFUT,0.05,0.005,1.5,0.2,0.5,2.0,0.6,-21.9937,4.57,1110.86,-78152.47,-15630.49,2,4,40499.58
PHOENIXLTD26JUNFUT,0.05,0.005,1.5,0.2,1.0,1.0,0.4,-14.2142,4.985,54275.6,26601.56,5320.31,2,4,30127.1
PHOENIXLTD26JUNFUT,0.05,0.005,1.5,0.2,1.0,1.0,0.5,-12.7767,5.0,55468.5,26849.96,5369.99,2,4,30203.74
PHOENIXLTD26JUNFUT,0.05,0.005,1.5,0.2,1.0,1.0,0.6,-23.1031,4.5125,36159.83,7227.71,1445.54,2,4,28108.74
PHOENIXLTD26JUNFUT,0.05,0.005,1.5,0.2,1.0,1.5,0.4,-8.6116,5.6225,78304.59,16658.73,3331.75,3,4,36978.97
PHOENIXLTD26JUNFUT,0.05,0.005,1.5,0.2,1.0,1.5,0.5,-8.6057,5.6225,78315.09,16148.91,3229.78,3,4,37162.02
PHOENIXLTD26JUNFUT,0.05,0.005,1.5,0.2,1.0,1.5,0.6,-15.1473,5.355,57447.73,-4642.25,-928.45,3,4,38698.11
PHOENIXLTD26JUNFUT,0.05,0.005,1.5,0.2,1.0,2.0,0.4,-22.0263,4.57,998.91,-78264.42,-15652.88,2,4,40496.33
PHOENIXLTD26JUNFUT,0.05,0.005,1.5,0.2,1.0,2.0,0.5,-22.026,4.57,1005.91,-78257.42,-15651.48,2,4,40497.46
PHOENIXLTD26JUNFUT,0.05,0.005,1.5,0.2,1.0,2.0,0.6,-21.9937,4.57,1110.86,-78152.47,-15630.49,2,4,40499.58
PHOENIXLTD26JUNFUT,0.05,0.005,1.5,0.3,0.3,1.0,0.4,-14.2251,4.985,54275.61,26601.57,5320.31,2,4,30128.95
PHOENIXLTD26JUNFUT,0.05,0.005,1.5,0.3,0.3,1.0,0.5,-12.7856,5.0,55468.51,26849.97,5369.99,2,4,30205.5
PHOENIXLTD26JUNFUT,0.05,0.005,1.5,0.3,0.3,1.0,0.6,-23.1031,4.5125,36159.83,7227.71,1445.54,2,4,28108.74
PHOENIXLTD26JUNFUT,0.05,0.005,1.5,0.3,0.3,1.5,0.4,-8.6112,5.6225,78311.59,16665.73,3333.15,3,4,36979.85
PHOENIXLTD26JUNFUT,0.05,0.005,1.5,0.3,0.3,1.5,0.5,-8.6054,5.6225,78322.09,16155.92,3231.18,3,4,37162.9
PHOENIXLTD26JUNFUT,0.05,0.005,1.5,0.3,0.3,1.5,0.6,-15.1473,5.355,57447.73,-4642.25,-928.45,3,4,38698.11
PHOENIXLTD26JUNFUT,0.05,0.005,1.5,0.3,0.3,2.0,0.4,-21.9797,4.5725,1079.37,-78183.95,-15636.79,2,4,40484.36
PHOENIXLTD26JUNFUT,0.05,0.005,1.5,0.3,0.3,2.0,0.5,-21.9794,4.5725,1086.37,-78176.95,-15635.39,2,4,40485.49
PHOENIXLTD26JUNFUT,0.05,0.005,1.5,0.3,0.3,2.0,0.6,-21.9472,4.5725,1191.32,-78072.01,-15614.4,2,4,40487.62
PHOENIXLTD26JUNFUT,0.05,0.005,1.5,0.3,0.5,1.0,0.4,-14.2217,4.985,54272.1,26598.06,5319.61,2,4,30129.17
PHOENIXLTD26JUNFUT,0.05,0.005,1.5,0.3,0.5,1.0,0.5,-12.7829,5.0,55465.0,26846.46,5369.29,2,4,30205.74
PHOENIXLTD26JUNFUT,0.05,0.005,1.5,0.3,0.5,1.0,0.6,-23.1031,4.5125,36159.83,7227.71,1445.54,2,4,28108.74
PHOENIXLTD26JUNFUT,0.05,0.005,1.5,0.3,0.5,1.5,0.4,-8.6112,5.6225,78311.59,16665.73,3333.15,3,4,36979.85
PHOENIXLTD26JUNFUT,0.05,0.005,1.5,0.3,0.5,1.5,0.5,-8.6054,5.6225,78322.09,16155.91,3231.18,3,4,37162.9
PHOENIXLTD26JUNFUT,0.05,0.005,1.5,0.3,0.5,1.5,0.6,-15.1473,5.355,57447.73,-4642.25,-928.45,3,4,38698.11
PHOENIXLTD26JUNFUT,0.05,0.005,1.5,0.3,0.5,2.0,0.4,-22.0263,4.57,998.91,-78264.42,-15652.88,2,4,40496.33
PHOENIXLTD26JUNFUT,0.05,0.005,1.5,0.3,0.5,2.0,0.5,-22.026,4.57,1005.91,-78257.42,-15651.48,2,4,40497.46
PHOENIXLTD26JUNFUT,0.05,0.005,1.5,0.3,0.5,2.0,0.6,-21.9937,4.57,1110.86,-78152.47,-15630.49,2,4,40499.58
PHOENIXLTD26JUNFUT,0.05,0.005,1.5,0.3,1.0,1.0,0.4,-14.2142,4.985,54275.6,26601.56,5320.31,2,4,30127.1
PHOENIXLTD26JUNFUT,0.05,0.005,1.5,0.3,1.0,1.0,0.5,-12.7767,5.0,55468.5,26849.96,5369.99,2,4,30203.74
PHOENIXLTD26JUNFUT,0.05,0.005,1.5,0.3,1.0,1.0,0.6,-23.1031,4.5125,36159.83,7227.71,1445.54,2,4,28108.74
PHOENIXLTD26JUNFUT,0.05,0.005,1.5,0.3,1.0,1.5,0.4,-8.6116,5.6225,78304.59,16658.73,3331.75,3,4,36978.97
PHOENIXLTD26JUNFUT,0.05,0.005,1.5,0.3,1.0,1.5,0.5,-8.6057,5.6225,78315.09,16148.91,3229.78,3,4,37162.02
PHOENIXLTD26JUNFUT,0.05,0.005,1.5,0.3,1.0,1.5,0.6,-15.1473,5.355,57447.73,-4642.25,-928.45,3,4,38698.11
PHOENIXLTD26JUNFUT,0.05,0.005,1.5,0.3,1.0,2.0,0.4,-22.0263,4.57,998.91,-78264.42,-15652.88,2,4,40496.33
PHOENIXLTD26JUNFUT,0.05,0.005,1.5,0.3,1.0,2.0,0.5,-22.026,4.57,1005.91,-78257.42,-15651.48,2,4,40497.46
PHOENIXLTD26JUNFUT,0.05,0.005,1.5,0.3,1.0,2.0,0.6,-21.9937,4.57,1110.86,-78152.47,-15630.49,2,4,40499.58
PHOENIXLTD26JUNFUT,0.05,0.005,1.5,0.5,0.3,1.0,0.4,-14.2251,4.985,54275.61,26601.57,5320.31,2,4,30128.95
PHOENIXLTD26JUNFUT,0.05,0.005,1.5,0.5,0.3,1.0,0.5,-12.7856,5.0,55468.51,26849.97,5369.99,2,4,30205.5
PHOENIXLTD26JUNFUT,0.05,0.005,1.5,0.5,0.3,1.0,0.6,-23.1031,4.5125,36159.83,7227.71,1445.54,2,4,28108.74
PHOENIXLTD26JUNFUT,0.05,0.005,1.5,0.5,0.3,1.5,0.4,-8.6112,5.6225,78311.59,16665.73,3333.15,3,4,36979.85
PHOENIXLTD26JUNFUT,0.05,0.005,1.5,0.5,0.3,1.5,0.5,-8.6054,5.6225,78322.09,16155.92,3231.18,3,4,37162.9
PHOENIXLTD26JUNFUT,0.05,0.005,1.5,0.5,0.3,1.5,0.6,-15.1473,5.355,57447.73,-4642.25,-928.45,3,4,38698.11
PHOENIXLTD26JUNFUT,0.05,0.005,1.5,0.5,0.3,2.0,0.4,-21.9797,4.5725,1079.37,-78183.95,-15636.79,2,4,40484.36
PHOENIXLTD26JUNFUT,0.05,0.005,1.5,0.5,0.3,2.0,0.5,-21.9794,4.5725,1086.37,-78176.95,-15635.39,2,4,40485.49
PHOENIXLTD26JUNFUT,0.05,0.005,1.5,0.5,0.3,2.0,0.6,-21.9472,4.5725,1191.32,-78072.01,-15614.4,2,4,40487.62
PHOENIXLTD26JUNFUT,0.05,0.005,1.5,0.5,0.5,1.0,0.4,-14.2217,4.985,54275.6,26601.56,5320.31,2,4,30130.4
PHOENIXLTD26JUNFUT,0.05,0.005,1.5,0.5,0.5,1.0,0.5,-12.7829,5.0,55468.5,26849.96,5369.99,2,4,30206.97
PHOENIXLTD26JUNFUT,0.05,0.005,1.5,0.5,0.5,1.0,0.6,-23.1031,4.5125,36159.83,7227.71,1445.54,2,4,28108.74
PHOENIXLTD26JUNFUT,0.05,0.005,1.5,0.5,0.5,1.5,0.4,-8.6112,5.6225,78311.59,16665.73,3333.15,3,4,36979.85
PHOENIXLTD26JUNFUT,0.05,0.005,1.5,0.5,0.5,1.5,0.5,-8.6054,5.6225,78322.09,16155.91,3231.18,3,4,37162.9
PHOENIXLTD26JUNFUT,0.05,0.005,1.5,0.5,0.5,1.5,0.6,-15.1473,5.355,57447.73,-4642.25,-928.45,3,4,38698.11
PHOENIXLTD26JUNFUT,0.05,0.005,1.5,0.5,0.5,2.0,0.4,-22.0263,4.57,998.91,-78264.42,-15652.88,2,4,40496.33
PHOENIXLTD26JUNFUT,0.05,0.005,1.5,0.5,0.5,2.0,0.5,-22.026,4.57,1005.91,-78257.42,-15651.48,2,4,40497.46
PHOENIXLTD26JUNFUT,0.05,0.005,1.5,0.5,0.5,2.0,0.6,-21.9937,4.57,1110.86,-78152.47,-15630.49,2,4,40499.58
PHOENIXLTD26JUNFUT,0.05,0.005,1.5,0.5,1.0,1.0,0.4,-14.2142,4.985,54275.6,26601.56,5320.31,2,4,30127.1
PHOENIXLTD26JUNFUT,0.05,0.005,1.5,0.5,1.0,1.0,0.5,-12.7767,5.0,55468.5,26849.96,5369.99,2,4,30203.74
PHOENIXLTD26JUNFUT,0.05,0.005,1.5,0.5,1.0,1.0,0.6,-23.1031,4.5125,36159.83,7227.71,1445.54,2,4,28108.74
PHOENIXLTD26JUNFUT,0.05,0.005,1.5,0.5,1.0,1.5,0.4,-8.6116,5.6225,78304.59,16658.73,3331.75,3,4,36978.97
PHOENIXLTD26JUNFUT,0.05,0.005,1.5,0.5,1.0,1.5,0.5,-8.6057,5.6225,78315.09,16148.91,3229.78,3,4,37162.02
PHOENIXLTD26JUNFUT,0.05,0.005,1.5,0.5,1.0,1.5,0.6,-15.1473,5.355,57447.73,-4642.25,-928.45,3,4,38698.11
PHOENIXLTD26JUNFUT,0.05,0.005,1.5,0.5,1.0,2.0,0.4,-22.0263,4.57,998.91,-78264.42,-15652.88,2,4,40496.33
PHOENIXLTD26JUNFUT,0.05,0.005,1.5,0.5,1.0,2.0,0.5,-22.026,4.57,1005.91,-78257.42,-15651.48,2,4,40497.46
PHOENIXLTD26JUNFUT,0.05,0.005,1.5,0.5,1.0,2.0,0.6,-21.9937,4.57,1110.86,-78152.47,-15630.49,2,4,40499.58
PFC26JUNFUT,0.05,0.005,2.0,0.2,0.3,1.0,0.4,-27.135,1.1025,5730.5,5413.22,1082.64,1,4,3625.32
PFC26JUNFUT,0.05,0.005,2.0,0.2,0.3,1.0,0.5,-27.6183,1.105,-2632.57,-2949.85,-589.97,0,4,489.54
PFC26JUNFUT,0.05,0.005,2.0,0.2,0.3,1.0,0.6,-11.015,-2.4775,-8469.44,-8786.72,-1757.34,0,4,2433.71
PFC26JUNFUT,0.05,0.005,2.0,0.2,0.3,1.5,0.4,3.7927,10.8325,18794.21,18700.39,3740.08,2,4,14235.98
PFC26JUNFUT,0.05,0.005,2.0,0.2,0.3,1.5,0.5,2.9729,10.34,16218.59,16124.77,3224.95,2,4,13987.63
PFC26JUNFUT,0.05,0.005,2.0,0.2,0.3,1.5,0.6,3.0148,10.35,16348.53,16254.71,3250.94,2,4,13995.14
PFC26JUNFUT,0.05,0.005,2.0,0.2,0.3,2.0,0.4,-8.0076,3.52,-32875.24,-30164.71,-6032.94,2,4,10966.4
PFC26JUNFUT,0.05,0.005,2.0,0.2,0.3,2.0,0.5,-8.7817,3.4875,-36665.62,-33955.1,-6791.02,2,4,11295.44
PFC26JUNFUT,0.05,0.005,2.0,0.2,0.3,2.0,0.6,-9.2399,3.2925,-39946.8,-37236.27,-7447.25,2,4,11749.88
PFC26JUNFUT,0.05,0.005,2.0,0.2,0.5,1.0,0.4,-27.135,1.1025,5730.5,5413.22,1082.64,1,4,3625.32
PFC26JUNFUT,0.05,0.005,2.0,0.2,0.5,1.0,0.5,-27.6183,1.105,-2632.57,-2949.85,-589.97,0,4,489.54
PFC26JUNFUT,0.05,0.005,2.0,0.2,0.5,1.0,0.6,-11.015,-2.4775,-8469.44,-8786.72,-1757.34,0,4,2433.71
PFC26JUNFUT,0.05,0.005,2.0,0.2,0.5,1.5,0.4,3.7927,10.8325,18794.21,18700.39,3740.08,2,4,14235.98
PFC26JUNFUT,0.05,0.005,2.0,0.2,0.5,1.5,0.5,2.9729,10.34,16218.59,16124.77,3224.95,2,4,13987.63
PFC26JUNFUT,0.05,0.005,2.0,0.2,0.5,1.5,0.6,3.0148,10.35,16348.53,16254.71,3250.94,2,4,13995.14
PFC26JUNFUT,0.05,0.005,2.0,0.2,0.5,2.0,0.4,-8.0041,3.52,-32862.24,-30151.72,-6030.34,2,4,10965.46
PFC26JUNFUT,0.05,0.005,2.0,0.2,0.5,2.0,0.5,-8.7795,3.4875,-36652.63,-33942.1,-6788.42,2,4,11293.86
PFC26JUNFUT,0.05,0.005,2.0,0.2,0.5,2.0,0.6,-9.2385,3.2925,-39933.81,-37223.28,-7444.66,2,4,11747.76
PFC26JUNFUT,0.05,0.005,2.0,0.2,1.0,1.0,0.4,-27.135,1.1025,5730.5,5413.22,1082.64,1,4,3625.32
PFC26JUNFUT,0.05,0.005,2.0,0.2,1.0,1.0,0.5,-27.6183,1.105,-2632.57,-2949.85,-589.97,0,4,489.54
PFC26JUNFUT,0.05,0.005,2.0,0.2,1.0,1.0,0.6,-11.015,-2.4775,-8469.44,-8786.72,-1757.34,0,4,2433.71
PFC26JUNFUT,0.05,0.005,2.0,0.2,1.0,1.5,0.4,3.7892,10.8325,18781.21,18687.39,3737.48,2,4,14234.45
PFC26JUNFUT,0.05,0.005,2.0,0.2,1.0,1.5,0.5,2.9729,10.34,16218.59,16124.77,3224.95,2,4,13987.63
PFC26JUNFUT,0.05,0.005,2.0,0.2,1.0,1.5,0.6,3.0148,10.35,16348.53,16254.71,3250.94,2,4,13995.14
PFC26JUNFUT,0.05,0.005,2.0,0.2,1.0,2.0,0.4,-8.0006,3.5225,-32849.25,-30138.72,-6027.74,2,4,10964.52
PFC26JUNFUT,0.05,0.005,2.0,0.2,1.0,2.0,0.5,-8.7774,3.49,-36639.64,-33929.11,-6785.82,2,4,11292.28
PFC26JUNFUT,0.05,0.005,2.0,0.2,1.0,2.0,0.6,-9.2385,3.2925,-39933.81,-37223.28,-7444.66,2,4,11747.76
PFC26JUNFUT,0.05,0.005,2.0,0.3,0.3,1.0,0.4,-27.135,1.1025,5730.5,5413.22,1082.64,1,4,3625.32
PFC26JUNFUT,0.05,0.005,2.0,0.3,0.3,1.0,0.5,-27.6183,1.105,-2632.57,-2949.85,-589.97,0,4,489.54
PFC26JUNFUT,0.05,0.005,2.0,0.3,0.3,1.0,0.6,-11.015,-2.4775,-8469.44,-8786.72,-1757.34,0,4,2433.71
PFC26JUNFUT,0.05,0.005,2.0,0.3,0.3,1.5,0.4,3.7927,10.8325,18794.21,18700.39,3740.08,2,4,14235.98
PFC26JUNFUT,0.05,0.005,2.0,0.3,0.3,1.5,0.5,2.9729,10.34,16218.59,16124.77,3224.95,2,4,13987.63
PFC26JUNFUT,0.05,0.005,2.0,0.3,0.3,1.5,0.6,3.0148,10.35,16348.53,16254.71,3250.94,2,4,13995.14
PFC26JUNFUT,0.05,0.005,2.0,0.3,0.3,2.0,0.4,-8.0076,3.52,-32875.24,-30164.71,-6032.94,2,4,10966.4
PFC26JUNFUT,0.05,0.005,2.0,0.3,0.3,2.0,0.5,-8.7817,3.4875,-36665.62,-33955.1,-6791.02,2,4,11295.44
PFC26JUNFUT,0.05,0.005,2.0,0.3,0.3,2.0,0.6,-9.2399,3.2925,-39946.8,-37236.27,-7447.25,2,4,11749.88
PFC26JUNFUT,0.05,0.005,2.0,0.3,0.5,1.0,0.4,-27.135,1.1025,5730.5,5413.22,1082.64,1,4,3625.32
PFC26JUNFUT,0.05,0.005,2.0,0.3,0.5,1.0,0.5,-27.6183,1.105,-2632.57,-2949.85,-589.97,0,4,489.54
PFC26JUNFUT,0.05,0.005,2.0,0.3,0.5,1.0,0.6,-11.015,-2.4775,-8469.44,-8786.72,-1757.34,0,4,2433.71
PFC26JUNFUT,0.05,0.005,2.0,0.3,0.5,1.5,0.4,3.7927,10.8325,18794.21,18700.39,3740.08,2,4,14235.98
PFC26JUNFUT,0.05,0.005,2.0,0.3,0.5,1.5,0.5,2.9729,10.34,16218.59,16124.77,3224.95,2,4,13987.63
PFC26JUNFUT,0.05,0.005,2.0,0.3,0.5,1.5,0.6,3.0148,10.35,16348.53,16254.71,3250.94,2,4,13995.14
PFC26JUNFUT,0.05,0.005,2.0,0.3,0.5,2.0,0.4,-8.0041,3.52,-32862.24,-30151.72,-6030.34,2,4,10965.46
PFC26JUNFUT,0.05,0.005,2.0,0.3,0.5,2.0,0.5,-8.7795,3.4875,-36652.63,-33942.1,-6788.42,2,4,11293.86
PFC26JUNFUT,0.05,0.005,2.0,0.3,0.5,2.0,0.6,-9.2385,3.2925,-39933.81,-37223.28,-7444.66,2,4,11747.76
PFC26JUNFUT,0.05,0.005,2.0,0.3,1.0,1.0,0.4,-27.135,1.1025,5730.5,5413.22,1082.64,1,4,3625.32
PFC26JUNFUT,0.05,0.005,2.0,0.3,1.0,1.0,0.5,-27.6183,1.105,-2632.57,-2949.85,-589.97,0,4,489.54
PFC26JUNFUT,0.05,0.005,2.0,0.3,1.0,1.0,0.6,-11.015,-2.4775,-8469.44,-8786.72,-1757.34,0,4,2433.71
PFC26JUNFUT,0.05,0.005,2.0,0.3,1.0,1.5,0.4,3.7892,10.8325,18781.21,18687.39,3737.48,2,4,14234.45
PFC26JUNFUT,0.05,0.005,2.0,0.3,1.0,1.5,0.5,2.9729,10.34,16218.59,16124.77,3224.95,2,4,13987.63
PFC26JUNFUT,0.05,0.005,2.0,0.3,1.0,1.5,0.6,3.0148,10.35,16348.53,16254.71,3250.94,2,4,13995.14
PFC26JUNFUT,0.05,0.005,2.0,0.3,1.0,2.0,0.4,-8.0006,3.5225,-32849.25,-30138.72,-6027.74,2,4,10964.52
PFC26JUNFUT,0.05,0.005,2.0,0.3,1.0,2.0,0.5,-8.7774,3.49,-36639.64,-33929.11,-6785.82,2,4,11292.28
PFC26JUNFUT,0.05,0.005,2.0,0.3,1.0,2.0,0.6,-9.2385,3.2925,-39933.81,-37223.28,-7444.66,2,4,11747.76
PFC26JUNFUT,0.05,0.005,2.0,0.5,0.3,1.0,0.4,-27.135,1.1025,5730.5,5413.22,1082.64,1,4,3625.32
PFC26JUNFUT,0.05,0.005,2.0,0.5,0.3,1.0,0.5,-27.6183,1.105,-2632.57,-2949.85,-589.97,0,4,489.54
PFC26JUNFUT,0.05,0.005,2.0,0.5,0.3,1.0,0.6,-11.015,-2.4775,-8469.44,-8786.72,-1757.34,0,4,2433.71
PFC26JUNFUT,0.05,0.005,2.0,0.5,0.3,1.5,0.4,3.7927,10.8325,18794.21,18700.39,3740.08,2,4,14235.98
PFC26JUNFUT,0.05,0.005,2.0,0.5,0.3,1.5,0.5,2.9729,10.34,16218.59,16124.77,3224.95,2,4,13987.63
PFC26JUNFUT,0.05,0.005,2.0,0.5,0.3,1.5,0.6,3.0148,10.35,16348.53,16254.71,3250.94,2,4,13995.14
PFC26JUNFUT,0.05,0.005,2.0,0.5,0.3,2.0,0.4,-8.0076,3.52,-32875.24,-30164.71,-6032.94,2,4,10966.4
PFC26JUNFUT,0.05,0.005,2.0,0.5,0.3,2.0,0.5,-8.7817,3.4875,-36665.62,-33955.1,-6791.02,2,4,11295.44
PFC26JUNFUT,0.05,0.005,2.0,0.5,0.3,2.0,0.6,-9.2399,3.2925,-39946.8,-37236.27,-7447.25,2,4,11749.88
PFC26JUNFUT,0.05,0.005,2.0,0.5,0.5,1.0,0.4,-27.135,1.1025,5730.5,5413.22,1082.64,1,4,3625.32
PFC26JUNFUT,0.05,0.005,2.0,0.5,0.5,1.0,0.5,-27.6183,1.105,-2632.57,-2949.85,-589.97,0,4,489.54
PFC26JUNFUT,0.05,0.005,2.0,0.5,0.5,1.0,0.6,-11.015,-2.4775,-8469.44,-8786.72,-1757.34,0,4,2433.71
PFC26JUNFUT,0.05,0.005,2.0,0.5,0.5,1.5,0.4,3.7927,10.8325,18794.21,18700.39,3740.08,2,4,14235.98
PFC26JUNFUT,0.05,0.005,2.0,0.5,0.5,1.5,0.5,2.9729,10.34,16218.59,16124.77,3224.95,2,4,13987.63
PFC26JUNFUT,0.05,0.005,2.0,0.5,0.5,1.5,0.6,3.0148,10.35,16348.53,16254.71,3250.94,2,4,13995.14
PFC26JUNFUT,0.05,0.005,2.0,0.5,0.5,2.0,0.4,-8.0041,3.52,-32862.24,-30151.72,-6030.34,2,4,10965.46
PFC26JUNFUT,0.05,0.005,2.0,0.5,0.5,2.0,0.5,-8.7795,3.4875,-36652.63,-33942.1,-6788.42,2,4,11293.86
PFC26JUNFUT,0.05,0.005,2.0,0.5,0.5,2.0,0.6,-9.2385,3.2925,-39933.81,-37223.28,-7444.66,2,4,11747.76
PFC26JUNFUT,0.05,0.005,2.0,0.5,1.0,1.0,0.4,-27.135,1.1025,5730.5,5413.22,1082.64,1,4,3625.32
PFC26JUNFUT,0.05,0.005,2.0,0.5,1.0,1.0,0.5,-27.6183,1.105,-2632.57,-2949.85,-589.97,0,4,489.54
PFC26JUNFUT,0.05,0.005,2.0,0.5,1.0,1.0,0.6,-11.015,-2.4775,-8469.44,-8786.72,-1757.34,0,4,2433.71
PFC26JUNFUT,0.05,0.005,2.0,0.5,1.0,1.5,0.4,3.7892,10.8325,18781.21,18687.39,3737.48,2,4,14234.45
PFC26JUNFUT,0.05,0.005,2.0,0.5,1.0,1.5,0.5,2.9729,10.34,16218.59,16124.77,3224.95,2,4,13987.63
PFC26JUNFUT,0.05,0.005,2.0,0.5,1.0,1.5,0.6,3.0148,10.35,16348.53,16254.71,3250.94,2,4,13995.14
PFC26JUNFUT,0.05,0.005,2.0,0.5,1.0,2.0,0.4,-8.0006,3.5225,-32849.25,-30138.72,-6027.74,2,4,10964.52
PFC26JUNFUT,0.05,0.005,2.0,0.5,1.0,2.0,0.5,-8.7774,3.49,-36639.64,-33929.11,-6785.82,2,4,11292.28
PFC26JUNFUT,0.05,0.005,2.0,0.5,1.0,2.0,0.6,-9.2385,3.2925,-39933.81,-37223.28,-7444.66,2,4,11747.76
PIDILITIND26JUNFUT,0.05,0.002,1.0,0.2,0.3,1.0,0.4,19.0987,7.11,97356.71,124843.16,24968.63,4,4,48550.96
PIDILITIND26JUNFUT,0.05,0.002,1.0,0.2,0.3,1.0,0.5,18.8495,7.135,97885.16,125371.61,25074.32,4,4,48017.78
PIDILITIND26JUNFUT,0.05,0.002,1.0,0.2,0.3,1.0,0.6,9.9103,7.02,85967.59,102577.64,20515.53,4,4,50608.9
PIDILITIND26JUNFUT,0.05,0.002,1.0,0.2,0.3,1.5,0.4,-3.3054,6.1075,16534.23,30606.41,6121.28,3,4,37500.99
PIDILITIND26JUNFUT,0.05,0.002,1.0,0.2,0.3,1.5,0.5,-3.3389,6.105,15771.7,29843.87,5968.77,3,4,37448.56
PIDILITIND26JUNFUT,0.05,0.002,1.0,0.2,0.3,1.5,0.6,-3.3798,5.8275,572.96,15160.1,3032.02,3,4,40259.94
PIDILITIND26JUNFUT,0.05,0.002,1.0,0.2,0.3,2.0,0.4,-9.4162,5.1925,-72893.73,-65737.23,-13147.45,3,4,43268.73
PIDILITIND26JUNFUT,0.05,0.002,1.0,0.2,0.3,2.0,0.5,-9.4001,5.2025,-71708.92,-64552.41,-12910.48,3,4,42980.0
PIDILITIND26JUNFUT,0.05,0.002,1.0,0.2,0.3,2.0,0.6,-9.3979,5.165,-75616.19,-68249.8,-13649.96,3,4,43814.65
PIDILITIND26JUNFUT,0.05,0.002,1.0,0.2,0.5,1.0,0.4,19.1061,7.11,97361.71,124853.15,24970.63,4,4,48550.99
PIDILITIND26JUNFUT,0.05,0.002,1.0,0.2,0.5,1.0,0.5,18.8566,7.1375,97890.15,125381.6,25076.32,4,4,48017.78
PIDILITIND26JUNFUT,0.05,0.002,1.0,0.2,0.5,1.0,0.6,9.9103,7.02,85967.59,102577.64,20515.53,4,4,50608.9
PIDILITIND26JUNFUT,0.05,0.002,1.0,0.2,0.5,1.5,0.4,-3.2988,6.1225,17046.8,31113.97,6222.79,3,4,37165.66
PIDILITIND26JUNFUT,0.05,0.002,1.0,0.2,0.5,1.5,0.5,-3.3328,6.1175,16284.26,30351.44,6070.29,3,4,37114.96
PIDILITIND26JUNFUT,0.05,0.002,1.0,0.2,0.5,1.5,0.6,-3.359,5.845,1556.51,16143.65,3228.73,3,4,39933.99
PIDILITIND26JUNFUT,0.05,0.002,1.0,0.2,0.5,2.0,0.4,-9.4161,5.1925,-72893.73,-65737.23,-13147.45,3,4,43271.33
PIDILITIND26JUNFUT,0.05,0.002,1.0,0.2,0.5,2.0,0.5,-9.4,5.2025,-71708.92,-64552.42,-12910.48,3,4,42982.59
PIDILITIND26JUNFUT,0.05,0.002,1.0,0.2,0.5,2.0,0.6,-9.3977,5.165,-75611.2,-68244.8,-13648.96,3,4,43815.98
PIDILITIND26JUNFUT,0.05,0.002,1.0,0.2,1.0,1.0,0.4,19.1061,7.11,97356.71,124848.15,24969.63,4,4,48549.65
PIDILITIND26JUNFUT,0.05,0.002,1.0,0.2,1.0,1.0,0.5,18.8525,7.14,97890.15,125381.59,25076.32,4,4,48016.81
PIDILITIND26JUNFUT,0.05,0.002,1.0,0.2,1.0,1.0,0.6,9.9103,7.02,85967.59,102577.64,20515.53,4,4,50608.9
PIDILITIND26JUNFUT,0.05,0.002,1.0,0.2,1.0,1.5,0.4,-3.3004,6.1225,17016.8,31083.98,6216.8,3,4,37162.92
PIDILITIND26JUNFUT,0.05,0.002,1.0,0.2,1.0,1.5,0.5,-3.3342,6.1175,16259.27,30326.44,6065.29,3,4,37112.56
PIDILITIND26JUNFUT,0.05,0.002,1.0,0.2,1.0,1.5,0.6,-3.359,5.845,1556.51,16143.65,3228.73,3,4,39933.99
PIDILITIND26JUNFUT,0.05,0.002,1.0,0.2,1.0,2.0,0.4,-9.4162,5.1925,-72898.73,-65742.23,-13148.45,3,4,43269.98
PIDILITIND26JUNFUT,0.05,0.002,1.0,0.2,1.0,2.0,0.5,-9.4001,5.2025,-71713.92,-64557.42,-12911.48,3,4,42981.24
PIDILITIND26JUNFUT,0.05,0.002,1.0,0.2,1.0,2.0,0.6,-9.3977,5.165,-75611.2,-68244.8,-13648.96,3,4,43815.98
PIDILITIND26JUNFUT,0.05,0.002,1.0,0.3,0.3,1.0,0.4,19.0987,7.11,97356.71,124843.16,24968.63,4,4,48550.96
PIDILITIND26JUNFUT,0.05,0.002,1.0,0.3,0.3,1.0,0.5,18.8495,7.135,97885.16,125371.61,25074.32,4,4,48017.78
PIDILITIND26JUNFUT,0.05,0.002,1.0,0.3,0.3,1.0,0.6,9.9103,7.02,85967.59,102577.64,20515.53,4,4,50608.9
PIDILITIND26JUNFUT,0.05,0.002,1.0,0.3,0.3,1.5,0.4,-3.3054,6.1075,16534.23,30606.41,6121.28,3,4,37500.99
PIDILITIND26JUNFUT,0.05,0.002,1.0,0.3,0.3,1.5,0.5,-3.3389,6.105,15771.7,29843.87,5968.77,3,4,37448.56
PIDILITIND26JUNFUT,0.05,0.002,1.0,0.3,0.3,1.5,0.6,-3.3798,5.8275,572.96,15160.1,3032.02,3,4,40259.94
PIDILITIND26JUNFUT,0.05,0.002,1.0,0.3,0.3,2.0,0.4,-9.4162,5.1925,-72893.73,-65737.23,-13147.45,3,4,43268.73
PIDILITIND26JUNFUT,0.05,0.002,1.0,0.3,0.3,2.0,0.5,-9.4001,5.2025,-71708.92,-64552.41,-12910.48,3,4,42980.0
PIDILITIND26JUNFUT,0.05,0.002,1.0,0.3,0.3,2.0,0.6,-9.3979,5.165,-75616.19,-68249.8,-13649.96,3,4,43814.65
PIDILITIND26JUNFUT,0.05,0.002,1.0,0.3,0.5,1.0,0.4,19.1061,7.11,97361.71,124853.15,24970.63,4,4,48550.99
PIDILITIND26JUNFUT,0.05,0.002,1.0,0.3,0.5,1.0,0.5,18.8566,7.1375,97890.15,125381.6,25076.32,4,4,48017.78
PIDILITIND26JUNFUT,0.05,0.002,1.0,0.3,0.5,1.0,0.6,9.9103,7.02,85967.59,102577.64,20515.53,4,4,50608.9
PIDILITIND26JUNFUT,0.05,0.002,1.0,0.3,0.5,1.5,0.4,-3.2988,6.1225,17046.8,31113.97,6222.79,3,4,37165.66
PIDILITIND26JUNFUT,0.05,0.002,1.0,0.3,0.5,1.5,0.5,-3.3328,6.1175,16284.26,30351.44,6070.29,3,4,37114.96
PIDILITIND26JUNFUT,0.05,0.002,1.0,0.3,0.5,1.5,0.6,-3.359,5.845,1556.51,16143.65,3228.73,3,4,39933.99
PIDILITIND26JUNFUT,0.05,0.002,1.0,0.3,0.5,2.0,0.4,-9.4161,5.1925,-72893.73,-65737.23,-13147.45,3,4,43271.33
PIDILITIND26JUNFUT,0.05,0.002,1.0,0.3,0.5,2.0,0.5,-9.4,5.2025,-71708.92,-64552.42,-12910.48,3,4,42982.59
PIDILITIND26JUNFUT,0.05,0.002,1.0,0.3,0.5,2.0,0.6,-9.3977,5.165,-75611.2,-68244.8,-13648.96,3,4,43815.98
PIDILITIND26JUNFUT,0.05,0.002,1.0,0.3,1.0,1.0,0.4,19.1061,7.11,97356.71,124848.15,24969.63,4,4,48549.65
PIDILITIND26JUNFUT,0.05,0.002,1.0,0.3,1.0,1.0,0.5,18.8525,7.14,97890.15,125381.59,25076.32,4,4,48016.81
PIDILITIND26JUNFUT,0.05,0.002,1.0,0.3,1.0,1.0,0.6,9.9103,7.02,85967.59,102577.64,20515.53,4,4,50608.9
PIDILITIND26JUNFUT,0.05,0.002,1.0,0.3,1.0,1.5,0.4,-3.3004,6.1225,17016.8,31083.98,6216.8,3,4,37162.92
PIDILITIND26JUNFUT,0.05,0.002,1.0,0.3,1.0,1.5,0.5,-3.3342,6.1175,16259.27,30326.44,6065.29,3,4,37112.56
PIDILITIND26JUNFUT,0.05,0.002,1.0,0.3,1.0,1.5,0.6,-3.359,5.845,1556.51,16143.65,3228.73,3,4,39933.99
PIDILITIND26JUNFUT,0.05,0.002,1.0,0.3,1.0,2.0,0.4,-9.4162,5.1925,-72898.73,-65742.23,-13148.45,3,4,43269.98
PIDILITIND26JUNFUT,0.05,0.002,1.0,0.3,1.0,2.0,0.5,-9.4001,5.2025,-71713.92,-64557.42,-12911.48,3,4,42981.24
PIDILITIND26JUNFUT,0.05,0.002,1.0,0.3,1.0,2.0,0.6,-9.3977,5.165,-75611.2,-68244.8,-13648.96,3,4,43815.98
PIDILITIND26JUNFUT,0.05,0.002,1.0,0.5,0.3,1.0,0.4,19.0987,7.11,97356.71,124843.16,24968.63,4,4,48550.96
PIDILITIND26JUNFUT,0.05,0.002,1.0,0.5,0.3,1.0,0.5,18.8495,7.135,97885.16,125371.61,25074.32,4,4,48017.78
PIDILITIND26JUNFUT,0.05,0.002,1.0,0.5,0.3,1.0,0.6,9.9103,7.02,85967.59,102577.64,20515.53,4,4,50608.9
PIDILITIND26JUNFUT,0.05,0.002,1.0,0.5,0.3,1.5,0.4,-3.3054,6.1075,16534.23,30606.41,6121.28,3,4,37500.99
PIDILITIND26JUNFUT,0.05,0.002,1.0,0.5,0.3,1.5,0.5,-3.3389,6.105,15771.7,29843.87,5968.77,3,4,37448.56
PIDILITIND26JUNFUT,0.05,0.002,1.0,0.5,0.3,1.5,0.6,-3.3798,5.8275,572.96,15160.1,3032.02,3,4,40259.94
PIDILITIND26JUNFUT,0.05,0.002,1.0,0.5,0.3,2.0,0.4,-9.4162,5.1925,-72893.73,-65737.23,-13147.45,3,4,43268.73
PIDILITIND26JUNFUT,0.05,0.002,1.0,0.5,0.3,2.0,0.5,-9.4001,5.2025,-71708.92,-64552.41,-12910.48,3,4,42980.0
PIDILITIND26JUNFUT,0.05,0.002,1.0,0.5,0.3,2.0,0.6,-9.3979,5.165,-75616.19,-68249.8,-13649.96,3,4,43814.65
PIDILITIND26JUNFUT,0.05,0.002,1.0,0.5,0.5,1.0,0.4,19.1061,7.11,97361.71,124853.15,24970.63,4,4,48550.99
PIDILITIND26JUNFUT,0.05,0.002,1.0,0.5,0.5,1.0,0.5,18.8566,7.1375,97890.15,125381.6,25076.32,4,4,48017.78
PIDILITIND26JUNFUT,0.05,0.002,1.0,0.5,0.5,1.0,0.6,9.9103,7.02,85967.59,102577.64,20515.53,4,4,50608.9
PIDILITIND26JUNFUT,0.05,0.002,1.0,0.5,0.5,1.5,0.4,-3.2988,6.1225,17046.8,31113.97,6222.79,3,4,37165.66
PIDILITIND26JUNFUT,0.05,0.002,1.0,0.5,0.5,1.5,0.5,-3.3328,6.1175,16284.26,30351.44,6070.29,3,4,37114.96
PIDILITIND26JUNFUT,0.05,0.002,1.0,0.5,0.5,1.5,0.6,-3.359,5.845,1556.51,16143.65,3228.73,3,4,39933.99
PIDILITIND26JUNFUT,0.05,0.002,1.0,0.5,0.5,2.0,0.4,-9.4161,5.1925,-72893.73,-65737.23,-13147.45,3,4,43271.33
PIDILITIND26JUNFUT,0.05,0.002,1.0,0.5,0.5,2.0,0.5,-9.4,5.2025,-71708.92,-64552.42,-12910.48,3,4,42982.59
PIDILITIND26JUNFUT,0.05,0.002,1.0,0.5,0.5,2.0,0.6,-9.3977,5.165,-75611.2,-68244.8,-13648.96,3,4,43815.98
PIDILITIND26JUNFUT,0.05,0.002,1.0,0.5,1.0,1.0,0.4,19.1061,7.11,97356.71,124848.15,24969.63,4,4,48549.65
PIDILITIND26JUNFUT,0.05,0.002,1.0,0.5,1.0,1.0,0.5,18.8525,7.14,97890.15,125381.59,25076.32,4,4,48016.81
PIDILITIND26JUNFUT,0.05,0.002,1.0,0.5,1.0,1.0,0.6,9.9103,7.02,85967.59,102577.64,20515.53,4,4,50608.9
PIDILITIND26JUNFUT,0.05,0.002,1.0,0.5,1.0,1.5,0.4,-3.3004,6.1225,17016.8,31083.98,6216.8,3,4,37162.92
PIDILITIND26JUNFUT,0.05,0.002,1.0,0.5,1.0,1.5,0.5,-3.3342,6.1175,16259.27,30326.44,6065.29,3,4,37112.56
PIDILITIND26JUNFUT,0.05,0.002,1.0,0.5,1.0,1.5,0.6,-3.359,5.845,1556.51,16143.65,3228.73,3,4,39933.99
PIDILITIND26JUNFUT,0.05,0.002,1.0,0.5,1.0,2.0,0.4,-9.4162,5.1925,-72898.73,-65742.23,-13148.45,3,4,43269.98
PIDILITIND26JUNFUT,0.05,0.002,1.0,0.5,1.0,2.0,0.5,-9.4001,5.2025,-71713.92,-64557.42,-12911.48,3,4,42981.24
PIDILITIND26JUNFUT,0.05,0.002,1.0,0.5,1.0,2.0,0.6,-9.3977,5.165,-75611.2,-68244.8,-13648.96,3,4,43815.98
POWERGRID26JUNFUT,0.05,0.005,1.5,0.2,0.3,1.0,0.4,8.6821,3.7325,26894.89,26894.89,5378.98,2,4,9610.86
POWERGRID26JUNFUT,0.05,0.005,1.5,0.2,0.3,1.0,0.5,8.6821,3.7325,26894.89,26894.89,5378.98,2,4,9610.86
POWERGRID26JUNFUT,0.05,0.005,1.5,0.2,0.3,1.0,0.6,8.8258,3.8825,28579.81,28579.81,5715.96,2,4,9543.11
POWERGRID26JUNFUT,0.05,0.005,1.5,0.2,0.3,1.5,0.4,-14.4985,1.5575,2123.18,1754.74,350.95,1,4,12990.8
POWERGRID26JUNFUT,0.05,0.005,1.5,0.2,0.3,1.5,0.5,-14.4985,1.5575,2123.18,1754.74,350.95,1,4,12990.8
POWERGRID26JUNFUT,0.05,0.005,1.5,0.2,0.3,1.5,0.6,-14.5805,1.595,2389.05,2020.62,404.12,1,4,12938.42
POWERGRID26JUNFUT,0.05,0.005,1.5,0.2,0.3,2.0,0.4,-12.1224,8.42,11459.29,10356.34,2071.27,2,4,20953.13
POWERGRID26JUNFUT,0.05,0.005,1.5,0.2,0.3,2.0,0.5,-12.1351,8.43,11554.24,10451.29,2090.26,2,4,20930.63
POWERGRID26JUNFUT,0.05,0.005,1.5,0.2,0.3,2.0,0.6,-12.1376,8.4325,11573.23,10470.28,2094.06,2,4,20926.13
POWERGRID26JUNFUT,0.05,0.005,1.5,0.2,0.5,1.0,0.4,8.6821,3.7325,26894.89,26894.89,5378.98,2,4,9610.86
POWERGRID26JUNFUT,0.05,0.005,1.5,0.2,0.5,1.0,0.5,8.6821,3.7325,26894.89,26894.89,5378.98,2,4,9610.86
POWERGRID26JUNFUT,0.05,0.005,1.5,0.2,0.5,1.0,0.6,8.8258,3.8825,28579.81,28579.81,5715.96,2,4,9543.11
POWERGRID26JUNFUT,0.05,0.005,1.5,0.2,0.5,1.5,0.4,-14.4985,1.5575,2123.18,1754.74,350.95,1,4,12990.8
POWERGRID26JUNFUT,0.05,0.005,1.5,0.2,0.5,1.5,0.5,-14.4985,1.5575,2123.18,1754.74,350.95,1,4,12990.8
POWERGRID26JUNFUT,0.05,0.005,1.5,0.2,0.5,1.5,0.6,-14.5805,1.595,2389.05,2020.62,404.12,1,4,12938.42
POWERGRID26JUNFUT,0.05,0.005,1.5,0.2,0.5,2.0,0.4,-12.1224,8.42,11459.29,10356.34,2071.27,2,4,20953.13
POWERGRID26JUNFUT,0.05,0.005,1.5,0.2,0.5,2.0,0.5,-12.1351,8.43,11554.24,10451.29,2090.26,2,4,20930.63
POWERGRID26JUNFUT,0.05,0.005,1.5,0.2,0.5,2.0,0.6,-12.1376,8.4325,11573.23,10470.28,2094.06,2,4,20926.13
POWERGRID26JUNFUT,0.05,0.005,1.5,0.2,1.0,1.0,0.4,8.6821,3.7325,26894.89,26894.89,5378.98,2,4,9610.86
POWERGRID26JUNFUT,0.05,0.005,1.5,0.2,1.0,1.0,0.5,8.6821,3.7325,26894.89,26894.89,5378.98,2,4,9610.86
POWERGRID26JUNFUT,0.05,0.005,1.5,0.2,1.0,1.0,0.6,8.8258,3.8825,28579.81,28579.81,5715.96,2,4,9543.11
POWERGRID26JUNFUT,0.05,0.005,1.5,0.2,1.0,1.5,0.4,-14.4985,1.5575,2123.18,1754.74,350.95,1,4,12990.8
POWERGRID26JUNFUT,0.05,0.005,1.5,0.2,1.0,1.5,0.5,-14.4985,1.5575,2123.18,1754.74,350.95,1,4,12990.8
POWERGRID26JUNFUT,0.05,0.005,1.5,0.2,1.0,1.5,0.6,-14.5805,1.595,2389.05,2020.62,404.12,1,4,12938.42
POWERGRID26JUNFUT,0.05,0.005,1.5,0.2,1.0,2.0,0.4,-12.1224,8.42,11459.29,10356.34,2071.27,2,4,20953.13
POWERGRID26JUNFUT,0.05,0.005,1.5,0.2,1.0,2.0,0.5,-12.1351,8.43,11554.24,10451.29,2090.26,2,4,20930.63
POWERGRID26JUNFUT,0.05,0.005,1.5,0.2,1.0,2.0,0.6,-12.1376,8.4325,11573.23,10470.28,2094.06,2,4,20926.13
POWERGRID26JUNFUT,0.05,0.005,1.5,0.3,0.3,1.0,0.4,8.6821,3.7325,26894.89,26894.89,5378.98,2,4,9610.86
POWERGRID26JUNFUT,0.05,0.005,1.5,0.3,0.3,1.0,0.5,8.6821,3.7325,26894.89,26894.89,5378.98,2,4,9610.86
POWERGRID26JUNFUT,0.05,0.005,1.5,0.3,0.3,1.0,0.6,8.8258,3.8825,28579.81,28579.81,5715.96,2,4,9543.11
POWERGRID26JUNFUT,0.05,0.005,1.5,0.3,0.3,1.5,0.4,-14.4985,1.5575,2123.18,1754.74,350.95,1,4,12990.8
POWERGRID26JUNFUT,0.05,0.005,1.5,0.3,0.3,1.5,0.5,-14.4985,1.5575,2123.18,1754.74,350.95,1,4,12990.8
POWERGRID26JUNFUT,0.05,0.005,1.5,0.3,0.3,1.5,0.6,-14.5805,1.595,2389.05,2020.62,404.12,1,4,12938.42
POWERGRID26JUNFUT,0.05,0.005,1.5,0.3,0.3,2.0,0.4,-12.1224,8.42,11459.29,10356.34,2071.27,2,4,20953.13
POWERGRID26JUNFUT,0.05,0.005,1.5,0.3,0.3,2.0,0.5,-12.1351,8.43,11554.24,10451.29,2090.26,2,4,20930.63
POWERGRID26JUNFUT,0.05,0.005,1.5,0.3,0.3,2.0,0.6,-12.1376,8.4325,11573.23,10470.28,2094.06,2,4,20926.13
POWERGRID26JUNFUT,0.05,0.005,1.5,0.3,0.5,1.0,0.4,8.6821,3.7325,26894.89,26894.89,5378.98,2,4,9610.86
POWERGRID26JUNFUT,0.05,0.005,1.5,0.3,0.5,1.0,0.5,8.6821,3.7325,26894.89,26894.89,5378.98,2,4,9610.86
POWERGRID26JUNFUT,0.05,0.005,1.5,0.3,0.5,1.0,0.6,8.8258,3.8825,28579.81,28579.81,5715.96,2,4,9543.11
POWERGRID26JUNFUT,0.05,0.005,1.5,0.3,0.5,1.5,0.4,-14.4985,1.5575,2123.18,1754.74,350.95,1,4,12990.8
POWERGRID26JUNFUT,0.05,0.005,1.5,0.3,0.5,1.5,0.5,-14.4985,1.5575,2123.18,1754.74,350.95,1,4,12990.8
POWERGRID26JUNFUT,0.05,0.005,1.5,0.3,0.5,1.5,0.6,-14.5805,1.595,2389.05,2020.62,404.12,1,4,12938.42
POWERGRID26JUNFUT,0.05,0.005,1.5,0.3,0.5,2.0,0.4,-12.1224,8.42,11459.29,10356.34,2071.27,2,4,20953.13
POWERGRID26JUNFUT,0.05,0.005,1.5,0.3,0.5,2.0,0.5,-12.1351,8.43,11554.24,10451.29,2090.26,2,4,20930.63
POWERGRID26JUNFUT,0.05,0.005,1.5,0.3,0.5,2.0,0.6,-12.1376,8.4325,11573.23,10470.28,2094.06,2,4,20926.13
POWERGRID26JUNFUT,0.05,0.005,1.5,0.3,1.0,1.0,0.4,8.6821,3.7325,26894.89,26894.89,5378.98,2,4,9610.86
POWERGRID26JUNFUT,0.05,0.005,1.5,0.3,1.0,1.0,0.5,8.6821,3.7325,26894.89,26894.89,5378.98,2,4,9610.86
POWERGRID26JUNFUT,0.05,0.005,1.5,0.3,1.0,1.0,0.6,8.8258,3.8825,28579.81,28579.81,5715.96,2,4,9543.11
POWERGRID26JUNFUT,0.05,0.005,1.5,0.3,1.0,1.5,0.4,-14.4985,1.5575,2123.18,1754.74,350.95,1,4,12990.8
POWERGRID26JUNFUT,0.05,0.005,1.5,0.3,1.0,1.5,0.5,-14.4985,1.5575,2123.18,1754.74,350.95,1,4,12990.8
POWERGRID26JUNFUT,0.05,0.005,1.5,0.3,1.0,1.5,0.6,-14.5805,1.595,2389.05,2020.62,404.12,1,4,12938.42
POWERGRID26JUNFUT,0.05,0.005,1.5,0.3,1.0,2.0,0.4,-12.1224,8.42,11459.29,10356.34,2071.27,2,4,20953.13
POWERGRID26JUNFUT,0.05,0.005,1.5,0.3,1.0,2.0,0.5,-12.1351,8.43,11554.24,10451.29,2090.26,2,4,20930.63
POWERGRID26JUNFUT,0.05,0.005,1.5,0.3,1.0,2.0,0.6,-12.1376,8.4325,11573.23,10470.28,2094.06,2,4,20926.13
POWERGRID26JUNFUT,0.05,0.005,1.5,0.5,0.3,1.0,0.4,8.6821,3.7325,26894.89,26894.89,5378.98,2,4,9610.86
POWERGRID26JUNFUT,0.05,0.005,1.5,0.5,0.3,1.0,0.5,8.6821,3.7325,26894.89,26894.89,5378.98,2,4,9610.86
POWERGRID26JUNFUT,0.05,0.005,1.5,0.5,0.3,1.0,0.6,8.8258,3.8825,28579.81,28579.81,5715.96,2,4,9543.11
POWERGRID26JUNFUT,0.05,0.005,1.5,0.5,0.3,1.5,0.4,-14.4985,1.5575,2123.18,1754.74,350.95,1,4,12990.8
POWERGRID26JUNFUT,0.05,0.005,1.5,0.5,0.3,1.5,0.5,-14.4985,1.5575,2123.18,1754.74,350.95,1,4,12990.8
POWERGRID26JUNFUT,0.05,0.005,1.5,0.5,0.3,1.5,0.6,-14.5805,1.595,2389.05,2020.62,404.12,1,4,12938.42
POWERGRID26JUNFUT,0.05,0.005,1.5,0.5,0.3,2.0,0.4,-12.1224,8.42,11459.29,10356.34,2071.27,2,4,20953.13
POWERGRID26JUNFUT,0.05,0.005,1.5,0.5,0.3,2.0,0.5,-12.1351,8.43,11554.24,10451.29,2090.26,2,4,20930.63
POWERGRID26JUNFUT,0.05,0.005,1.5,0.5,0.3,2.0,0.6,-12.1376,8.4325,11573.23,10470.28,2094.06,2,4,20926.13
POWERGRID26JUNFUT,0.05,0.005,1.5,0.5,0.5,1.0,0.4,8.6821,3.7325,26894.89,26894.89,5378.98,2,4,9610.86
POWERGRID26JUNFUT,0.05,0.005,1.5,0.5,0.5,1.0,0.5,8.6821,3.7325,26894.89,26894.89,5378.98,2,4,9610.86
POWERGRID26JUNFUT,0.05,0.005,1.5,0.5,0.5,1.0,0.6,8.8258,3.8825,28579.81,28579.81,5715.96,2,4,9543.11
POWERGRID26JUNFUT,0.05,0.005,1.5,0.5,0.5,1.5,0.4,-14.4985,1.5575,2123.18,1754.74,350.95,1,4,12990.8
POWERGRID26JUNFUT,0.05,0.005,1.5,0.5,0.5,1.5,0.5,-14.4985,1.5575,2123.18,1754.74,350.95,1,4,12990.8
POWERGRID26JUNFUT,0.05,0.005,1.5,0.5,0.5,1.5,0.6,-14.5805,1.595,2389.05,2020.62,404.12,1,4,12938.42
POWERGRID26JUNFUT,0.05,0.005,1.5,0.5,0.5,2.0,0.4,-12.1224,8.42,11459.29,10356.34,2071.27,2,4,20953.13
POWERGRID26JUNFUT,0.05,0.005,1.5,0.5,0.5,2.0,0.5,-12.1351,8.43,11554.24,10451.29,2090.26,2,4,20930.63
POWERGRID26JUNFUT,0.05,0.005,1.5,0.5,0.5,2.0,0.6,-12.1376,8.4325,11573.23,10470.28,2094.06,2,4,20926.13
POWERGRID26JUNFUT,0.05,0.005,1.5,0.5,1.0,1.0,0.4,8.6821,3.7325,26894.89,26894.89,5378.98,2,4,9610.86
POWERGRID26JUNFUT,0.05,0.005,1.5,0.5,1.0,1.0,0.5,8.6821,3.7325,26894.89,26894.89,5378.98,2,4,9610.86
POWERGRID26JUNFUT,0.05,0.005,1.5,0.5,1.0,1.0,0.6,8.8258,3.8825,28579.81,28579.81,5715.96,2,4,9543.11
POWERGRID26JUNFUT,0.05,0.005,1.5,0.5,1.0,1.5,0.4,-14.4985,1.5575,2123.18,1754.74,350.95,1,4,12990.8
POWERGRID26JUNFUT,0.05,0.005,1.5,0.5,1.0,1.5,0.5,-14.4985,1.5575,2123.18,1754.74,350.95,1,4,12990.8
POWERGRID26JUNFUT,0.05,0.005,1.5,0.5,1.0,1.5,0.6,-14.5805,1.595,2389.05,2020.62,404.12,1,4,12938.42
POWERGRID26JUNFUT,0.05,0.005,1.5,0.5,1.0,2.0,0.4,-12.1224,8.42,11459.29,10356.34,2071.27,2,4,20953.13
POWERGRID26JUNFUT,0.05,0.005,1.5,0.5,1.0,2.0,0.5,-12.1351,8.43,11554.24,10451.29,2090.26,2,4,20930.63
POWERGRID26JUNFUT,0.05,0.005,1.5,0.5,1.0,2.0,0.6,-12.1376,8.4325,11573.23,10470.28,2094.06,2,4,20926.13
PNB26JUNFUT,0.1,0.001,2.0,0.2,0.3,1.0,0.4,0.0,0.0,0.0,0.0,0.0,0,4,0.0
PNB26JUNFUT,0.1,0.001,2.0,0.2,0.3,1.0,0.5,0.0,0.0,0.0,0.0,0.0,0,4,0.0
PNB26JUNFUT,0.1,0.001,2.0,0.2,0.3,1.0,0.6,0.0,0.0,0.0,0.0,0.0,0,4,0.0
PNB26JUNFUT,0.1,0.001,2.0,0.2,0.3,1.5,0.4,0.0,0.0,0.0,0.0,0.0,0,4,0.0
PNB26JUNFUT,0.1,0.001,2.0,0.2,0.3,1.5,0.5,0.0,0.0,0.0,0.0,0.0,0,4,0.0
PNB26JUNFUT,0.1,0.001,2.0,0.2,0.3,1.5,0.6,0.0,0.0,0.0,0.0,0.0,0,4,0.0
PNB26JUNFUT,0.1,0.001,2.0,0.2,0.3,2.0,0.4,-5.0975,0.0,-531.92,-531.92,-106.38,0,4,212.77
PNB26JUNFUT,0.1,0.001,2.0,0.2,0.3,2.0,0.5,-5.0975,0.0,-531.92,-531.92,-106.38,0,4,212.77
PNB26JUNFUT,0.1,0.001,2.0,0.2,0.3,2.0,0.6,-5.0975,0.0,-531.92,-531.92,-106.38,0,4,212.77
PNB26JUNFUT,0.1,0.001,2.0,0.2,0.5,1.0,0.4,0.0,0.0,0.0,0.0,0.0,0,4,0.0
PNB26JUNFUT,0.1,0.001,2.0,0.2,0.5,1.0,0.5,0.0,0.0,0.0,0.0,0.0,0,4,0.0
PNB26JUNFUT,0.1,0.001,2.0,0.2,0.5,1.0,0.6,0.0,0.0,0.0,0.0,0.0,0,4,0.0
PNB26JUNFUT,0.1,0.001,2.0,0.2,0.5,1.5,0.4,0.0,0.0,0.0,0.0,0.0,0,4,0.0
PNB26JUNFUT,0.1,0.001,2.0,0.2,0.5,1.5,0.5,0.0,0.0,0.0,0.0,0.0,0,4,0.0
PNB26JUNFUT,0.1,0.001,2.0,0.2,0.5,1.5,0.6,0.0,0.0,0.0,0.0,0.0,0,4,0.0
PNB26JUNFUT,0.1,0.001,2.0,0.2,0.5,2.0,0.4,-5.0975,0.0,-531.92,-531.92,-106.38,0,4,212.77
PNB26JUNFUT,0.1,0.001,2.0,0.2,0.5,2.0,0.5,-5.0975,0.0,-531.92,-531.92,-106.38,0,4,212.77
PNB26JUNFUT,0.1,0.001,2.0,0.2,0.5,2.0,0.6,-5.0975,0.0,-531.92,-531.92,-106.38,0,4,212.77
PNB26JUNFUT,0.1,0.001,2.0,0.2,1.0,1.0,0.4,0.0,0.0,0.0,0.0,0.0,0,4,0.0
PNB26JUNFUT,0.1,0.001,2.0,0.2,1.0,1.0,0.5,0.0,0.0,0.0,0.0,0.0,0,4,0.0
PNB26JUNFUT,0.1,0.001,2.0,0.2,1.0,1.0,0.6,0.0,0.0,0.0,0.0,0.0,0,4,0.0
PNB26JUNFUT,0.1,0.001,2.0,0.2,1.0,1.5,0.4,0.0,0.0,0.0,0.0,0.0,0,4,0.0
PNB26JUNFUT,0.1,0.001,2.0,0.2,1.0,1.5,0.5,0.0,0.0,0.0,0.0,0.0,0,4,0.0
PNB26JUNFUT,0.1,0.001,2.0,0.2,1.0,1.5,0.6,0.0,0.0,0.0,0.0,0.0,0,4,0.0
PNB26JUNFUT,0.1,0.001,2.0,0.2,1.0,2.0,0.4,-5.0975,0.0,-531.92,-531.92,-106.38,0,4,212.77
PNB26JUNFUT,0.1,0.001,2.0,0.2,1.0,2.0,0.5,-5.0975,0.0,-531.92,-531.92,-106.38,0,4,212.77
PNB26JUNFUT,0.1,0.001,2.0,0.2,1.0,2.0,0.6,-5.0975,0.0,-531.92,-531.92,-106.38,0,4,212.77
PNB26JUNFUT,0.1,0.001,2.0,0.3,0.3,1.0,0.4,0.0,0.0,0.0,0.0,0.0,0,4,0.0
PNB26JUNFUT,0.1,0.001,2.0,0.3,0.3,1.0,0.5,0.0,0.0,0.0,0.0,0.0,0,4,0.0
PNB26JUNFUT,0.1,0.001,2.0,0.3,0.3,1.0,0.6,0.0,0.0,0.0,0.0,0.0,0,4,0.0
PNB26JUNFUT,0.1,0.001,2.0,0.3,0.3,1.5,0.4,0.0,0.0,0.0,0.0,0.0,0,4,0.0
PNB26JUNFUT,0.1,0.001,2.0,0.3,0.3,1.5,0.5,0.0,0.0,0.0,0.0,0.0,0,4,0.0
PNB26JUNFUT,0.1,0.001,2.0,0.3,0.3,1.5,0.6,0.0,0.0,0.0,0.0,0.0,0,4,0.0
PNB26JUNFUT,0.1,0.001,2.0,0.3,0.3,2.0,0.4,-5.0975,0.0,-531.92,-531.92,-106.38,0,4,212.77
PNB26JUNFUT,0.1,0.001,2.0,0.3,0.3,2.0,0.5,-5.0975,0.0,-531.92,-531.92,-106.38,0,4,212.77
PNB26JUNFUT,0.1,0.001,2.0,0.3,0.3,2.0,0.6,-5.0975,0.0,-531.92,-531.92,-106.38,0,4,212.77
PNB26JUNFUT,0.1,0.001,2.0,0.3,0.5,1.0,0.4,0.0,0.0,0.0,0.0,0.0,0,4,0.0
PNB26JUNFUT,0.1,0.001,2.0,0.3,0.5,1.0,0.5,0.0,0.0,0.0,0.0,0.0,0,4,0.0
PNB26JUNFUT,0.1,0.001,2.0,0.3,0.5,1.0,0.6,0.0,0.0,0.0,0.0,0.0,0,4,0.0
PNB26JUNFUT,0.1,0.001,2.0,0.3,0.5,1.5,0.4,0.0,0.0,0.0,0.0,0.0,0,4,0.0
PNB26JUNFUT,0.1,0.001,2.0,0.3,0.5,1.5,0.5,0.0,0.0,0.0,0.0,0.0,0,4,0.0
PNB26JUNFUT,0.1,0.001,2.0,0.3,0.5,1.5,0.6,0.0,0.0,0.0,0.0,0.0,0,4,0.0
PNB26JUNFUT,0.1,0.001,2.0,0.3,0.5,2.0,0.4,-5.0975,0.0,-531.92,-531.92,-106.38,0,4,212.77
PNB26JUNFUT,0.1,0.001,2.0,0.3,0.5,2.0,0.5,-5.0975,0.0,-531.92,-531.92,-106.38,0,4,212.77
PNB26JUNFUT,0.1,0.001,2.0,0.3,0.5,2.0,0.6,-5.0975,0.0,-531.92,-531.92,-106.38,0,4,212.77
PNB26JUNFUT,0.1,0.001,2.0,0.3,1.0,1.0,0.4,0.0,0.0,0.0,0.0,0.0,0,4,0.0
PNB26JUNFUT,0.1,0.001,2.0,0.3,1.0,1.0,0.5,0.0,0.0,0.0,0.0,0.0,0,4,0.0
PNB26JUNFUT,0.1,0.001,2.0,0.3,1.0,1.0,0.6,0.0,0.0,0.0,0.0,0.0,0,4,0.0
PNB26JUNFUT,0.1,0.001,2.0,0.3,1.0,1.5,0.4,0.0,0.0,0.0,0.0,0.0,0,4,0.0
PNB26JUNFUT,0.1,0.001,2.0,0.3,1.0,1.5,0.5,0.0,0.0,0.0,0.0,0.0,0,4,0.0
PNB26JUNFUT,0.1,0.001,2.0,0.3,1.0,1.5,0.6,0.0,0.0,0.0,0.0,0.0,0,4,0.0
PNB26JUNFUT,0.1,0.001,2.0,0.3,1.0,2.0,0.4,-5.0975,0.0,-531.92,-531.92,-106.38,0,4,212.77
PNB26JUNFUT,0.1,0.001,2.0,0.3,1.0,2.0,0.5,-5.0975,0.0,-531.92,-531.92,-106.38,0,4,212.77
PNB26JUNFUT,0.1,0.001,2.0,0.3,1.0,2.0,0.6,-5.0975,0.0,-531.92,-531.92,-106.38,0,4,212.77
PNB26JUNFUT,0.1,0.001,2.0,0.5,0.3,1.0,0.4,0.0,0.0,0.0,0.0,0.0,0,4,0.0
PNB26JUNFUT,0.1,0.001,2.0,0.5,0.3,1.0,0.5,0.0,0.0,0.0,0.0,0.0,0,4,0.0
PNB26JUNFUT,0.1,0.001,2.0,0.5,0.3,1.0,0.6,0.0,0.0,0.0,0.0,0.0,0,4,0.0
PNB26JUNFUT,0.1,0.001,2.0,0.5,0.3,1.5,0.4,0.0,0.0,0.0,0.0,0.0,0,4,0.0
PNB26JUNFUT,0.1,0.001,2.0,0.5,0.3,1.5,0.5,0.0,0.0,0.0,0.0,0.0,0,4,0.0
PNB26JUNFUT,0.1,0.001,2.0,0.5,0.3,1.5,0.6,0.0,0.0,0.0,0.0,0.0,0,4,0.0
PNB26JUNFUT,0.1,0.001,2.0,0.5,0.3,2.0,0.4,-5.0975,0.0,-531.92,-531.92,-106.38,0,4,212.77
PNB26JUNFUT,0.1,0.001,2.0,0.5,0.3,2.0,0.5,-5.0975,0.0,-531.92,-531.92,-106.38,0,4,212.77
PNB26JUNFUT,0.1,0.001,2.0,0.5,0.3,2.0,0.6,-5.0975,0.0,-531.92,-531.92,-106.38,0,4,212.77
PNB26JUNFUT,0.1,0.001,2.0,0.5,0.5,1.0,0.4,0.0,0.0,0.0,0.0,0.0,0,4,0.0
PNB26JUNFUT,0.1,0.001,2.0,0.5,0.5,1.0,0.5,0.0,0.0,0.0,0.0,0.0,0,4,0.0
PNB26JUNFUT,0.1,0.001,2.0,0.5,0.5,1.0,0.6,0.0,0.0,0.0,0.0,0.0,0,4,0.0
PNB26JUNFUT,0.1,0.001,2.0,0.5,0.5,1.5,0.4,0.0,0.0,0.0,0.0,0.0,0,4,0.0
PNB26JUNFUT,0.1,0.001,2.0,0.5,0.5,1.5,0.5,0.0,0.0,0.0,0.0,0.0,0,4,0.0
PNB26JUNFUT,0.1,0.001,2.0,0.5,0.5,1.5,0.6,0.0,0.0,0.0,0.0,0.0,0,4,0.0
PNB26JUNFUT,0.1,0.001,2.0,0.5,0.5,2.0,0.4,-5.0975,0.0,-531.92,-531.92,-106.38,0,4,212.77
PNB26JUNFUT,0.1,0.001,2.0,0.5,0.5,2.0,0.5,-5.0975,0.0,-531.92,-531.92,-106.38,0,4,212.77
PNB26JUNFUT,0.1,0.001,2.0,0.5,0.5,2.0,0.6,-5.0975,0.0,-531.92,-531.92,-106.38,0,4,212.77
PNB26JUNFUT,0.1,0.001,2.0,0.5,1.0,1.0,0.4,0.0,0.0,0.0,0.0,0.0,0,4,0.0
PNB26JUNFUT,0.1,0.001,2.0,0.5,1.0,1.0,0.5,0.0,0.0,0.0,0.0,0.0,0,4,0.0
PNB26JUNFUT,0.1,0.001,2.0,0.5,1.0,1.0,0.6,0.0,0.0,0.0,0.0,0.0,0,4,0.0
PNB26JUNFUT,0.1,0.001,2.0,0.5,1.0,1.5,0.4,0.0,0.0,0.0,0.0,0.0,0,4,0.0
PNB26JUNFUT,0.1,0.001,2.0,0.5,1.0,1.5,0.5,0.0,0.0,0.0,0.0,0.0,0,4,0.0
PNB26JUNFUT,0.1,0.001,2.0,0.5,1.0,1.5,0.6,0.0,0.0,0.0,0.0,0.0,0,4,0.0
PNB26JUNFUT,0.1,0.001,2.0,0.5,1.0,2.0,0.4,-5.0975,0.0,-531.92,-531.92,-106.38,0,4,212.77
PNB26JUNFUT,0.1,0.001,2.0,0.5,1.0,2.0,0.5,-5.0975,0.0,-531.92,-531.92,-106.38,0,4,212.77
PNB26JUNFUT,0.1,0.001,2.0,0.5,1.0,2.0,0.6,-5.0975,0.0,-531.92,-531.92,-106.38,0,4,212.77
POLYCAB26JUNFUT,0.1,0.001,2.0,0.2,0.3,1.0,0.4,-29.4484,2.335,-26089.27,-118527.11,-23705.42,2,4,63721.28
POLYCAB26JUNFUT,0.1,0.001,2.0,0.2,0.3,1.0,0.5,-29.4484,2.335,-26089.27,-118527.11,-23705.42,2,4,63721.28
POLYCAB26JUNFUT,0.1,0.001,2.0,0.2,0.3,1.0,0.6,-29.4484,2.335,-26089.27,-118527.11,-23705.42,2,4,63721.28
POLYCAB26JUNFUT,0.1,0.001,2.0,0.2,0.3,1.5,0.4,-27.3215,2.3775,-27995.92,-120498.73,-24099.75,2,4,62782.67
POLYCAB26JUNFUT,0.1,0.001,2.0,0.2,0.3,1.5,0.5,-27.3215,2.3775,-27995.92,-120498.73,-24099.75,2,4,62782.67
POLYCAB26JUNFUT,0.1,0.001,2.0,0.2,0.3,1.5,0.6,-27.3215,2.3775,-27995.92,-120498.73,-24099.75,2,4,62782.67
POLYCAB26JUNFUT,0.1,0.001,2.0,0.2,0.3,2.0,0.4,-27.3215,2.3775,-27995.92,-120498.73,-24099.75,2,4,62782.67
POLYCAB26JUNFUT,0.1,0.001,2.0,0.2,0.3,2.0,0.5,-27.3215,2.3775,-27995.92,-120498.73,-24099.75,2,4,62782.67
POLYCAB26JUNFUT,0.1,0.001,2.0,0.2,0.3,2.0,0.6,-27.3215,2.3775,-27995.92,-120498.73,-24099.75,2,4,62782.67
POLYCAB26JUNFUT,0.1,0.001,2.0,0.2,0.5,1.0,0.4,-29.4484,2.335,-26089.27,-118527.11,-23705.42,2,4,63721.28
POLYCAB26JUNFUT,0.1,0.001,2.0,0.2,0.5,1.0,0.5,-29.4484,2.335,-26089.27,-118527.11,-23705.42,2,4,63721.28
POLYCAB26JUNFUT,0.1,0.001,2.0,0.2,0.5,1.0,0.6,-29.4484,2.335,-26089.27,-118527.11,-23705.42,2,4,63721.28
POLYCAB26JUNFUT,0.1,0.001,2.0,0.2,0.5,1.5,0.4,-27.3215,2.3775,-27995.92,-120498.73,-24099.75,2,4,62782.67
POLYCAB26JUNFUT,0.1,0.001,2.0,0.2,0.5,1.5,0.5,-27.3215,2.3775,-27995.92,-120498.73,-24099.75,2,4,62782.67
POLYCAB26JUNFUT,0.1,0.001,2.0,0.2,0.5,1.5,0.6,-27.3215,2.3775,-27995.92,-120498.73,-24099.75,2,4,62782.67
POLYCAB26JUNFUT,0.1,0.001,2.0,0.2,0.5,2.0,0.4,-27.3215,2.3775,-27995.92,-120498.73,-24099.75,2,4,62782.67
POLYCAB26JUNFUT,0.1,0.001,2.0,0.2,0.5,2.0,0.5,-27.3215,2.3775,-27995.92,-120498.73,-24099.75,2,4,62782.67
POLYCAB26JUNFUT,0.1,0.001,2.0,0.2,0.5,2.0,0.6,-27.3215,2.3775,-27995.92,-120498.73,-24099.75,2,4,62782.67
POLYCAB26JUNFUT,0.1,0.001,2.0,0.2,1.0,1.0,0.4,-29.4484,2.335,-26089.27,-118527.11,-23705.42,2,4,63721.28
POLYCAB26JUNFUT,0.1,0.001,2.0,0.2,1.0,1.0,0.5,-29.4484,2.335,-26089.27,-118527.11,-23705.42,2,4,63721.28
POLYCAB26JUNFUT,0.1,0.001,2.0,0.2,1.0,1.0,0.6,-29.4484,2.335,-26089.27,-118527.11,-23705.42,2,4,63721.28
POLYCAB26JUNFUT,0.1,0.001,2.0,0.2,1.0,1.5,0.4,-27.3215,2.3775,-27995.92,-120498.73,-24099.75,2,4,62782.67
POLYCAB26JUNFUT,0.1,0.001,2.0,0.2,1.0,1.5,0.5,-27.3215,2.3775,-27995.92,-120498.73,-24099.75,2,4,62782.67
POLYCAB26JUNFUT,0.1,0.001,2.0,0.2,1.0,1.5,0.6,-27.3215,2.3775,-27995.92,-120498.73,-24099.75,2,4,62782.67
POLYCAB26JUNFUT,0.1,0.001,2.0,0.2,1.0,2.0,0.4,-27.3215,2.3775,-27995.92,-120498.73,-24099.75,2,4,62782.67
POLYCAB26JUNFUT,0.1,0.001,2.0,0.2,1.0,2.0,0.5,-27.3215,2.3775,-27995.92,-120498.73,-24099.75,2,4,62782.67
POLYCAB26JUNFUT,0.1,0.001,2.0,0.2,1.0,2.0,0.6,-27.3215,2.3775,-27995.92,-120498.73,-24099.75,2,4,62782.67
POLYCAB26JUNFUT,0.1,0.001,2.0,0.3,0.3,1.0,0.4,-29.4484,2.335,-26089.27,-118527.11,-23705.42,2,4,63721.28
POLYCAB26JUNFUT,0.1,0.001,2.0,0.3,0.3,1.0,0.5,-29.4484,2.335,-26089.27,-118527.11,-23705.42,2,4,63721.28
POLYCAB26JUNFUT,0.1,0.001,2.0,0.3,0.3,1.0,0.6,-29.4484,2.335,-26089.27,-118527.11,-23705.42,2,4,63721.28
POLYCAB26JUNFUT,0.1,0.001,2.0,0.3,0.3,1.5,0.4,-27.3215,2.3775,-27995.92,-120498.73,-24099.75,2,4,62782.67
POLYCAB26JUNFUT,0.1,0.001,2.0,0.3,0.3,1.5,0.5,-27.3215,2.3775,-27995.92,-120498.73,-24099.75,2,4,62782.67
POLYCAB26JUNFUT,0.1,0.001,2.0,0.3,0.3,1.5,0.6,-27.3215,2.3775,-27995.92,-120498.73,-24099.75,2,4,62782.67
POLYCAB26JUNFUT,0.1,0.001,2.0,0.3,0.3,2.0,0.4,-27.3215,2.3775,-27995.92,-120498.73,-24099.75,2,4,62782.67
POLYCAB26JUNFUT,0.1,0.001,2.0,0.3,0.3,2.0,0.5,-27.3215,2.3775,-27995.92,-120498.73,-24099.75,2,4,62782.67
POLYCAB26JUNFUT,0.1,0.001,2.0,0.3,0.3,2.0,0.6,-27.3215,2.3775,-27995.92,-120498.73,-24099.75,2,4,62782.67
POLYCAB26JUNFUT,0.1,0.001,2.0,0.3,0.5,1.0,0.4,-29.4484,2.335,-26089.27,-118527.11,-23705.42,2,4,63721.28
POLYCAB26JUNFUT,0.1,0.001,2.0,0.3,0.5,1.0,0.5,-29.4484,2.335,-26089.27,-118527.11,-23705.42,2,4,63721.28
POLYCAB26JUNFUT,0.1,0.001,2.0,0.3,0.5,1.0,0.6,-29.4484,2.335,-26089.27,-118527.11,-23705.42,2,4,63721.28
POLYCAB26JUNFUT,0.1,0.001,2.0,0.3,0.5,1.5,0.4,-27.3215,2.3775,-27995.92,-120498.73,-24099.75,2,4,62782.67
POLYCAB26JUNFUT,0.1,0.001,2.0,0.3,0.5,1.5,0.5,-27.3215,2.3775,-27995.92,-120498.73,-24099.75,2,4,62782.67
POLYCAB26JUNFUT,0.1,0.001,2.0,0.3,0.5,1.5,0.6,-27.3215,2.3775,-27995.92,-120498.73,-24099.75,2,4,62782.67
POLYCAB26JUNFUT,0.1,0.001,2.0,0.3,0.5,2.0,0.4,-27.3215,2.3775,-27995.92,-120498.73,-24099.75,2,4,62782.67
POLYCAB26JUNFUT,0.1,0.001,2.0,0.3,0.5,2.0,0.5,-27.3215,2.3775,-27995.92,-120498.73,-24099.75,2,4,62782.67
POLYCAB26JUNFUT,0.1,0.001,2.0,0.3,0.5,2.0,0.6,-27.3215,2.3775,-27995.92,-120498.73,-24099.75,2,4,62782.67
POLYCAB26JUNFUT,0.1,0.001,2.0,0.3,1.0,1.0,0.4,-29.4484,2.335,-26089.27,-118527.11,-23705.42,2,4,63721.28
POLYCAB26JUNFUT,0.1,0.001,2.0,0.3,1.0,1.0,0.5,-29.4484,2.335,-26089.27,-118527.11,-23705.42,2,4,63721.28
POLYCAB26JUNFUT,0.1,0.001,2.0,0.3,1.0,1.0,0.6,-29.4484,2.335,-26089.27,-118527.11,-23705.42,2,4,63721.28
POLYCAB26JUNFUT,0.1,0.001,2.0,0.3,1.0,1.5,0.4,-27.3215,2.3775,-27995.92,-120498.73,-24099.75,2,4,62782.67
POLYCAB26JUNFUT,0.1,0.001,2.0,0.3,1.0,1.5,0.5,-27.3215,2.3775,-27995.92,-120498.73,-24099.75,2,4,62782.67
POLYCAB26JUNFUT,0.1,0.001,2.0,0.3,1.0,1.5,0.6,-27.3215,2.3775,-27995.92,-120498.73,-24099.75,2,4,62782.67
POLYCAB26JUNFUT,0.1,0.001,2.0,0.3,1.0,2.0,0.4,-27.3215,2.3775,-27995.92,-120498.73,-24099.75,2,4,62782.67
POLYCAB26JUNFUT,0.1,0.001,2.0,0.3,1.0,2.0,0.5,-27.3215,2.3775,-27995.92,-120498.73,-24099.75,2,4,62782.67
POLYCAB26JUNFUT,0.1,0.001,2.0,0.3,1.0,2.0,0.6,-27.3215,2.3775,-27995.92,-120498.73,-24099.75,2,4,62782.67
POLYCAB26JUNFUT,0.1,0.001,2.0,0.5,0.3,1.0,0.4,-29.4484,2.335,-26089.27,-118527.11,-23705.42,2,4,63721.28
POLYCAB26JUNFUT,0.1,0.001,2.0,0.5,0.3,1.0,0.5,-29.4484,2.335,-26089.27,-118527.11,-23705.42,2,4,63721.28
POLYCAB26JUNFUT,0.1,0.001,2.0,0.5,0.3,1.0,0.6,-29.4484,2.335,-26089.27,-118527.11,-23705.42,2,4,63721.28
POLYCAB26JUNFUT,0.1,0.001,2.0,0.5,0.3,1.5,0.4,-27.3215,2.3775,-27995.92,-120498.73,-24099.75,2,4,62782.67
POLYCAB26JUNFUT,0.1,0.001,2.0,0.5,0.3,1.5,0.5,-27.3215,2.3775,-27995.92,-120498.73,-24099.75,2,4,62782.67
POLYCAB26JUNFUT,0.1,0.001,2.0,0.5,0.3,1.5,0.6,-27.3215,2.3775,-27995.92,-120498.73,-24099.75,2,4,62782.67
POLYCAB26JUNFUT,0.1,0.001,2.0,0.5,0.3,2.0,0.4,-27.3215,2.3775,-27995.92,-120498.73,-24099.75,2,4,62782.67
POLYCAB26JUNFUT,0.1,0.001,2.0,0.5,0.3,2.0,0.5,-27.3215,2.3775,-27995.92,-120498.73,-24099.75,2,4,62782.67
POLYCAB26JUNFUT,0.1,0.001,2.0,0.5,0.3,2.0,0.6,-27.3215,2.3775,-27995.92,-120498.73,-24099.75,2,4,62782.67
POLYCAB26JUNFUT,0.1,0.001,2.0,0.5,0.5,1.0,0.4,-29.4484,2.335,-26089.27,-118527.11,-23705.42,2,4,63721.28
POLYCAB26JUNFUT,0.1,0.001,2.0,0.5,0.5,1.0,0.5,-29.4484,2.335,-26089.27,-118527.11,-23705.42,2,4,63721.28
POLYCAB26JUNFUT,0.1,0.001,2.0,0.5,0.5,1.0,0.6,-29.4484,2.335,-26089.27,-118527.11,-23705.42,2,4,63721.28
POLYCAB26JUNFUT,0.1,0.001,2.0,0.5,0.5,1.5,0.4,-27.3215,2.3775,-27995.92,-120498.73,-24099.75,2,4,62782.67
POLYCAB26JUNFUT,0.1,0.001,2.0,0.5,0.5,1.5,0.5,-27.3215,2.3775,-27995.92,-120498.73,-24099.75,2,4,62782.67
POLYCAB26JUNFUT,0.1,0.001,2.0,0.5,0.5,1.5,0.6,-27.3215,2.3775,-27995.92,-120498.73,-24099.75,2,4,62782.67
POLYCAB26JUNFUT,0.1,0.001,2.0,0.5,0.5,2.0,0.4,-27.3215,2.3775,-27995.92,-120498.73,-24099.75,2,4,62782.67
POLYCAB26JUNFUT,0.1,0.001,2.0,0.5,0.5,2.0,0.5,-27.3215,2.3775,-27995.92,-120498.73,-24099.75,2,4,62782.67
POLYCAB26JUNFUT,0.1,0.001,2.0,0.5,0.5,2.0,0.6,-27.3215,2.3775,-27995.92,-120498.73,-24099.75,2,4,62782.67
POLYCAB26JUNFUT,0.1,0.001,2.0,0.5,1.0,1.0,0.4,-29.4484,2.335,-26089.27,-118527.11,-23705.42,2,4,63721.28
POLYCAB26JUNFUT,0.1,0.001,2.0,0.5,1.0,1.0,0.5,-29.4484,2.335,-26089.27,-118527.11,-23705.42,2,4,63721.28
POLYCAB26JUNFUT,0.1,0.001,2.0,0.5,1.0,1.0,0.6,-29.4484,2.335,-26089.27,-118527.11,-23705.42,2,4,63721.28
POLYCAB26JUNFUT,0.1,0.001,2.0,0.5,1.0,1.5,0.4,-27.3215,2.3775,-27995.92,-120498.73,-24099.75,2,4,62782.67
POLYCAB26JUNFUT,0.1,0.001,2.0,0.5,1.0,1.5,0.5,-27.3215,2.3775,-27995.92,-120498.73,-24099.75,2,4,62782.67
POLYCAB26JUNFUT,0.1,0.001,2.0,0.5,1.0,1.5,0.6,-27.3215,2.3775,-27995.92,-120498.73,-24099.75,2,4,62782.67
POLYCAB26JUNFUT,0.1,0.001,2.0,0.5,1.0,2.0,0.4,-27.3215,2.3775,-27995.92,-120498.73,-24099.75,2,4,62782.67
POLYCAB26JUNFUT,0.1,0.001,2.0,0.5,1.0,2.0,0.5,-27.3215,2.3775,-27995.92,-120498.73,-24099.75,2,4,62782.67
POLYCAB26JUNFUT,0.1,0.001,2.0,0.5,1.0,2.0,0.6,-27.3215,2.3775,-27995.92,-120498.73,-24099.75,2,4,62782.67
PRESTIGE26JUNFUT,0.05,0.002,2.0,0.2,0.3,1.0,0.4,-22.2874,6.2975,97568.21,64625.99,12925.2,3,4,46137.6
PRESTIGE26JUNFUT,0.05,0.002,2.0,0.2,0.3,1.0,0.5,-22.4619,6.2825,95222.43,62280.21,12456.04,3,4,45927.58
PRESTIGE26JUNFUT,0.05,0.002,2.0,0.2,0.3,1.0,0.6,-12.3252,6.1675,102905.74,75301.42,15060.28,3,4,49279.4
PRESTIGE26JUNFUT,0.05,0.002,2.0,0.2,0.3,1.5,0.4,-12.1824,4.155,7520.82,-64032.15,-12806.43,1,4,40695.53
PRESTIGE26JUNFUT,0.05,0.002,2.0,0.2,0.3,1.5,0.5,-12.1189,4.1625,8047.05,-63645.35,-12729.07,1,4,40726.6
PRESTIGE26JUNFUT,0.05,0.002,2.0,0.2,0.3,1.5,0.6,-11.046,4.25,14797.39,-56003.99,-11200.8,1,4,40903.58
PRESTIGE26JUNFUT,0.05,0.002,2.0,0.2,0.3,2.0,0.4,-14.7038,2.2825,-149485.67,-240444.99,-48089.0,1,4,35075.28
PRESTIGE26JUNFUT,0.05,0.002,2.0,0.2,0.3,2.0,0.5,-14.6701,2.2675,-150639.59,-241598.91,-48319.78,1,4,34993.02
PRESTIGE26JUNFUT,0.05,0.002,2.0,0.2,0.3,2.0,0.6,-14.9061,2.2425,-152797.97,-252417.64,-50483.53,0,4,36619.07
PRESTIGE26JUNFUT,0.05,0.002,2.0,0.2,0.5,1.0,0.4,-22.1368,6.315,99363.62,66425.9,13285.18,3,4,46306.62
PRESTIGE26JUNFUT,0.05,0.002,2.0,0.2,0.5,1.0,0.5,-22.3041,6.3025,97022.34,64084.61,12816.92,3,4,46083.07
PRESTIGE26JUNFUT,0.05,0.002,2.0,0.2,0.5,1.0,0.6,-12.2055,6.19,104854.56,77250.24,15450.05,3,4,49503.52
PRESTIGE26JUNFUT,0.05,0.002,2.0,0.2,0.5,1.5,0.4,-12.0385,4.165,8805.68,-62751.79,-12550.36,1,4,40658.1
PRESTIGE26JUNFUT,0.05,0.002,2.0,0.2,0.5,1.5,0.5,-11.9743,4.17,9340.91,-62355.99,-12471.2,1,4,40691.24
PRESTIGE26JUNFUT,0.05,0.002,2.0,0.2,0.5,1.5,0.6,-11.0456,4.25,14801.89,-55999.5,-11199.9,1,4,40903.43
PRESTIGE26JUNFUT,0.05,0.002,2.0,0.2,0.5,2.0,0.4,-14.7038,2.2825,-149485.67,-240444.99,-48089.0,1,4,35075.28
PRESTIGE26JUNFUT,0.05,0.002,2.0,0.2,0.5,2.0,0.5,-14.6701,2.2675,-150639.59,-241598.91,-48319.78,1,4,34993.02
PRESTIGE26JUNFUT,0.05,0.002,2.0,0.2,0.5,2.0,0.6,-14.9061,2.2425,-152797.97,-252417.64,-50483.53,0,4,36619.07
PRESTIGE26JUNFUT,0.05,0.002,2.0,0.2,1.0,1.0,0.4,-22.6861,6.4025,106672.29,73135.35,14627.07,3,4,47240.36
PRESTIGE26JUNFUT,0.05,0.002,2.0,0.2,1.0,1.0,0.5,-22.8301,6.385,104331.01,70794.07,14158.81,3,4,46966.35
PRESTIGE26JUNFUT,0.05,0.002,2.0,0.2,1.0,1.0,0.6,-12.2055,6.19,104854.56,77250.24,15450.05,3,4,49503.52
PRESTIGE26JUNFUT,0.05,0.002,2.0,0.2,1.0,1.5,0.4,-11.9026,4.1725,10200.76,-61365.71,-12273.14,1,4,40625.35
PRESTIGE26JUNFUT,0.05,0.002,2.0,0.2,1.0,1.5,0.5,-11.8389,4.18,10735.99,-60969.91,-12193.98,1,4,40660.74
PRESTIGE26JUNFUT,0.05,0.002,2.0,0.2,1.0,1.5,0.6,-11.0454,4.25,14972.36,-55833.53,-11166.71,1,4,40901.68
PRESTIGE26JUNFUT,0.05,0.002,2.0,0.2,1.0,2.0,0.4,-14.7038,2.2825,-149476.67,-240440.49,-48088.1,1,4,35075.8
PRESTIGE26JUNFUT,0.05,0.002,2.0,0.2,1.0,2.0,0.5,-14.67,2.27,-150630.59,-241594.41,-48318.88,1,4,34993.49
PRESTIGE26JUNFUT,0.05,0.002,2.0,0.2,1.0,2.0,0.6,-14.9059,2.2425,-152793.47,-252413.14,-50482.63,0,4,36619.6
PRESTIGE26JUNFUT,0.05,0.002,2.0,0.3,0.3,1.0,0.4,-22.2874,6.2975,97568.21,64625.99,12925.2,3,4,46137.6
PRESTIGE26JUNFUT,0.05,0.002,2.0,0.3,0.3,1.0,0.5,-22.4619,6.2825,95222.43,62280.21,12456.04,3,4,45927.58
PRESTIGE26JUNFUT,0.05,0.002,2.0,0.3,0.3,1.0,0.6,-12.3252,6.1675,102905.74,75301.42,15060.28,3,4,49279.4
PRESTIGE26JUNFUT,0.05,0.002,2.0,0.3,0.3,1.5,0.4,-12.1824,4.155,7520.82,-64032.15,-12806.43,1,4,40695.53
PRESTIGE26JUNFUT,0.05,0.002,2.0,0.3,0.3,1.5,0.5,-12.1189,4.1625,8047.05,-63645.35,-12729.07,1,4,40726.6
PRESTIGE26JUNFUT,0.05,0.002,2.0,0.3,0.3,1.5,0.6,-11.046,4.25,14797.39,-56003.99,-11200.8,1,4,40903.58
PRESTIGE26JUNFUT,0.05,0.002,2.0,0.3,0.3,2.0,0.4,-14.7038,2.2825,-149485.67,-240444.99,-48089.0,1,4,35075.28
PRESTIGE26JUNFUT,0.05,0.002,2.0,0.3,0.3,2.0,0.5,-14.6701,2.2675,-150639.59,-241598.91,-48319.78,1,4,34993.02
PRESTIGE26JUNFUT,0.05,0.002,2.0,0.3,0.3,2.0,0.6,-14.9061,2.2425,-152797.97,-252417.64,-50483.53,0,4,36619.07
PRESTIGE26JUNFUT,0.05,0.002,2.0,0.3,0.5,1.0,0.4,-22.1368,6.315,99363.62,66425.9,13285.18,3,4,46306.62
PRESTIGE26JUNFUT,0.05,0.002,2.0,0.3,0.5,1.0,0.5,-22.3041,6.3025,97022.34,64084.61,12816.92,3,4,46083.07
PRESTIGE26JUNFUT,0.05,0.002,2.0,0.3,0.5,1.0,0.6,-12.2055,6.19,104854.56,77250.24,15450.05,3,4,49503.52
PRESTIGE26JUNFUT,0.05,0.002,2.0,0.3,0.5,1.5,0.4,-12.0385,4.165,8805.68,-62751.79,-12550.36,1,4,40658.1
PRESTIGE26JUNFUT,0.05,0.002,2.0,0.3,0.5,1.5,0.5,-11.9743,4.17,9340.91,-62355.99,-12471.2,1,4,40691.24
PRESTIGE26JUNFUT,0.05,0.002,2.0,0.3,0.5,1.5,0.6,-11.0456,4.25,14801.89,-55999.5,-11199.9,1,4,40903.43
PRESTIGE26JUNFUT,0.05,0.002,2.0,0.3,0.5,2.0,0.4,-14.7038,2.2825,-149485.67,-240444.99,-48089.0,1,4,35075.28
PRESTIGE26JUNFUT,0.05,0.002,2.0,0.3,0.5,2.0,0.5,-14.6701,2.2675,-150639.59,-241598.91,-48319.78,1,4,34993.02
PRESTIGE26JUNFUT,0.05,0.002,2.0,0.3,0.5,2.0,0.6,-14.9061,2.2425,-152797.97,-252417.64,-50483.53,0,4,36619.07
PRESTIGE26JUNFUT,0.05,0.002,2.0,0.3,1.0,1.0,0.4,-22.6861,6.4025,106672.29,73135.35,14627.07,3,4,47240.36
PRESTIGE26JUNFUT,0.05,0.002,2.0,0.3,1.0,1.0,0.5,-22.8301,6.385,104331.01,70794.07,14158.81,3,4,46966.35
PRESTIGE26JUNFUT,0.05,0.002,2.0,0.3,1.0,1.0,0.6,-12.2055,6.19,104854.56,77250.24,15450.05,3,4,49503.52
PRESTIGE26JUNFUT,0.05,0.002,2.0,0.3,1.0,1.5,0.4,-11.9026,4.1725,10200.76,-61365.71,-12273.14,1,4,40625.35
PRESTIGE26JUNFUT,0.05,0.002,2.0,0.3,1.0,1.5,0.5,-11.8389,4.18,10735.99,-60969.91,-12193.98,1,4,40660.74
PRESTIGE26JUNFUT,0.05,0.002,2.0,0.3,1.0,1.5,0.6,-11.0454,4.25,14972.36,-55833.53,-11166.71,1,4,40901.68
PRESTIGE26JUNFUT,0.05,0.002,2.0,0.3,1.0,2.0,0.4,-14.7038,2.2825,-149476.67,-240440.49,-48088.1,1,4,35075.8
PRESTIGE26JUNFUT,0.05,0.002,2.0,0.3,1.0,2.0,0.5,-14.67,2.27,-150630.59,-241594.41,-48318.88,1,4,34993.49
PRESTIGE26JUNFUT,0.05,0.002,2.0,0.3,1.0,2.0,0.6,-14.9059,2.2425,-152793.47,-252413.14,-50482.63,0,4,36619.6
PRESTIGE26JUNFUT,0.05,0.002,2.0,0.5,0.3,1.0,0.4,-22.2874,6.2975,97568.21,64625.99,12925.2,3,4,46137.6
PRESTIGE26JUNFUT,0.05,0.002,2.0,0.5,0.3,1.0,0.5,-22.4619,6.2825,95222.43,62280.21,12456.04,3,4,45927.58
PRESTIGE26JUNFUT,0.05,0.002,2.0,0.5,0.3,1.0,0.6,-12.3252,6.1675,102905.74,75301.42,15060.28,3,4,49279.4
PRESTIGE26JUNFUT,0.05,0.002,2.0,0.5,0.3,1.5,0.4,-12.1824,4.155,7520.82,-64032.15,-12806.43,1,4,40695.53
PRESTIGE26JUNFUT,0.05,0.002,2.0,0.5,0.3,1.5,0.5,-12.1189,4.1625,8047.05,-63645.35,-12729.07,1,4,40726.6
PRESTIGE26JUNFUT,0.05,0.002,2.0,0.5,0.3,1.5,0.6,-11.046,4.25,14797.39,-56003.99,-11200.8,1,4,40903.58
PRESTIGE26JUNFUT,0.05,0.002,2.0,0.5,0.3,2.0,0.4,-14.7038,2.2825,-149485.67,-240444.99,-48089.0,1,4,35075.28
PRESTIGE26JUNFUT,0.05,0.002,2.0,0.5,0.3,2.0,0.5,-14.6701,2.2675,-150639.59,-241598.91,-48319.78,1,4,34993.02
PRESTIGE26JUNFUT,0.05,0.002,2.0,0.5,0.3,2.0,0.6,-14.9061,2.2425,-152797.97,-252417.64,-50483.53,0,4,36619.07
PRESTIGE26JUNFUT,0.05,0.002,2.0,0.5,0.5,1.0,0.4,-22.1368,6.315,99363.62,66425.9,13285.18,3,4,46306.62
PRESTIGE26JUNFUT,0.05,0.002,2.0,0.5,0.5,1.0,0.5,-22.3041,6.3025,97022.34,64084.61,12816.92,3,4,46083.07
PRESTIGE26JUNFUT,0.05,0.002,2.0,0.5,0.5,1.0,0.6,-12.2055,6.19,104854.56,77250.24,15450.05,3,4,49503.52
PRESTIGE26JUNFUT,0.05,0.002,2.0,0.5,0.5,1.5,0.4,-12.0385,4.165,8805.68,-62751.79,-12550.36,1,4,40658.1
PRESTIGE26JUNFUT,0.05,0.002,2.0,0.5,0.5,1.5,0.5,-11.9743,4.17,9340.91,-62355.99,-12471.2,1,4,40691.24
PRESTIGE26JUNFUT,0.05,0.002,2.0,0.5,0.5,1.5,0.6,-11.0456,4.25,14801.89,-55999.5,-11199.9,1,4,40903.43
PRESTIGE26JUNFUT,0.05,0.002,2.0,0.5,0.5,2.0,0.4,-14.7038,2.2825,-149485.67,-240444.99,-48089.0,1,4,35075.28
PRESTIGE26JUNFUT,0.05,0.002,2.0,0.5,0.5,2.0,0.5,-14.6701,2.2675,-150639.59,-241598.91,-48319.78,1,4,34993.02
PRESTIGE26JUNFUT,0.05,0.002,2.0,0.5,0.5,2.0,0.6,-14.9061,2.2425,-152797.97,-252417.64,-50483.53,0,4,36619.07
PRESTIGE26JUNFUT,0.05,0.002,2.0,0.5,1.0,1.0,0.4,-22.6861,6.4025,106672.29,73135.35,14627.07,3,4,47240.36
PRESTIGE26JUNFUT,0.05,0.002,2.0,0.5,1.0,1.0,0.5,-22.8301,6.385,104331.01,70794.07,14158.81,3,4,46966.35
PRESTIGE26JUNFUT,0.05,0.002,2.0,0.5,1.0,1.0,0.6,-12.2055,6.19,104854.56,77250.24,15450.05,3,4,49503.52
PRESTIGE26JUNFUT,0.05,0.002,2.0,0.5,1.0,1.5,0.4,-11.9026,4.1725,10200.76,-61365.71,-12273.14,1,4,40625.35
PRESTIGE26JUNFUT,0.05,0.002,2.0,0.5,1.0,1.5,0.5,-11.8389,4.18,10735.99,-60969.91,-12193.98,1,4,40660.74
PRESTIGE26JUNFUT,0.05,0.002,2.0,0.5,1.0,1.5,0.6,-11.0454,4.25,14972.36,-55833.53,-11166.71,1,4,40901.68
PRESTIGE26JUNFUT,0.05,0.002,2.0,0.5,1.0,2.0,0.4,-14.7038,2.2825,-149476.67,-240440.49,-48088.1,1,4,35075.8
PRESTIGE26JUNFUT,0.05,0.002,2.0,0.5,1.0,2.0,0.5,-14.67,2.27,-150630.59,-241594.41,-48318.88,1,4,34993.49
PRESTIGE26JUNFUT,0.05,0.002,2.0,0.5,1.0,2.0,0.6,-14.9059,2.2425,-152793.47,-252413.14,-50482.63,0,4,36619.6
SAIL26JUNFUT,0.05,0.002,1.0,0.2,0.3,1.0,0.4,8.5342,3.96,22194.04,19684.19,3936.84,3,4,6320.62
SAIL26JUNFUT,0.05,0.002,1.0,0.2,0.3,1.0,0.5,8.5342,3.96,22194.04,19684.19,3936.84,3,4,6320.62
SAIL26JUNFUT,0.05,0.002,1.0,0.2,0.3,1.0,0.6,8.5609,3.96,22241.02,19731.17,3946.23,3,4,6324.25
SAIL26JUNFUT,0.05,0.002,1.0,0.2,0.3,1.5,0.4,63.205,35.16,110983.27,143538.58,28707.72,3,4,29384.98
SAIL26JUNFUT,0.05,0.002,1.0,0.2,0.3,1.5,0.5,63.205,35.16,110983.27,143538.58,28707.72,3,4,29384.98
SAIL26JUNFUT,0.05,0.002,1.0,0.2,0.3,1.5,0.6,63.186,35.17,111077.2,143632.51,28726.5,3,4,29415.71
SAIL26JUNFUT,0.05,0.002,1.0,0.2,0.3,2.0,0.4,19.1578,2.1725,103761.03,148791.68,29758.34,3,4,57090.4
SAIL26JUNFUT,0.05,0.002,1.0,0.2,0.3,2.0,0.5,19.0729,1.89,101255.04,146285.68,29257.14,3,4,57546.85
SAIL26JUNFUT,0.05,0.002,1.0,0.2,0.3,2.0,0.6,17.8468,1.8275,97758.53,153225.9,30645.18,3,4,57075.59
SAIL26JUNFUT,0.05,0.002,1.0,0.2,0.5,1.0,0.4,8.5342,3.96,22194.04,19684.19,3936.84,3,4,6320.62
SAIL26JUNFUT,0.05,0.002,1.0,0.2,0.5,1.0,0.5,8.5342,3.96,22194.04,19684.19,3936.84,3,4,6320.62
SAIL26JUNFUT,0.05,0.002,1.0,0.2,0.5,1.0,0.6,8.5609,3.96,22241.02,19731.17,3946.23,3,4,6324.25
SAIL26JUNFUT,0.05,0.002,1.0,0.2,0.5,1.5,0.4,63.205,35.16,110983.27,143538.58,28707.72,3,4,29384.98
SAIL26JUNFUT,0.05,0.002,1.0,0.2,0.5,1.5,0.5,63.205,35.16,110983.27,143538.58,28707.72,3,4,29384.98
SAIL26JUNFUT,0.05,0.002,1.0,0.2,0.5,1.5,0.6,63.186,35.17,111077.2,143632.51,28726.5,3,4,29415.71
SAIL26JUNFUT,0.05,0.002,1.0,0.2,0.5,2.0,0.4,19.1578,2.1725,103761.03,148791.68,29758.34,3,4,57090.4
SAIL26JUNFUT,0.05,0.002,1.0,0.2,0.5,2.0,0.5,19.0729,1.89,101255.04,146285.68,29257.14,3,4,57546.85
SAIL26JUNFUT,0.05,0.002,1.0,0.2,0.5,2.0,0.6,17.8468,1.8275,97758.53,153225.9,30645.18,3,4,57075.59
SAIL26JUNFUT,0.05,0.002,1.0,0.2,1.0,1.0,0.4,8.5342,3.96,22194.04,19684.19,3936.84,3,4,6320.62
SAIL26JUNFUT,0.05,0.002,1.0,0.2,1.0,1.0,0.5,8.5342,3.96,22194.04,19684.19,3936.84,3,4,6320.62
SAIL26JUNFUT,0.05,0.002,1.0,0.2,1.0,1.0,0.6,8.5609,3.96,22241.02,19731.17,3946.23,3,4,6324.25
SAIL26JUNFUT,0.05,0.002,1.0,0.2,1.0,1.5,0.4,63.205,35.16,110983.27,143538.58,28707.72,3,4,29384.98
SAIL26JUNFUT,0.05,0.002,1.0,0.2,1.0,1.5,0.5,63.205,35.16,110983.27,143538.58,28707.72,3,4,29384.98
SAIL26JUNFUT,0.05,0.002,1.0,0.2,1.0,1.5,0.6,63.186,35.17,111077.2,143632.51,28726.5,3,4,29415.71
SAIL26JUNFUT,0.05,0.002,1.0,0.2,1.0,2.0,0.4,19.1578,2.1725,103761.03,148791.68,29758.34,3,4,57090.4
SAIL26JUNFUT,0.05,0.002,1.0,0.2,1.0,2.0,0.5,19.0729,1.89,101255.04,146285.68,29257.14,3,4,57546.85
SAIL26JUNFUT,0.05,0.002,1.0,0.2,1.0,2.0,0.6,17.8468,1.8275,97758.53,153225.9,30645.18,3,4,57075.59
SAIL26JUNFUT,0.05,0.002,1.0,0.3,0.3,1.0,0.4,8.5342,3.96,22194.04,19684.19,3936.84,3,4,6320.62
SAIL26JUNFUT,0.05,0.002,1.0,0.3,0.3,1.0,0.5,8.5342,3.96,22194.04,19684.19,3936.84,3,4,6320.62
SAIL26JUNFUT,0.05,0.002,1.0,0.3,0.3,1.0,0.6,8.5609,3.96,22241.02,19731.17,3946.23,3,4,6324.25
SAIL26JUNFUT,0.05,0.002,1.0,0.3,0.3,1.5,0.4,63.205,35.16,110983.27,143538.58,28707.72,3,4,29384.98
SAIL26JUNFUT,0.05,0.002,1.0,0.3,0.3,1.5,0.5,63.205,35.16,110983.27,143538.58,28707.72,3,4,29384.98
SAIL26JUNFUT,0.05,0.002,1.0,0.3,0.3,1.5,0.6,63.186,35.17,111077.2,143632.51,28726.5,3,4,29415.71
SAIL26JUNFUT,0.05,0.002,1.0,0.3,0.3,2.0,0.4,19.1578,2.1725,103761.03,148791.68,29758.34,3,4,57090.4
SAIL26JUNFUT,0.05,0.002,1.0,0.3,0.3,2.0,0.5,19.0729,1.89,101255.04,146285.68,29257.14,3,4,57546.85
SAIL26JUNFUT,0.05,0.002,1.0,0.3,0.3,2.0,0.6,17.8468,1.8275,97758.53,153225.9,30645.18,3,4,57075.59
SAIL26JUNFUT,0.05,0.002,1.0,0.3,0.5,1.0,0.4,8.5342,3.96,22194.04,19684.19,3936.84,3,4,6320.62
SAIL26JUNFUT,0.05,0.002,1.0,0.3,0.5,1.0,0.5,8.5342,3.96,22194.04,19684.19,3936.84,3,4,6320.62
SAIL26JUNFUT,0.05,0.002,1.0,0.3,0.5,1.0,0.6,8.5609,3.96,22241.02,19731.17,3946.23,3,4,6324.25
SAIL26JUNFUT,0.05,0.002,1.0,0.3,0.5,1.5,0.4,63.205,35.16,110983.27,143538.58,28707.72,3,4,29384.98
SAIL26JUNFUT,0.05,0.002,1.0,0.3,0.5,1.5,0.5,63.205,35.16,110983.27,143538.58,28707.72,3,4,29384.98
SAIL26JUNFUT,0.05,0.002,1.0,0.3,0.5,1.5,0.6,63.186,35.17,111077.2,143632.51,28726.5,3,4,29415.71
SAIL26JUNFUT,0.05,0.002,1.0,0.3,0.5,2.0,0.4,19.1578,2.1725,103761.03,148791.68,29758.34,3,4,57090.4
SAIL26JUNFUT,0.05,0.002,1.0,0.3,0.5,2.0,0.5,19.0729,1.89,101255.04,146285.68,29257.14,3,4,57546.85
SAIL26JUNFUT,0.05,0.002,1.0,0.3,0.5,2.0,0.6,17.8468,1.8275,97758.53,153225.9,30645.18,3,4,57075.59
SAIL26JUNFUT,0.05,0.002,1.0,0.3,1.0,1.0,0.4,8.5342,3.96,22194.04,19684.19,3936.84,3,4,6320.62
SAIL26JUNFUT,0.05,0.002,1.0,0.3,1.0,1.0,0.5,8.5342,3.96,22194.04,19684.19,3936.84,3,4,6320.62
SAIL26JUNFUT,0.05,0.002,1.0,0.3,1.0,1.0,0.6,8.5609,3.96,22241.02,19731.17,3946.23,3,4,6324.25
SAIL26JUNFUT,0.05,0.002,1.0,0.3,1.0,1.5,0.4,63.205,35.16,110983.27,143538.58,28707.72,3,4,29384.98
SAIL26JUNFUT,0.05,0.002,1.0,0.3,1.0,1.5,0.5,63.205,35.16,110983.27,143538.58,28707.72,3,4,29384.98
SAIL26JUNFUT,0.05,0.002,1.0,0.3,1.0,1.5,0.6,63.186,35.17,111077.2,143632.51,28726.5,3,4,29415.71
SAIL26JUNFUT,0.05,0.002,1.0,0.3,1.0,2.0,0.4,19.1578,2.1725,103761.03,148791.68,29758.34,3,4,57090.4
SAIL26JUNFUT,0.05,0.002,1.0,0.3,1.0,2.0,0.5,19.0729,1.89,101255.04,146285.68,29257.14,3,4,57546.85
SAIL26JUNFUT,0.05,0.002,1.0,0.3,1.0,2.0,0.6,17.8468,1.8275,97758.53,153225.9,30645.18,3,4,57075.59
SAIL26JUNFUT,0.05,0.002,1.0,0.5,0.3,1.0,0.4,8.5342,3.96,22194.04,19684.19,3936.84,3,4,6320.62
SAIL26JUNFUT,0.05,0.002,1.0,0.5,0.3,1.0,0.5,8.5342,3.96,22194.04,19684.19,3936.84,3,4,6320.62
SAIL26JUNFUT,0.05,0.002,1.0,0.5,0.3,1.0,0.6,8.5609,3.96,22241.02,19731.17,3946.23,3,4,6324.25
SAIL26JUNFUT,0.05,0.002,1.0,0.5,0.3,1.5,0.4,63.205,35.16,110983.27,143538.58,28707.72,3,4,29384.98
SAIL26JUNFUT,0.05,0.002,1.0,0.5,0.3,1.5,0.5,63.205,35.16,110983.27,143538.58,28707.72,3,4,29384.98
SAIL26JUNFUT,0.05,0.002,1.0,0.5,0.3,1.5,0.6,63.186,35.17,111077.2,143632.51,28726.5,3,4,29415.71
SAIL26JUNFUT,0.05,0.002,1.0,0.5,0.3,2.0,0.4,19.1578,2.1725,103761.03,148791.68,29758.34,3,4,57090.4
SAIL26JUNFUT,0.05,0.002,1.0,0.5,0.3,2.0,0.5,19.0729,1.89,101255.04,146285.68,29257.14,3,4,57546.85
SAIL26JUNFUT,0.05,0.002,1.0,0.5,0.3,2.0,0.6,17.8468,1.8275,97758.53,153225.9,30645.18,3,4,57075.59
SAIL26JUNFUT,0.05,0.002,1.0,0.5,0.5,1.0,0.4,8.5342,3.96,22194.04,19684.19,3936.84,3,4,6320.62
SAIL26JUNFUT,0.05,0.002,1.0,0.5,0.5,1.0,0.5,8.5342,3.96,22194.04,19684.19,3936.84,3,4,6320.62
SAIL26JUNFUT,0.05,0.002,1.0,0.5,0.5,1.0,0.6,8.5609,3.96,22241.02,19731.17,3946.23,3,4,6324.25
SAIL26JUNFUT,0.05,0.002,1.0,0.5,0.5,1.5,0.4,63.205,35.16,110983.27,143538.58,28707.72,3,4,29384.98
SAIL26JUNFUT,0.05,0.002,1.0,0.5,0.5,1.5,0.5,63.205,35.16,110983.27,143538.58,28707.72,3,4,29384.98
SAIL26JUNFUT,0.05,0.002,1.0,0.5,0.5,1.5,0.6,63.186,35.17,111077.2,143632.51,28726.5,3,4,29415.71
SAIL26JUNFUT,0.05,0.002,1.0,0.5,0.5,2.0,0.4,19.1578,2.1725,103761.03,148791.68,29758.34,3,4,57090.4
SAIL26JUNFUT,0.05,0.002,1.0,0.5,0.5,2.0,0.5,19.0729,1.89,101255.04,146285.68,29257.14,3,4,57546.85
SAIL26JUNFUT,0.05,0.002,1.0,0.5,0.5,2.0,0.6,17.8468,1.8275,97758.53,153225.9,30645.18,3,4,57075.59
SAIL26JUNFUT,0.05,0.002,1.0,0.5,1.0,1.0,0.4,8.5342,3.96,22194.04,19684.19,3936.84,3,4,6320.62
SAIL26JUNFUT,0.05,0.002,1.0,0.5,1.0,1.0,0.5,8.5342,3.96,22194.04,19684.19,3936.84,3,4,6320.62
SAIL26JUNFUT,0.05,0.002,1.0,0.5,1.0,1.0,0.6,8.5609,3.96,22241.02,19731.17,3946.23,3,4,6324.25
SAIL26JUNFUT,0.05,0.002,1.0,0.5,1.0,1.5,0.4,63.205,35.16,110983.27,143538.58,28707.72,3,4,29384.98
SAIL26JUNFUT,0.05,0.002,1.0,0.5,1.0,1.5,0.5,63.205,35.16,110983.27,143538.58,28707.72,3,4,29384.98
SAIL26JUNFUT,0.05,0.002,1.0,0.5,1.0,1.5,0.6,63.186,35.17,111077.2,143632.51,28726.5,3,4,29415.71
SAIL26JUNFUT,0.05,0.002,1.0,0.5,1.0,2.0,0.4,19.1578,2.1725,103761.03,148791.68,29758.34,3,4,57090.4
SAIL26JUNFUT,0.05,0.002,1.0,0.5,1.0,2.0,0.5,19.0729,1.89,101255.04,146285.68,29257.14,3,4,57546.85
SAIL26JUNFUT,0.05,0.002,1.0,0.5,1.0,2.0,0.6,17.8468,1.8275,97758.53,153225.9,30645.18,3,4,57075.59
RELIANCE26JUNFUT,0.1,0.001,2.0,0.2,0.3,1.0,0.4,-144.0799,8.8175,1315.34,-5147.23,-1029.45,1,4,10705.64
RELIANCE26JUNFUT,0.1,0.001,2.0,0.2,0.3,1.0,0.5,-149.0127,9.5675,2348.53,-4114.05,-822.81,1,4,10548.8
RELIANCE26JUNFUT,0.1,0.001,2.0,0.2,0.3,1.0,0.6,-51.9607,9.0925,1213.97,-7503.49,-1500.7,1,4,10969.26
RELIANCE26JUNFUT,0.1,0.001,2.0,0.2,0.3,1.5,0.4,-6.6405,0.8475,-45942.76,-35360.95,-7072.19,2,4,17695.31
RELIANCE26JUNFUT,0.1,0.001,2.0,0.2,0.3,1.5,0.5,-6.695,0.6675,-45656.75,-35434.19,-7086.84,2,4,15561.26
RELIANCE26JUNFUT,0.1,0.001,2.0,0.2,0.3,1.5,0.6,-6.1085,1.2525,-45564.51,-34856.2,-6971.24,2,4,16741.19
RELIANCE26JUNFUT,0.1,0.001,2.0,0.2,0.3,2.0,0.4,-50.0514,5.015,-38764.26,-59052.23,-11810.45,1,4,9281.15
RELIANCE26JUNFUT,0.1,0.001,2.0,0.2,0.3,2.0,0.5,-49.1951,5.2525,-30017.96,-50265.95,-10053.19,1,4,11734.54
RELIANCE26JUNFUT,0.1,0.001,2.0,0.2,0.3,2.0,0.6,-35.5568,5.7175,-25865.26,-44462.67,-8892.53,1,4,11339.88
RELIANCE26JUNFUT,0.1,0.001,2.0,0.2,0.5,1.0,0.4,-147.5986,8.625,-629.07,-7091.65,-1418.33,1,4,10779.16
RELIANCE26JUNFUT,0.1,0.001,2.0,0.2,0.5,1.0,0.5,-149.0127,9.5675,2348.53,-4114.05,-822.81,1,4,10548.8
RELIANCE26JUNFUT,0.1,0.001,2.0,0.2,0.5,1.0,0.6,-51.9607,9.0925,1213.97,-7503.49,-1500.7,1,4,10969.26
RELIANCE26JUNFUT,0.1,0.001,2.0,0.2,0.5,1.5,0.4,-6.6395,0.9725,-43543.77,-32961.96,-6592.39,2,4,18278.74
RELIANCE26JUNFUT,0.1,0.001,2.0,0.2,0.5,1.5,0.5,-6.694,0.67,-45646.75,-35424.19,-7084.84,2,4,15560.32
RELIANCE26JUNFUT,0.1,0.001,2.0,0.2,0.5,1.5,0.6,-6.1076,1.2525,-45559.51,-34851.2,-6970.24,2,4,16741.13
RELIANCE26JUNFUT,0.1,0.001,2.0,0.2,0.5,2.0,0.4,-35.2584,5.41,-36110.65,-56398.63,-11279.73,1,4,9054.7
RELIANCE26JUNFUT,0.1,0.001,2.0,0.2,0.5,2.0,0.5,-31.665,5.7525,-25900.12,-46148.11,-9229.62,1,4,11573.81
RELIANCE26JUNFUT,0.1,0.001,2.0,0.2,0.5,2.0,0.6,-35.5563,5.7175,-25870.26,-44467.67,-8893.53,1,4,11340.93
RELIANCE26JUNFUT,0.1,0.001,2.0,0.2,1.0,1.0,0.4,-147.5879,8.625,-624.08,-7086.65,-1417.33,1,4,10778.9
RELIANCE26JUNFUT,0.1,0.001,2.0,0.2,1.0,1.0,0.5,-149.0127,9.5675,2348.53,-4114.05,-822.81,1,4,10548.8
RELIANCE26JUNFUT,0.1,0.001,2.0,0.2,1.0,1.0,0.6,-51.9607,9.0925,1213.97,-7503.49,-1500.7,1,4,10969.26
RELIANCE26JUNFUT,0.1,0.001,2.0,0.2,1.0,1.5,0.4,-6.6395,0.885,-44801.2,-34219.39,-6843.88,2,4,17967.12
RELIANCE26JUNFUT,0.1,0.001,2.0,0.2,1.0,1.5,0.5,-6.694,0.67,-45646.75,-35424.19,-7084.84,2,4,15560.32
RELIANCE26JUNFUT,0.1,0.001,2.0,0.2,1.0,1.5,0.6,-6.1076,1.2525,-45554.52,-34846.21,-6969.24,2,4,16739.75
RELIANCE26JUNFUT,0.1,0.001,2.0,0.2,1.0,2.0,0.4,-35.2693,5.415,-36040.66,-56328.63,-11265.73,1,4,9034.85
RELIANCE26JUNFUT,0.1,0.001,2.0,0.2,1.0,2.0,0.5,-31.6754,5.755,-25810.13,-46058.12,-9211.62,1,4,11551.25
RELIANCE26JUNFUT,0.1,0.001,2.0,0.2,1.0,2.0,0.6,-35.5563,5.7175,-25870.27,-44467.67,-8893.53,1,4,11340.93
RELIANCE26JUNFUT,0.1,0.001,2.0,0.3,0.3,1.0,0.4,-144.0799,8.8175,1315.34,-5147.23,-1029.45,1,4,10705.64
RELIANCE26JUNFUT,0.1,0.001,2.0,0.3,0.3,1.0,0.5,-149.0127,9.5675,2348.53,-4114.05,-822.81,1,4,10548.8
RELIANCE26JUNFUT,0.1,0.001,2.0,0.3,0.3,1.0,0.6,-51.9607,9.0925,1213.97,-7503.49,-1500.7,1,4,10969.26
RELIANCE26JUNFUT,0.1,0.001,2.0,0.3,0.3,1.5,0.4,-6.6405,0.8475,-45942.76,-35360.95,-7072.19,2,4,17695.31
RELIANCE26JUNFUT,0.1,0.001,2.0,0.3,0.3,1.5,0.5,-6.695,0.6675,-45656.75,-35434.19,-7086.84,2,4,15561.26
RELIANCE26JUNFUT,0.1,0.001,2.0,0.3,0.3,1.5,0.6,-6.1085,1.2525,-45564.51,-34856.2,-6971.24,2,4,16741.19
RELIANCE26JUNFUT,0.1,0.001,2.0,0.3,0.3,2.0,0.4,-50.0514,5.015,-38764.26,-59052.23,-11810.45,1,4,9281.15
RELIANCE26JUNFUT,0.1,0.001,2.0,0.3,0.3,2.0,0.5,-49.1951,5.2525,-30017.96,-50265.95,-10053.19,1,4,11734.54
RELIANCE26JUNFUT,0.1,0.001,2.0,0.3,0.3,2.0,0.6,-35.5568,5.7175,-25865.26,-44462.67,-8892.53,1,4,11339.88
RELIANCE26JUNFUT,0.1,0.001,2.0,0.3,0.5,1.0,0.4,-147.5986,8.625,-629.07,-7091.65,-1418.33,1,4,10779.16
RELIANCE26JUNFUT,0.1,0.001,2.0,0.3,0.5,1.0,0.5,-149.0127,9.5675,2348.53,-4114.05,-822.81,1,4,10548.8
RELIANCE26JUNFUT,0.1,0.001,2.0,0.3,0.5,1.0,0.6,-51.9607,9.0925,1213.97,-7503.49,-1500.7,1,4,10969.26
RELIANCE26JUNFUT,0.1,0.001,2.0,0.3,0.5,1.5,0.4,-6.6395,0.9725,-43543.77,-32961.96,-6592.39,2,4,18278.74
RELIANCE26JUNFUT,0.1,0.001,2.0,0.3,0.5,1.5,0.5,-6.694,0.67,-45646.75,-35424.19,-7084.84,2,4,15560.32
RELIANCE26JUNFUT,0.1,0.001,2.0,0.3,0.5,1.5,0.6,-6.1076,1.2525,-45559.51,-34851.2,-6970.24,2,4,16741.13
RELIANCE26JUNFUT,0.1,0.001,2.0,0.3,0.5,2.0,0.4,-35.2584,5.41,-36110.65,-56398.63,-11279.73,1,4,9054.7
RELIANCE26JUNFUT,0.1,0.001,2.0,0.3,0.5,2.0,0.5,-31.665,5.7525,-25900.12,-46148.11,-9229.62,1,4,11573.81
RELIANCE26JUNFUT,0.1,0.001,2.0,0.3,0.5,2.0,0.6,-35.5563,5.7175,-25870.26,-44467.67,-8893.53,1,4,11340.93
RELIANCE26JUNFUT,0.1,0.001,2.0,0.3,1.0,1.0,0.4,-147.5879,8.625,-624.08,-7086.65,-1417.33,1,4,10778.9
RELIANCE26JUNFUT,0.1,0.001,2.0,0.3,1.0,1.0,0.5,-149.0127,9.5675,2348.53,-4114.05,-822.81,1,4,10548.8
RELIANCE26JUNFUT,0.1,0.001,2.0,0.3,1.0,1.0,0.6,-51.9607,9.0925,1213.97,-7503.49,-1500.7,1,4,10969.26
RELIANCE26JUNFUT,0.1,0.001,2.0,0.3,1.0,1.5,0.4,-6.6395,0.885,-44801.2,-34219.39,-6843.88,2,4,17967.12
RELIANCE26JUNFUT,0.1,0.001,2.0,0.3,1.0,1.5,0.5,-6.694,0.67,-45646.75,-35424.19,-7084.84,2,4,15560.32
RELIANCE26JUNFUT,0.1,0.001,2.0,0.3,1.0,1.5,0.6,-6.1076,1.2525,-45554.52,-34846.21,-6969.24,2,4,16739.75
RELIANCE26JUNFUT,0.1,0.001,2.0,0.3,1.0,2.0,0.4,-35.2693,5.415,-36040.66,-56328.63,-11265.73,1,4,9034.85
RELIANCE26JUNFUT,0.1,0.001,2.0,0.3,1.0,2.0,0.5,-31.6754,5.755,-25810.13,-46058.12,-9211.62,1,4,11551.25
RELIANCE26JUNFUT,0.1,0.001,2.0,0.3,1.0,2.0,0.6,-35.5563,5.7175,-25870.27,-44467.67,-8893.53,1,4,11340.93
RELIANCE26JUNFUT,0.1,0.001,2.0,0.5,0.3,1.0,0.4,-144.0799,8.8175,1315.34,-5147.23,-1029.45,1,4,10705.64
RELIANCE26JUNFUT,0.1,0.001,2.0,0.5,0.3,1.0,0.5,-149.0127,9.5675,2348.53,-4114.05,-822.81,1,4,10548.8
RELIANCE26JUNFUT,0.1,0.001,2.0,0.5,0.3,1.0,0.6,-51.9607,9.0925,1213.97,-7503.49,-1500.7,1,4,10969.26
RELIANCE26JUNFUT,0.1,0.001,2.0,0.5,0.3,1.5,0.4,-6.6405,0.8475,-45942.76,-35360.95,-7072.19,2,4,17695.31
RELIANCE26JUNFUT,0.1,0.001,2.0,0.5,0.3,1.5,0.5,-6.695,0.6675,-45656.75,-35434.19,-7086.84,2,4,15561.26
RELIANCE26JUNFUT,0.1,0.001,2.0,0.5,0.3,1.5,0.6,-6.1085,1.2525,-45564.51,-34856.2,-6971.24,2,4,16741.19
RELIANCE26JUNFUT,0.1,0.001,2.0,0.5,0.3,2.0,0.4,-50.0514,5.015,-38764.26,-59052.23,-11810.45,1,4,9281.15
RELIANCE26JUNFUT,0.1,0.001,2.0,0.5,0.3,2.0,0.5,-49.1951,5.2525,-30017.96,-50265.95,-10053.19,1,4,11734.54
RELIANCE26JUNFUT,0.1,0.001,2.0,0.5,0.3,2.0,0.6,-35.5568,5.7175,-25865.26,-44462.67,-8892.53,1,4,11339.88
RELIANCE26JUNFUT,0.1,0.001,2.0,0.5,0.5,1.0,0.4,-147.5986,8.625,-629.07,-7091.65,-1418.33,1,4,10779.16
RELIANCE26JUNFUT,0.1,0.001,2.0,0.5,0.5,1.0,0.5,-149.0127,9.5675,2348.53,-4114.05,-822.81,1,4,10548.8
RELIANCE26JUNFUT,0.1,0.001,2.0,0.5,0.5,1.0,0.6,-51.9607,9.0925,1213.97,-7503.49,-1500.7,1,4,10969.26
RELIANCE26JUNFUT,0.1,0.001,2.0,0.5,0.5,1.5,0.4,-6.6395,0.9725,-43543.77,-32961.96,-6592.39,2,4,18278.74
RELIANCE26JUNFUT,0.1,0.001,2.0,0.5,0.5,1.5,0.5,-6.694,0.67,-45646.75,-35424.19,-7084.84,2,4,15560.32
RELIANCE26JUNFUT,0.1,0.001,2.0,0.5,0.5,1.5,0.6,-6.1076,1.2525,-45559.51,-34851.2,-6970.24,2,4,16741.13
RELIANCE26JUNFUT,0.1,0.001,2.0,0.5,0.5,2.0,0.4,-35.2584,5.41,-36110.65,-56398.63,-11279.73,1,4,9054.7
RELIANCE26JUNFUT,0.1,0.001,2.0,0.5,0.5,2.0,0.5,-31.665,5.7525,-25900.12,-46148.11,-9229.62,1,4,11573.81
RELIANCE26JUNFUT,0.1,0.001,2.0,0.5,0.5,2.0,0.6,-35.5563,5.7175,-25870.26,-44467.67,-8893.53,1,4,11340.93
RELIANCE26JUNFUT,0.1,0.001,2.0,0.5,1.0,1.0,0.4,-147.5879,8.625,-624.08,-7086.65,-1417.33,1,4,10778.9
RELIANCE26JUNFUT,0.1,0.001,2.0,0.5,1.0,1.0,0.5,-149.0127,9.5675,2348.53,-4114.05,-822.81,1,4,10548.8
RELIANCE26JUNFUT,0.1,0.001,2.0,0.5,1.0,1.0,0.6,-51.9607,9.0925,1213.97,-7503.49,-1500.7,1,4,10969.26
RELIANCE26JUNFUT,0.1,0.001,2.0,0.5,1.0,1.5,0.4,-6.6395,0.885,-44801.2,-34219.39,-6843.88,2,4,17967.12
RELIANCE26JUNFUT,0.1,0.001,2.0,0.5,1.0,1.5,0.5,-6.694,0.67,-45646.75,-35424.19,-7084.84,2,4,15560.32
RELIANCE26JUNFUT,0.1,0.001,2.0,0.5,1.0,1.5,0.6,-6.1076,1.2525,-45554.52,-34846.21,-6969.24,2,4,16739.75
RELIANCE26JUNFUT,0.1,0.001,2.0,0.5,1.0,2.0,0.4,-35.2693,5.415,-36040.66,-56328.63,-11265.73,1,4,9034.85
RELIANCE26JUNFUT,0.1,0.001,2.0,0.5,1.0,2.0,0.5,-31.6754,5.755,-25810.13,-46058.12,-9211.62,1,4,11551.25
RELIANCE26JUNFUT,0.1,0.001,2.0,0.5,1.0,2.0,0.6,-35.5563,5.7175,-25870.27,-44467.67,-8893.53,1,4,11340.93
RECLTD26JUNFUT,0.1,0.001,2.0,0.2,0.3,1.0,0.4,-9.8372,-10.4225,-28685.76,-28685.76,-5737.15,1,4,10920.73
RECLTD26JUNFUT,0.1,0.001,2.0,0.2,0.3,1.0,0.5,-9.8372,-10.4225,-28685.76,-28685.76,-5737.15,1,4,10920.73
RECLTD26JUNFUT,0.1,0.001,2.0,0.2,0.3,1.0,0.6,-9.8372,-10.4225,-28685.76,-28685.76,-5737.15,1,4,10920.73
RECLTD26JUNFUT,0.1,0.001,2.0,0.2,0.3,1.5,0.4,-13.2184,-2.4575,-30872.69,-32624.25,-6524.85,1,4,11669.97
RECLTD26JUNFUT,0.1,0.001,2.0,0.2,0.3,1.5,0.5,-13.2184,-2.4575,-30872.69,-32624.25,-6524.85,1,4,11669.97
RECLTD26JUNFUT,0.1,0.001,2.0,0.2,0.3,1.5,0.6,-13.1738,-2.5375,-31199.56,-32951.12,-6590.22,1,4,11680.83
RECLTD26JUNFUT,0.1,0.001,2.0,0.2,0.3,2.0,0.4,-2.9448,118.725,9778.09,14852.61,2970.52,2,4,19959.8
RECLTD26JUNFUT,0.1,0.001,2.0,0.2,0.3,2.0,0.5,-2.9448,118.725,9778.09,14852.61,2970.52,2,4,19959.8
RECLTD26JUNFUT,0.1,0.001,2.0,0.2,0.3,2.0,0.6,-2.9146,118.7325,9825.32,14899.83,2979.97,2,4,19963.58
RECLTD26JUNFUT,0.1,0.001,2.0,0.2,0.5,1.0,0.4,-9.8372,-10.4225,-28685.76,-28685.76,-5737.15,1,4,10920.73
RECLTD26JUNFUT,0.1,0.001,2.0,0.2,0.5,1.0,0.5,-9.8372,-10.4225,-28685.76,-28685.76,-5737.15,1,4,10920.73
RECLTD26JUNFUT,0.1,0.001,2.0,0.2,0.5,1.0,0.6,-9.8372,-10.4225,-28685.76,-28685.76,-5737.15,1,4,10920.73
RECLTD26JUNFUT,0.1,0.001,2.0,0.2,0.5,1.5,0.4,-13.2184,-2.4575,-30872.69,-32624.25,-6524.85,1,4,11669.97
RECLTD26JUNFUT,0.1,0.001,2.0,0.2,0.5,1.5,0.5,-13.2184,-2.4575,-30872.69,-32624.25,-6524.85,1,4,11669.97
RECLTD26JUNFUT,0.1,0.001,2.0,0.2,0.5,1.5,0.6,-13.1738,-2.5375,-31199.56,-32951.12,-6590.22,1,4,11680.83
RECLTD26JUNFUT,0.1,0.001,2.0,0.2,0.5,2.0,0.4,-2.9297,118.725,9793.84,14868.35,2973.67,2,4,19958.95
RECLTD26JUNFUT,0.1,0.001,2.0,0.2,0.5,2.0,0.5,-2.9297,118.725,9793.84,14868.35,2973.67,2,4,19958.95
RECLTD26JUNFUT,0.1,0.001,2.0,0.2,0.5,2.0,0.6,-2.9146,118.7325,9825.32,14899.83,2979.97,2,4,19963.58
RECLTD26JUNFUT,0.1,0.001,2.0,0.2,1.0,1.0,0.4,-9.8372,-10.4225,-28685.76,-28685.76,-5737.15,1,4,10920.73
RECLTD26JUNFUT,0.1,0.001,2.0,0.2,1.0,1.0,0.5,-9.8372,-10.4225,-28685.76,-28685.76,-5737.15,1,4,10920.73
RECLTD26JUNFUT,0.1,0.001,2.0,0.2,1.0,1.0,0.6,-9.8372,-10.4225,-28685.76,-28685.76,-5737.15,1,4,10920.73
RECLTD26JUNFUT,0.1,0.001,2.0,0.2,1.0,1.5,0.4,-13.2184,-2.4575,-30872.69,-32624.25,-6524.85,1,4,11669.97
RECLTD26JUNFUT,0.1,0.001,2.0,0.2,1.0,1.5,0.5,-13.2184,-2.4575,-30872.69,-32624.25,-6524.85,1,4,11669.97
RECLTD26JUNFUT,0.1,0.001,2.0,0.2,1.0,1.5,0.6,-13.1738,-2.5375,-31199.56,-32951.12,-6590.22,1,4,11680.83
RECLTD26JUNFUT,0.1,0.001,2.0,0.2,1.0,2.0,0.4,-2.9297,118.725,9793.84,14868.35,2973.67,2,4,19958.95
RECLTD26JUNFUT,0.1,0.001,2.0,0.2,1.0,2.0,0.5,-2.9297,118.725,9793.84,14868.35,2973.67,2,4,19958.95
RECLTD26JUNFUT,0.1,0.001,2.0,0.2,1.0,2.0,0.6,-2.9146,118.7325,9825.32,14899.83,2979.97,2,4,19963.58
RECLTD26JUNFUT,0.1,0.001,2.0,0.3,0.3,1.0,0.4,-9.8372,-10.4225,-28685.76,-28685.76,-5737.15,1,4,10920.73
RECLTD26JUNFUT,0.1,0.001,2.0,0.3,0.3,1.0,0.5,-9.8372,-10.4225,-28685.76,-28685.76,-5737.15,1,4,10920.73
RECLTD26JUNFUT,0.1,0.001,2.0,0.3,0.3,1.0,0.6,-9.8372,-10.4225,-28685.76,-28685.76,-5737.15,1,4,10920.73
RECLTD26JUNFUT,0.1,0.001,2.0,0.3,0.3,1.5,0.4,-13.2184,-2.4575,-30872.69,-32624.25,-6524.85,1,4,11669.97
RECLTD26JUNFUT,0.1,0.001,2.0,0.3,0.3,1.5,0.5,-13.2184,-2.4575,-30872.69,-32624.25,-6524.85,1,4,11669.97
RECLTD26JUNFUT,0.1,0.001,2.0,0.3,0.3,1.5,0.6,-13.1738,-2.5375,-31199.56,-32951.12,-6590.22,1,4,11680.83
RECLTD26JUNFUT,0.1,0.001,2.0,0.3,0.3,2.0,0.4,-2.9448,118.725,9778.09,14852.61,2970.52,2,4,19959.8
RECLTD26JUNFUT,0.1,0.001,2.0,0.3,0.3,2.0,0.5,-2.9448,118.725,9778.09,14852.61,2970.52,2,4,19959.8
RECLTD26JUNFUT,0.1,0.001,2.0,0.3,0.3,2.0,0.6,-2.9146,118.7325,9825.32,14899.83,2979.97,2,4,19963.58
RECLTD26JUNFUT,0.1,0.001,2.0,0.3,0.5,1.0,0.4,-9.8372,-10.4225,-28685.76,-28685.76,-5737.15,1,4,10920.73
RECLTD26JUNFUT,0.1,0.001,2.0,0.3,0.5,1.0,0.5,-9.8372,-10.4225,-28685.76,-28685.76,-5737.15,1,4,10920.73
RECLTD26JUNFUT,0.1,0.001,2.0,0.3,0.5,1.0,0.6,-9.8372,-10.4225,-28685.76,-28685.76,-5737.15,1,4,10920.73
RECLTD26JUNFUT,0.1,0.001,2.0,0.3,0.5,1.5,0.4,-13.2184,-2.4575,-30872.69,-32624.25,-6524.85,1,4,11669.97
RECLTD26JUNFUT,0.1,0.001,2.0,0.3,0.5,1.5,0.5,-13.2184,-2.4575,-30872.69,-32624.25,-6524.85,1,4,11669.97
RECLTD26JUNFUT,0.1,0.001,2.0,0.3,0.5,1.5,0.6,-13.1738,-2.5375,-31199.56,-32951.12,-6590.22,1,4,11680.83
RECLTD26JUNFUT,0.1,0.001,2.0,0.3,0.5,2.0,0.4,-2.9297,118.725,9793.84,14868.35,2973.67,2,4,19958.95
RECLTD26JUNFUT,0.1,0.001,2.0,0.3,0.5,2.0,0.5,-2.9297,118.725,9793.84,14868.35,2973.67,2,4,19958.95
RECLTD26JUNFUT,0.1,0.001,2.0,0.3,0.5,2.0,0.6,-2.9146,118.7325,9825.32,14899.83,2979.97,2,4,19963.58
RECLTD26JUNFUT,0.1,0.001,2.0,0.3,1.0,1.0,0.4,-9.8372,-10.4225,-28685.76,-28685.76,-5737.15,1,4,10920.73
RECLTD26JUNFUT,0.1,0.001,2.0,0.3,1.0,1.0,0.5,-9.8372,-10.4225,-28685.76,-28685.76,-5737.15,1,4,10920.73
RECLTD26JUNFUT,0.1,0.001,2.0,0.3,1.0,1.0,0.6,-9.8372,-10.4225,-28685.76,-28685.76,-5737.15,1,4,10920.73
RECLTD26JUNFUT,0.1,0.001,2.0,0.3,1.0,1.5,0.4,-13.2184,-2.4575,-30872.69,-32624.25,-6524.85,1,4,11669.97
RECLTD26JUNFUT,0.1,0.001,2.0,0.3,1.0,1.5,0.5,-13.2184,-2.4575,-30872.69,-32624.25,-6524.85,1,4,11669.97
RECLTD26JUNFUT,0.1,0.001,2.0,0.3,1.0,1.5,0.6,-13.1738,-2.5375,-31199.56,-32951.12,-6590.22,1,4,11680.83
RECLTD26JUNFUT,0.1,0.001,2.0,0.3,1.0,2.0,0.4,-2.9297,118.725,9793.84,14868.35,2973.67,2,4,19958.95
RECLTD26JUNFUT,0.1,0.001,2.0,0.3,1.0,2.0,0.5,-2.9297,118.725,9793.84,14868.35,2973.67,2,4,19958.95
RECLTD26JUNFUT,0.1,0.001,2.0,0.3,1.0,2.0,0.6,-2.9146,118.7325,9825.32,14899.83,2979.97,2,4,19963.58
RECLTD26JUNFUT,0.1,0.001,2.0,0.5,0.3,1.0,0.4,-9.8372,-10.4225,-28685.76,-28685.76,-5737.15,1,4,10920.73
RECLTD26JUNFUT,0.1,0.001,2.0,0.5,0.3,1.0,0.5,-9.8372,-10.4225,-28685.76,-28685.76,-5737.15,1,4,10920.73
RECLTD26JUNFUT,0.1,0.001,2.0,0.5,0.3,1.0,0.6,-9.8372,-10.4225,-28685.76,-28685.76,-5737.15,1,4,10920.73
RECLTD26JUNFUT,0.1,0.001,2.0,0.5,0.3,1.5,0.4,-13.2184,-2.4575,-30872.69,-32624.25,-6524.85,1,4,11669.97
RECLTD26JUNFUT,0.1,0.001,2.0,0.5,0.3,1.5,0.5,-13.2184,-2.4575,-30872.69,-32624.25,-6524.85,1,4,11669.97
RECLTD26JUNFUT,0.1,0.001,2.0,0.5,0.3,1.5,0.6,-13.1738,-2.5375,-31199.56,-32951.12,-6590.22,1,4,11680.83
RECLTD26JUNFUT,0.1,0.001,2.0,0.5,0.3,2.0,0.4,-2.9448,118.725,9778.09,14852.61,2970.52,2,4,19959.8
RECLTD26JUNFUT,0.1,0.001,2.0,0.5,0.3,2.0,0.5,-2.9448,118.725,9778.09,14852.61,2970.52,2,4,19959.8
RECLTD26JUNFUT,0.1,0.001,2.0,0.5,0.3,2.0,0.6,-2.9146,118.7325,9825.32,14899.83,2979.97,2,4,19963.58
RECLTD26JUNFUT,0.1,0.001,2.0,0.5,0.5,1.0,0.4,-9.8372,-10.4225,-28685.76,-28685.76,-5737.15,1,4,10920.73
RECLTD26JUNFUT,0.1,0.001,2.0,0.5,0.5,1.0,0.5,-9.8372,-10.4225,-28685.76,-28685.76,-5737.15,1,4,10920.73
RECLTD26JUNFUT,0.1,0.001,2.0,0.5,0.5,1.0,0.6,-9.8372,-10.4225,-28685.76,-28685.76,-5737.15,1,4,10920.73
RECLTD26JUNFUT,0.1,0.001,2.0,0.5,0.5,1.5,0.4,-13.2184,-2.4575,-30872.69,-32624.25,-6524.85,1,4,11669.97
RECLTD26JUNFUT,0.1,0.001,2.0,0.5,0.5,1.5,0.5,-13.2184,-2.4575,-30872.69,-32624.25,-6524.85,1,4,11669.97
RECLTD26JUNFUT,0.1,0.001,2.0,0.5,0.5,1.5,0.6,-13.1738,-2.5375,-31199.56,-32951.12,-6590.22,1,4,11680.83
RECLTD26JUNFUT,0.1,0.001,2.0,0.5,0.5,2.0,0.4,-2.9297,118.725,9793.84,14868.35,2973.67,2,4,19958.95
RECLTD26JUNFUT,0.1,0.001,2.0,0.5,0.5,2.0,0.5,-2.9297,118.725,9793.84,14868.35,2973.67,2,4,19958.95
RECLTD26JUNFUT,0.1,0.001,2.0,0.5,0.5,2.0,0.6,-2.9146,118.7325,9825.32,14899.83,2979.97,2,4,19963.58
RECLTD26JUNFUT,0.1,0.001,2.0,0.5,1.0,1.0,0.4,-9.8372,-10.4225,-28685.76,-28685.76,-5737.15,1,4,10920.73
RECLTD26JUNFUT,0.1,0.001,2.0,0.5,1.0,1.0,0.5,-9.8372,-10.4225,-28685.76,-28685.76,-5737.15,1,4,10920.73
RECLTD26JUNFUT,0.1,0.001,2.0,0.5,1.0,1.0,0.6,-9.8372,-10.4225,-28685.76,-28685.76,-5737.15,1,4,10920.73
RECLTD26JUNFUT,0.1,0.001,2.0,0.5,1.0,1.5,0.4,-13.2184,-2.4575,-30872.69,-32624.25,-6524.85,1,4,11669.97
RECLTD26JUNFUT,0.1,0.001,2.0,0.5,1.0,1.5,0.5,-13.2184,-2.4575,-30872.69,-32624.25,-6524.85,1,4,11669.97
RECLTD26JUNFUT,0.1,0.001,2.0,0.5,1.0,1.5,0.6,-13.1738,-2.5375,-31199.56,-32951.12,-6590.22,1,4,11680.83
RECLTD26JUNFUT,0.1,0.001,2.0,0.5,1.0,2.0,0.4,-2.9297,118.725,9793.84,14868.35,2973.67,2,4,19958.95
RECLTD26JUNFUT,0.1,0.001,2.0,0.5,1.0,2.0,0.5,-2.9297,118.725,9793.84,14868.35,2973.67,2,4,19958.95
RECLTD26JUNFUT,0.1,0.001,2.0,0.5,1.0,2.0,0.6,-2.9146,118.7325,9825.32,14899.83,2979.97,2,4,19963.58
SBIN26JUNFUT,0.05,0.002,3.0,0.2,0.3,1.0,0.4,-20.9368,3.2125,-18003.39,-19279.33,-3855.87,2,4,14707.03
SBIN26JUNFUT,0.05,0.002,3.0,0.2,0.3,1.0,0.5,-20.9874,4.695,-10001.02,-11276.95,-2255.39,2,4,11693.17
SBIN26JUNFUT,0.05,0.002,3.0,0.2,0.3,1.0,0.6,-21.0002,3.6775,-9904.84,-11180.78,-2236.16,2,4,11671.57
SBIN26JUNFUT,0.05,0.002,3.0,0.2,0.3,1.5,0.4,13.697,7.1425,-280.61,5700.36,1140.07,4,4,18745.85
SBIN26JUNFUT,0.05,0.002,3.0,0.2,0.3,1.5,0.5,28.3833,7.05,151.23,8078.93,1615.79,4,4,18754.01
SBIN26JUNFUT,0.05,0.002,3.0,0.2,0.3,1.5,0.6,44.4066,7.17,2039.8,10737.32,2147.46,4,4,18600.97
SBIN26JUNFUT,0.05,0.002,3.0,0.2,0.3,2.0,0.4,2.8469,7.9575,27813.1,28615.76,5723.15,4,4,30245.68
SBIN26JUNFUT,0.05,0.002,3.0,0.2,0.3,2.0,0.5,1.9641,8.0125,36660.45,35960.97,7192.19,3,4,31445.27
SBIN26JUNFUT,0.05,0.002,3.0,0.2,0.3,2.0,0.6,2.5217,8.0675,38577.75,38645.41,7729.08,4,4,34138.73
SBIN26JUNFUT,0.05,0.002,3.0,0.2,0.5,1.0,0.4,-20.9368,3.21,-17995.9,-19271.84,-3854.37,2,4,14708.35
SBIN26JUNFUT,0.05,0.002,3.0,0.2,0.5,1.0,0.5,-20.9874,4.6925,-9993.52,-11269.46,-2253.89,2,4,11694.64
SBIN26JUNFUT,0.05,0.002,3.0,0.2,0.5,1.0,0.6,-21.0002,3.675,-9897.35,-11173.28,-2234.66,2,4,11673.04
SBIN26JUNFUT,0.05,0.002,3.0,0.2,0.5,1.5,0.4,13.6965,7.1425,-288.11,5692.86,1138.57,4,4,18748.8
SBIN26JUNFUT,0.05,0.002,3.0,0.2,0.5,1.5,0.5,28.3827,7.05,143.73,8071.43,1614.29,4,4,18756.96
SBIN26JUNFUT,0.05,0.002,3.0,0.2,0.5,1.5,0.6,44.406,7.17,2032.3,10729.82,2145.96,4,4,18603.92
SBIN26JUNFUT,0.05,0.002,3.0,0.2,0.5,2.0,0.4,2.3622,7.9425,14287.75,15090.41,3018.08,4,4,27563.85
SBIN26JUNFUT,0.05,0.002,3.0,0.2,0.5,2.0,0.5,1.5508,7.9075,23046.44,22346.97,4469.39,3,4,28326.38
SBIN26JUNFUT,0.05,0.002,3.0,0.2,0.5,2.0,0.6,2.1623,7.9775,24956.25,25023.9,5004.78,4,4,30741.7
SBIN26JUNFUT,0.05,0.002,3.0,0.2,1.0,1.0,0.4,-20.9368,3.21,-17995.9,-19271.84,-3854.37,2,4,14708.35
SBIN26JUNFUT,0.05,0.002,3.0,0.2,1.0,1.0,0.5,-20.9874,4.6925,-9993.52,-11269.46,-2253.89,2,4,11694.64
SBIN26JUNFUT,0.05,0.002,3.0,0.2,1.0,1.0,0.6,-21.0002,3.68,-9889.85,-11165.79,-2233.16,2,4,11674.51
SBIN26JUNFUT,0.05,0.002,3.0,0.2,1.0,1.5,0.4,13.6965,7.1425,-288.11,5692.86,1138.57,4,4,18748.8
SBIN26JUNFUT,0.05,0.002,3.0,0.2,1.0,1.5,0.5,28.3827,7.05,143.73,8071.42,1614.28,4,4,18756.96
SBIN26JUNFUT,0.05,0.002,3.0,0.2,1.0,1.5,0.6,44.406,7.17,2032.3,10729.82,2145.96,4,4,18603.92
SBIN26JUNFUT,0.05,0.002,3.0,0.2,1.0,2.0,0.4,2.3186,7.8775,12335.49,13138.15,2627.63,4,4,27740.07
SBIN26JUNFUT,0.05,0.002,3.0,0.2,1.0,2.0,0.5,1.5056,7.88,22128.66,21429.19,4285.84,3,4,28658.03
SBIN26JUNFUT,0.05,0.002,3.0,0.2,1.0,2.0,0.6,2.1623,7.9775,24948.74,25016.4,5003.28,4,4,30740.78
SBIN26JUNFUT,0.05,0.002,3.0,0.3,0.3,1.0,0.4,-20.9368,3.2125,-18003.39,-19279.33,-3855.87,2,4,14707.03
SBIN26JUNFUT,0.05,0.002,3.0,0.3,0.3,1.0,0.5,-20.9874,4.695,-10001.02,-11276.95,-2255.39,2,4,11693.17
SBIN26JUNFUT,0.05,0.002,3.0,0.3,0.3,1.0,0.6,-21.0002,3.6775,-9904.84,-11180.78,-2236.16,2,4,11671.57
SBIN26JUNFUT,0.05,0.002,3.0,0.3,0.3,1.5,0.4,13.697,7.1425,-280.61,5700.36,1140.07,4,4,18745.85
SBIN26JUNFUT,0.05,0.002,3.0,0.3,0.3,1.5,0.5,28.3833,7.05,151.23,8078.93,1615.79,4,4,18754.01
SBIN26JUNFUT,0.05,0.002,3.0,0.3,0.3,1.5,0.6,44.4066,7.17,2039.8,10737.32,2147.46,4,4,18600.97
SBIN26JUNFUT,0.05,0.002,3.0,0.3,0.3,2.0,0.4,2.8469,7.9575,27813.1,28615.76,5723.15,4,4,30245.68
SBIN26JUNFUT,0.05,0.002,3.0,0.3,0.3,2.0,0.5,1.9641,8.0125,36660.45,35960.97,7192.19,3,4,31445.27
SBIN26JUNFUT,0.05,0.002,3.0,0.3,0.3,2.0,0.6,2.5217,8.0675,38577.75,38645.41,7729.08,4,4,34138.73
SBIN26JUNFUT,0.05,0.002,3.0,0.3,0.5,1.0,0.4,-20.9368,3.21,-17995.9,-19271.84,-3854.37,2,4,14708.35
SBIN26JUNFUT,0.05,0.002,3.0,0.3,0.5,1.0,0.5,-20.9874,4.6925,-9993.52,-11269.46,-2253.89,2,4,11694.64
SBIN26JUNFUT,0.05,0.002,3.0,0.3,0.5,1.0,0.6,-21.0002,3.675,-9897.35,-11173.28,-2234.66,2,4,11673.04
SBIN26JUNFUT,0.05,0.002,3.0,0.3,0.5,1.5,0.4,13.6965,7.1425,-288.11,5692.86,1138.57,4,4,18748.8
SBIN26JUNFUT,0.05,0.002,3.0,0.3,0.5,1.5,0.5,28.3827,7.05,143.73,8071.43,1614.29,4,4,18756.96
SBIN26JUNFUT,0.05,0.002,3.0,0.3,0.5,1.5,0.6,44.406,7.17,2032.3,10729.82,2145.96,4,4,18603.92
SBIN26JUNFUT,0.05,0.002,3.0,0.3,0.5,2.0,0.4,2.3622,7.9425,14287.75,15090.41,3018.08,4,4,27563.85
SBIN26JUNFUT,0.05,0.002,3.0,0.3,0.5,2.0,0.5,1.5508,7.9075,23046.44,22346.97,4469.39,3,4,28326.38
SBIN26JUNFUT,0.05,0.002,3.0,0.3,0.5,2.0,0.6,2.1623,7.9775,24956.25,25023.9,5004.78,4,4,30741.7
SBIN26JUNFUT,0.05,0.002,3.0,0.3,1.0,1.0,0.4,-20.9368,3.21,-17995.9,-19271.84,-3854.37,2,4,14708.35
SBIN26JUNFUT,0.05,0.002,3.0,0.3,1.0,1.0,0.5,-20.9874,4.6925,-9993.52,-11269.46,-2253.89,2,4,11694.64
SBIN26JUNFUT,0.05,0.002,3.0,0.3,1.0,1.0,0.6,-21.0002,3.68,-9889.85,-11165.79,-2233.16,2,4,11674.51
SBIN26JUNFUT,0.05,0.002,3.0,0.3,1.0,1.5,0.4,13.6965,7.1425,-288.11,5692.86,1138.57,4,4,18748.8
SBIN26JUNFUT,0.05,0.002,3.0,0.3,1.0,1.5,0.5,28.3827,7.05,143.73,8071.42,1614.28,4,4,18756.96
SBIN26JUNFUT,0.05,0.002,3.0,0.3,1.0,1.5,0.6,44.406,7.17,2032.3,10729.82,2145.96,4,4,18603.92
SBIN26JUNFUT,0.05,0.002,3.0,0.3,1.0,2.0,0.4,2.3186,7.8775,12335.49,13138.15,2627.63,4,4,27740.07
SBIN26JUNFUT,0.05,0.002,3.0,0.3,1.0,2.0,0.5,1.5056,7.88,22128.66,21429.19,4285.84,3,4,28658.03
SBIN26JUNFUT,0.05,0.002,3.0,0.3,1.0,2.0,0.6,2.1623,7.9775,24948.74,25016.4,5003.28,4,4,30740.78
SBIN26JUNFUT,0.05,0.002,3.0,0.5,0.3,1.0,0.4,-20.9368,3.2125,-18003.39,-19279.33,-3855.87,2,4,14707.03
SBIN26JUNFUT,0.05,0.002,3.0,0.5,0.3,1.0,0.5,-20.9874,4.695,-10001.02,-11276.95,-2255.39,2,4,11693.17
SBIN26JUNFUT,0.05,0.002,3.0,0.5,0.3,1.0,0.6,-21.0002,3.6775,-9904.84,-11180.78,-2236.16,2,4,11671.57
SBIN26JUNFUT,0.05,0.002,3.0,0.5,0.3,1.5,0.4,13.697,7.1425,-280.61,5700.36,1140.07,4,4,18745.85
SBIN26JUNFUT,0.05,0.002,3.0,0.5,0.3,1.5,0.5,28.3833,7.05,151.23,8078.93,1615.79,4,4,18754.01
SBIN26JUNFUT,0.05,0.002,3.0,0.5,0.3,1.5,0.6,44.4066,7.17,2039.8,10737.32,2147.46,4,4,18600.97
SBIN26JUNFUT,0.05,0.002,3.0,0.5,0.3,2.0,0.4,2.8469,7.9575,27813.1,28615.76,5723.15,4,4,30245.68
SBIN26JUNFUT,0.05,0.002,3.0,0.5,0.3,2.0,0.5,1.9641,8.0125,36660.45,35960.97,7192.19,3,4,31445.27
SBIN26JUNFUT,0.05,0.002,3.0,0.5,0.3,2.0,0.6,2.5217,8.0675,38577.75,38645.41,7729.08,4,4,34138.73
SBIN26JUNFUT,0.05,0.002,3.0,0.5,0.5,1.0,0.4,-20.9368,3.21,-17995.9,-19271.84,-3854.37,2,4,14708.35
SBIN26JUNFUT,0.05,0.002,3.0,0.5,0.5,1.0,0.5,-20.9874,4.6925,-9993.52,-11269.46,-2253.89,2,4,11694.64
SBIN26JUNFUT,0.05,0.002,3.0,0.5,0.5,1.0,0.6,-21.0002,3.675,-9897.35,-11173.28,-2234.66,2,4,11673.04
SBIN26JUNFUT,0.05,0.002,3.0,0.5,0.5,1.5,0.4,13.6965,7.1425,-288.11,5692.86,1138.57,4,4,18748.8
SBIN26JUNFUT,0.05,0.002,3.0,0.5,0.5,1.5,0.5,28.3827,7.05,143.73,8071.43,1614.29,4,4,18756.96
SBIN26JUNFUT,0.05,0.002,3.0,0.5,0.5,1.5,0.6,44.406,7.17,2032.3,10729.82,2145.96,4,4,18603.92
SBIN26JUNFUT,0.05,0.002,3.0,0.5,0.5,2.0,0.4,2.3622,7.9425,14287.75,15090.41,3018.08,4,4,27563.85
SBIN26JUNFUT,0.05,0.002,3.0,0.5,0.5,2.0,0.5,1.5508,7.9075,23046.44,22346.97,4469.39,3,4,28326.38
SBIN26JUNFUT,0.05,0.002,3.0,0.5,0.5,2.0,0.6,2.1623,7.9775,24956.25,25023.9,5004.78,4,4,30741.7
SBIN26JUNFUT,0.05,0.002,3.0,0.5,1.0,1.0,0.4,-20.9368,3.21,-17995.9,-19271.84,-3854.37,2,4,14708.35
SBIN26JUNFUT,0.05,0.002,3.0,0.5,1.0,1.0,0.5,-20.9874,4.6925,-9993.52,-11269.46,-2253.89,2,4,11694.64
SBIN26JUNFUT,0.05,0.002,3.0,0.5,1.0,1.0,0.6,-21.0002,3.68,-9889.85,-11165.79,-2233.16,2,4,11674.51
SBIN26JUNFUT,0.05,0.002,3.0,0.5,1.0,1.5,0.4,13.6965,7.1425,-288.11,5692.86,1138.57,4,4,18748.8
SBIN26JUNFUT,0.05,0.002,3.0,0.5,1.0,1.5,0.5,28.3827,7.05,143.73,8071.42,1614.28,4,4,18756.96
SBIN26JUNFUT,0.05,0.002,3.0,0.5,1.0,1.5,0.6,44.406,7.17,2032.3,10729.82,2145.96,4,4,18603.92
SBIN26JUNFUT,0.05,0.002,3.0,0.5,1.0,2.0,0.4,2.3186,7.8775,12335.49,13138.15,2627.63,4,4,27740.07
SBIN26JUNFUT,0.05,0.002,3.0,0.5,1.0,2.0,0.5,1.5056,7.88,22128.66,21429.19,4285.84,3,4,28658.03
SBIN26JUNFUT,0.05,0.002,3.0,0.5,1.0,2.0,0.6,2.1623,7.9775,24948.74,25016.4,5003.28,4,4,30740.78
TATACONSUM26JUNFUT,0.1,0.001,2.0,0.2,0.3,1.0,0.4,-7.4106,3.4125,-15752.97,-7669.46,-1533.89,2,4,55790.54
TATACONSUM26JUNFUT,0.1,0.001,2.0,0.2,0.3,1.0,0.5,-7.5122,3.1775,-18139.33,-10055.82,-2011.16,2,4,57107.59
TATACONSUM26JUNFUT,0.1,0.001,2.0,0.2,0.3,1.0,0.6,-7.8878,3.0225,-27768.95,-20691.39,-4138.28,2,4,52127.67
TATACONSUM26JUNFUT,0.1,0.001,2.0,0.2,0.3,1.5,0.4,-7.4643,2.7925,-134625.89,-108170.01,-21634.0,2,4,52329.77
TATACONSUM26JUNFUT,0.1,0.001,2.0,0.2,0.3,1.5,0.5,-7.5063,2.735,-136056.96,-109696.09,-21939.22,2,4,53910.15
TATACONSUM26JUNFUT,0.1,0.001,2.0,0.2,0.3,1.5,0.6,-7.4834,2.725,-142621.69,-115626.07,-23125.21,2,4,54191.05
TATACONSUM26JUNFUT,0.1,0.001,2.0,0.2,0.3,2.0,0.4,-8.3068,3.465,-231406.52,-200140.03,-40028.01,2,4,73584.22
TATACONSUM26JUNFUT,0.1,0.001,2.0,0.2,0.3,2.0,0.5,-8.2911,3.4025,-231577.73,-200300.24,-40060.05,2,4,74330.83
TATACONSUM26JUNFUT,0.1,0.001,2.0,0.2,0.3,2.0,0.6,-8.3635,3.385,-227335.85,-198366.28,-39673.26,2,4,72765.1
TATACONSUM26JUNFUT,0.1,0.001,2.0,0.2,0.5,1.0,0.4,-7.4084,3.4075,-15690.19,-7606.68,-1521.34,2,4,55780.16
TATACONSUM26JUNFUT,0.1,0.001,2.0,0.2,0.5,1.0,0.5,-7.5122,3.175,-18139.33,-10055.82,-2011.16,2,4,57109.71
TATACONSUM26JUNFUT,0.1,0.001,2.0,0.2,0.5,1.0,0.6,-7.8878,3.0225,-27774.45,-20696.89,-4139.38,2,4,52127.78
TATACONSUM26JUNFUT,0.1,0.001,2.0,0.2,0.5,1.5,0.4,-7.4592,2.8,-134060.62,-107604.74,-21520.95,2,4,52386.58
TATACONSUM26JUNFUT,0.1,0.001,2.0,0.2,0.5,1.5,0.5,-7.5017,2.74,-135502.67,-109141.8,-21828.36,2,4,53970.62
TATACONSUM26JUNFUT,0.1,0.001,2.0,0.2,0.5,1.5,0.6,-7.4834,2.725,-142621.69,-115626.07,-23125.21,2,4,54191.05
TATACONSUM26JUNFUT,0.1,0.001,2.0,0.2,0.5,2.0,0.4,-8.4131,3.415,-234859.09,-204098.34,-40819.67,2,4,73414.99
TATACONSUM26JUNFUT,0.1,0.001,2.0,0.2,0.5,2.0,0.5,-8.3936,3.355,-234545.71,-203773.96,-40754.79,2,4,73974.02
TATACONSUM26JUNFUT,0.1,0.001,2.0,0.2,0.5,2.0,0.6,-8.402,3.3525,-229484.29,-200514.72,-40102.94,2,4,72473.23
TATACONSUM26JUNFUT,0.1,0.001,2.0,0.2,1.0,1.0,0.4,-7.4083,3.41,-15684.7,-7601.19,-1520.24,2,4,55776.92
TATACONSUM26JUNFUT,0.1,0.001,2.0,0.2,1.0,1.0,0.5,-7.5122,3.1775,-18139.33,-10055.82,-2011.16,2,4,57107.59
TATACONSUM26JUNFUT,0.1,0.001,2.0,0.2,1.0,1.0,0.6,-7.8878,3.0225,-27774.45,-20696.89,-4139.38,2,4,52127.78
TATACONSUM26JUNFUT,0.1,0.001,2.0,0.2,1.0,1.5,0.4,-7.4588,2.8,-134066.13,-107604.75,-21520.95,2,4,52388.35
TATACONSUM26JUNFUT,0.1,0.001,2.0,0.2,1.0,1.5,0.5,-7.5012,2.74,-135508.18,-109141.81,-21828.36,2,4,53969.49
TATACONSUM26JUNFUT,0.1,0.001,2.0,0.2,1.0,1.5,0.6,-7.4834,2.725,-142621.69,-115626.07,-23125.21,2,4,54191.05
TATACONSUM26JUNFUT,0.1,0.001,2.0,0.2,1.0,2.0,0.4,-8.4468,3.415,-234429.84,-204103.36,-40820.67,2,4,73176.81
TATACONSUM26JUNFUT,0.1,0.001,2.0,0.2,1.0,2.0,0.5,-8.427,3.3525,-234116.45,-203778.98,-40755.8,2,4,73736.44
TATACONSUM26JUNFUT,0.1,0.001,2.0,0.2,1.0,2.0,0.6,-8.402,3.3525,-229484.29,-200514.72,-40102.94,2,4,72473.23
TATACONSUM26JUNFUT,0.1,0.001,2.0,0.3,0.3,1.0,0.4,-7.4106,3.4125,-15752.97,-7669.46,-1533.89,2,4,55790.54
TATACONSUM26JUNFUT,0.1,0.001,2.0,0.3,0.3,1.0,0.5,-7.5122,3.1775,-18139.33,-10055.82,-2011.16,2,4,57107.59
TATACONSUM26JUNFUT,0.1,0.001,2.0,0.3,0.3,1.0,0.6,-7.8878,3.0225,-27768.95,-20691.39,-4138.28,2,4,52127.67
TATACONSUM26JUNFUT,0.1,0.001,2.0,0.3,0.3,1.5,0.4,-7.4643,2.7925,-134625.89,-108170.01,-21634.0,2,4,52329.77
TATACONSUM26JUNFUT,0.1,0.001,2.0,0.3,0.3,1.5,0.5,-7.5063,2.735,-136056.96,-109696.09,-21939.22,2,4,53910.15
TATACONSUM26JUNFUT,0.1,0.001,2.0,0.3,0.3,1.5,0.6,-7.4834,2.725,-142621.69,-115626.07,-23125.21,2,4,54191.05
TATACONSUM26JUNFUT,0.1,0.001,2.0,0.3,0.3,2.0,0.4,-8.3068,3.465,-231406.52,-200140.03,-40028.01,2,4,73584.22
TATACONSUM26JUNFUT,0.1,0.001,2.0,0.3,0.3,2.0,0.5,-8.2911,3.4025,-231577.73,-200300.24,-40060.05,2,4,74330.83
TATACONSUM26JUNFUT,0.1,0.001,2.0,0.3,0.3,2.0,0.6,-8.3635,3.385,-227335.85,-198366.28,-39673.26,2,4,72765.1
TATACONSUM26JUNFUT,0.1,0.001,2.0,0.3,0.5,1.0,0.4,-7.4084,3.4075,-15690.19,-7606.68,-1521.34,2,4,55780.16
TATACONSUM26JUNFUT,0.1,0.001,2.0,0.3,0.5,1.0,0.5,-7.5122,3.175,-18139.33,-10055.82,-2011.16,2,4,57109.71
TATACONSUM26JUNFUT,0.1,0.001,2.0,0.3,0.5,1.0,0.6,-7.8878,3.0225,-27774.45,-20696.89,-4139.38,2,4,52127.78
TATACONSUM26JUNFUT,0.1,0.001,2.0,0.3,0.5,1.5,0.4,-7.4592,2.8,-134060.62,-107604.74,-21520.95,2,4,52386.58
TATACONSUM26JUNFUT,0.1,0.001,2.0,0.3,0.5,1.5,0.5,-7.5017,2.74,-135502.67,-109141.8,-21828.36,2,4,53970.62
TATACONSUM26JUNFUT,0.1,0.001,2.0,0.3,0.5,1.5,0.6,-7.4834,2.725,-142621.69,-115626.07,-23125.21,2,4,54191.05
TATACONSUM26JUNFUT,0.1,0.001,2.0,0.3,0.5,2.0,0.4,-8.4131,3.415,-234859.09,-204098.34,-40819.67,2,4,73414.99
TATACONSUM26JUNFUT,0.1,0.001,2.0,0.3,0.5,2.0,0.5,-8.3936,3.355,-234545.71,-203773.96,-40754.79,2,4,73974.02
TATACONSUM26JUNFUT,0.1,0.001,2.0,0.3,0.5,2.0,0.6,-8.402,3.3525,-229484.29,-200514.72,-40102.94,2,4,72473.23
TATACONSUM26JUNFUT,0.1,0.001,2.0,0.3,1.0,1.0,0.4,-7.4083,3.41,-15684.7,-7601.19,-1520.24,2,4,55776.92
TATACONSUM26JUNFUT,0.1,0.001,2.0,0.3,1.0,1.0,0.5,-7.5122,3.1775,-18139.33,-10055.82,-2011.16,2,4,57107.59
TATACONSUM26JUNFUT,0.1,0.001,2.0,0.3,1.0,1.0,0.6,-7.8878,3.0225,-27774.45,-20696.89,-4139.38,2,4,52127.78
TATACONSUM26JUNFUT,0.1,0.001,2.0,0.3,1.0,1.5,0.4,-7.4588,2.8,-134066.13,-107604.75,-21520.95,2,4,52388.35
TATACONSUM26JUNFUT,0.1,0.001,2.0,0.3,1.0,1.5,0.5,-7.5012,2.74,-135508.18,-109141.81,-21828.36,2,4,53969.49
TATACONSUM26JUNFUT,0.1,0.001,2.0,0.3,1.0,1.5,0.6,-7.4834,2.725,-142621.69,-115626.07,-23125.21,2,4,54191.05
TATACONSUM26JUNFUT,0.1,0.001,2.0,0.3,1.0,2.0,0.4,-8.4468,3.415,-234429.84,-204103.36,-40820.67,2,4,73176.81
TATACONSUM26JUNFUT,0.1,0.001,2.0,0.3,1.0,2.0,0.5,-8.427,3.3525,-234116.45,-203778.98,-40755.8,2,4,73736.44
TATACONSUM26JUNFUT,0.1,0.001,2.0,0.3,1.0,2.0,0.6,-8.402,3.3525,-229484.29,-200514.72,-40102.94,2,4,72473.23
TATACONSUM26JUNFUT,0.1,0.001,2.0,0.5,0.3,1.0,0.4,-7.4106,3.4125,-15752.97,-7669.46,-1533.89,2,4,55790.54
TATACONSUM26JUNFUT,0.1,0.001,2.0,0.5,0.3,1.0,0.5,-7.5122,3.1775,-18139.33,-10055.82,-2011.16,2,4,57107.59
TATACONSUM26JUNFUT,0.1,0.001,2.0,0.5,0.3,1.0,0.6,-7.8878,3.0225,-27768.95,-20691.39,-4138.28,2,4,52127.67
TATACONSUM26JUNFUT,0.1,0.001,2.0,0.5,0.3,1.5,0.4,-7.4643,2.7925,-134625.89,-108170.01,-21634.0,2,4,52329.77
TATACONSUM26JUNFUT,0.1,0.001,2.0,0.5,0.3,1.5,0.5,-7.5063,2.735,-136056.96,-109696.09,-21939.22,2,4,53910.15
TATACONSUM26JUNFUT,0.1,0.001,2.0,0.5,0.3,1.5,0.6,-7.4834,2.725,-142621.69,-115626.07,-23125.21,2,4,54191.05
TATACONSUM26JUNFUT,0.1,0.001,2.0,0.5,0.3,2.0,0.4,-8.3068,3.465,-231406.52,-200140.03,-40028.01,2,4,73584.22
TATACONSUM26JUNFUT,0.1,0.001,2.0,0.5,0.3,2.0,0.5,-8.2911,3.4025,-231577.73,-200300.24,-40060.05,2,4,74330.83
TATACONSUM26JUNFUT,0.1,0.001,2.0,0.5,0.3,2.0,0.6,-8.3635,3.385,-227335.85,-198366.28,-39673.26,2,4,72765.1
TATACONSUM26JUNFUT,0.1,0.001,2.0,0.5,0.5,1.0,0.4,-7.4084,3.4075,-15690.19,-7606.68,-1521.34,2,4,55780.16
TATACONSUM26JUNFUT,0.1,0.001,2.0,0.5,0.5,1.0,0.5,-7.5122,3.175,-18139.33,-10055.82,-2011.16,2,4,57109.71
TATACONSUM26JUNFUT,0.1,0.001,2.0,0.5,0.5,1.0,0.6,-7.8878,3.0225,-27774.45,-20696.89,-4139.38,2,4,52127.78
TATACONSUM26JUNFUT,0.1,0.001,2.0,0.5,0.5,1.5,0.4,-7.4592,2.8,-134060.62,-107604.74,-21520.95,2,4,52386.58
TATACONSUM26JUNFUT,0.1,0.001,2.0,0.5,0.5,1.5,0.5,-7.5017,2.74,-135502.67,-109141.8,-21828.36,2,4,53970.62
TATACONSUM26JUNFUT,0.1,0.001,2.0,0.5,0.5,1.5,0.6,-7.4834,2.725,-142621.69,-115626.07,-23125.21,2,4,54191.05
TATACONSUM26JUNFUT,0.1,0.001,2.0,0.5,0.5,2.0,0.4,-8.4131,3.415,-234859.09,-204098.34,-40819.67,2,4,73414.99
TATACONSUM26JUNFUT,0.1,0.001,2.0,0.5,0.5,2.0,0.5,-8.3936,3.355,-234545.71,-203773.96,-40754.79,2,4,73974.02
TATACONSUM26JUNFUT,0.1,0.001,2.0,0.5,0.5,2.0,0.6,-8.402,3.3525,-229484.29,-200514.72,-40102.94,2,4,72473.23
TATACONSUM26JUNFUT,0.1,0.001,2.0,0.5,1.0,1.0,0.4,-7.4083,3.41,-15684.7,-7601.19,-1520.24,2,4,55776.92
TATACONSUM26JUNFUT,0.1,0.001,2.0,0.5,1.0,1.0,0.5,-7.5122,3.1775,-18139.33,-10055.82,-2011.16,2,4,57107.59
TATACONSUM26JUNFUT,0.1,0.001,2.0,0.5,1.0,1.0,0.6,-7.8878,3.0225,-27774.45,-20696.89,-4139.38,2,4,52127.78
TATACONSUM26JUNFUT,0.1,0.001,2.0,0.5,1.0,1.5,0.4,-7.4588,2.8,-134066.13,-107604.75,-21520.95,2,4,52388.35
TATACONSUM26JUNFUT,0.1,0.001,2.0,0.5,1.0,1.5,0.5,-7.5012,2.74,-135508.18,-109141.81,-21828.36,2,4,53969.49
TATACONSUM26JUNFUT,0.1,0.001,2.0,0.5,1.0,1.5,0.6,-7.4834,2.725,-142621.69,-115626.07,-23125.21,2,4,54191.05
TATACONSUM26JUNFUT,0.1,0.001,2.0,0.5,1.0,2.0,0.4,-8.4468,3.415,-234429.84,-204103.36,-40820.67,2,4,73176.81
TATACONSUM26JUNFUT,0.1,0.001,2.0,0.5,1.0,2.0,0.5,-8.427,3.3525,-234116.45,-203778.98,-40755.8,2,4,73736.44
TATACONSUM26JUNFUT,0.1,0.001,2.0,0.5,1.0,2.0,0.6,-8.402,3.3525,-229484.29,-200514.72,-40102.94,2,4,72473.23
TATASTEEL26JUNFUT,0.05,0.0005,1.0,0.2,0.3,1.0,0.4,0.0,0.0,0.0,0.0,0.0,0,4,0.0
TATASTEEL26JUNFUT,0.05,0.0005,1.0,0.2,0.3,1.0,0.5,0.0,0.0,0.0,0.0,0.0,0,4,0.0
TATASTEEL26JUNFUT,0.05,0.0005,1.0,0.2,0.3,1.0,0.6,0.0,0.0,0.0,0.0,0.0,0,4,0.0
TATASTEEL26JUNFUT,0.05,0.0005,1.0,0.2,0.3,1.5,0.4,0.5379,0.0,4929.51,4929.51,985.9,2,4,2031.52
TATASTEEL26JUNFUT,0.05,0.0005,1.0,0.2,0.3,1.5,0.5,0.5379,0.0,4929.51,4929.51,985.9,2,4,2031.52
TATASTEEL26JUNFUT,0.05,0.0005,1.0,0.2,0.3,1.5,0.6,0.5379,0.0,4929.51,4929.51,985.9,2,4,2031.52
TATASTEEL26JUNFUT,0.05,0.0005,1.0,0.2,0.3,2.0,0.4,-4.1882,16.1525,24088.0,23393.74,4678.75,3,4,8058.14
TATASTEEL26JUNFUT,0.05,0.0005,1.0,0.2,0.3,2.0,0.5,-4.1882,16.1525,24088.0,23393.74,4678.75,3,4,8058.14
TATASTEEL26JUNFUT,0.05,0.0005,1.0,0.2,0.3,2.0,0.6,-4.1882,16.1525,24088.0,23393.74,4678.75,3,4,8058.14
TATASTEEL26JUNFUT,0.05,0.0005,1.0,0.2,0.5,1.0,0.4,0.0,0.0,0.0,0.0,0.0,0,4,0.0
TATASTEEL26JUNFUT,0.05,0.0005,1.0,0.2,0.5,1.0,0.5,0.0,0.0,0.0,0.0,0.0,0,4,0.0
TATASTEEL26JUNFUT,0.05,0.0005,1.0,0.2,0.5,1.0,0.6,0.0,0.0,0.0,0.0,0.0,0,4,0.0
TATASTEEL26JUNFUT,0.05,0.0005,1.0,0.2,0.5,1.5,0.4,0.5379,0.0,4929.51,4929.51,985.9,2,4,2031.52
TATASTEEL26JUNFUT,0.05,0.0005,1.0,0.2,0.5,1.5,0.5,0.5379,0.0,4929.51,4929.51,985.9,2,4,2031.52
TATASTEEL26JUNFUT,0.05,0.0005,1.0,0.2,0.5,1.5,0.6,0.5379,0.0,4929.51,4929.51,985.9,2,4,2031.52
TATASTEEL26JUNFUT,0.05,0.0005,1.0,0.2,0.5,2.0,0.4,-4.1882,16.1525,24088.0,23393.74,4678.75,3,4,8058.14
TATASTEEL26JUNFUT,0.05,0.0005,1.0,0.2,0.5,2.0,0.5,-4.1882,16.1525,24088.0,23393.74,4678.75,3,4,8058.14
TATASTEEL26JUNFUT,0.05,0.0005,1.0,0.2,0.5,2.0,0.6,-4.1882,16.1525,24088.0,23393.74,4678.75,3,4,8058.14
TATASTEEL26JUNFUT,0.05,0.0005,1.0,0.2,1.0,1.0,0.4,0.0,0.0,0.0,0.0,0.0,0,4,0.0
TATASTEEL26JUNFUT,0.05,0.0005,1.0,0.2,1.0,1.0,0.5,0.0,0.0,0.0,0.0,0.0,0,4,0.0
TATASTEEL26JUNFUT,0.05,0.0005,1.0,0.2,1.0,1.0,0.6,0.0,0.0,0.0,0.0,0.0,0,4,0.0
TATASTEEL26JUNFUT,0.05,0.0005,1.0,0.2,1.0,1.5,0.4,0.5379,0.0,4929.51,4929.51,985.9,2,4,2031.52
TATASTEEL26JUNFUT,0.05,0.0005,1.0,0.2,1.0,1.5,0.5,0.5379,0.0,4929.51,4929.51,985.9,2,4,2031.52
TATASTEEL26JUNFUT,0.05,0.0005,1.0,0.2,1.0,1.5,0.6,0.5379,0.0,4929.51,4929.51,985.9,2,4,2031.52
TATASTEEL26JUNFUT,0.05,0.0005,1.0,0.2,1.0,2.0,0.4,-4.1882,16.1525,24088.0,23393.74,4678.75,3,4,8058.14
TATASTEEL26JUNFUT,0.05,0.0005,1.0,0.2,1.0,2.0,0.5,-4.1882,16.1525,24088.0,23393.74,4678.75,3,4,8058.14
TATASTEEL26JUNFUT,0.05,0.0005,1.0,0.2,1.0,2.0,0.6,-4.1882,16.1525,24088.0,23393.74,4678.75,3,4,8058.14
TATASTEEL26JUNFUT,0.05,0.0005,1.0,0.3,0.3,1.0,0.4,0.0,0.0,0.0,0.0,0.0,0,4,0.0
TATASTEEL26JUNFUT,0.05,0.0005,1.0,0.3,0.3,1.0,0.5,0.0,0.0,0.0,0.0,0.0,0,4,0.0
TATASTEEL26JUNFUT,0.05,0.0005,1.0,0.3,0.3,1.0,0.6,0.0,0.0,0.0,0.0,0.0,0,4,0.0
TATASTEEL26JUNFUT,0.05,0.0005,1.0,0.3,0.3,1.5,0.4,0.5379,0.0,4929.51,4929.51,985.9,2,4,2031.52
TATASTEEL26JUNFUT,0.05,0.0005,1.0,0.3,0.3,1.5,0.5,0.5379,0.0,4929.51,4929.51,985.9,2,4,2031.52
TATASTEEL26JUNFUT,0.05,0.0005,1.0,0.3,0.3,1.5,0.6,0.5379,0.0,4929.51,4929.51,985.9,2,4,2031.52
TATASTEEL26JUNFUT,0.05,0.0005,1.0,0.3,0.3,2.0,0.4,-4.1882,16.1525,24088.0,23393.74,4678.75,3,4,8058.14
TATASTEEL26JUNFUT,0.05,0.0005,1.0,0.3,0.3,2.0,0.5,-4.1882,16.1525,24088.0,23393.74,4678.75,3,4,8058.14
TATASTEEL26JUNFUT,0.05,0.0005,1.0,0.3,0.3,2.0,0.6,-4.1882,16.1525,24088.0,23393.74,4678.75,3,4,8058.14
TATASTEEL26JUNFUT,0.05,0.0005,1.0,0.3,0.5,1.0,0.4,0.0,0.0,0.0,0.0,0.0,0,4,0.0
TATASTEEL26JUNFUT,0.05,0.0005,1.0,0.3,0.5,1.0,0.5,0.0,0.0,0.0,0.0,0.0,0,4,0.0
TATASTEEL26JUNFUT,0.05,0.0005,1.0,0.3,0.5,1.0,0.6,0.0,0.0,0.0,0.0,0.0,0,4,0.0
TATASTEEL26JUNFUT,0.05,0.0005,1.0,0.3,0.5,1.5,0.4,0.5379,0.0,4929.51,4929.51,985.9,2,4,2031.52
TATASTEEL26JUNFUT,0.05,0.0005,1.0,0.3,0.5,1.5,0.5,0.5379,0.0,4929.51,4929.51,985.9,2,4,2031.52
TATASTEEL26JUNFUT,0.05,0.0005,1.0,0.3,0.5,1.5,0.6,0.5379,0.0,4929.51,4929.51,985.9,2,4,2031.52
TATASTEEL26JUNFUT,0.05,0.0005,1.0,0.3,0.5,2.0,0.4,-4.1882,16.1525,24088.0,23393.74,4678.75,3,4,8058.14
TATASTEEL26JUNFUT,0.05,0.0005,1.0,0.3,0.5,2.0,0.5,-4.1882,16.1525,24088.0,23393.74,4678.75,3,4,8058.14
TATASTEEL26JUNFUT,0.05,0.0005,1.0,0.3,0.5,2.0,0.6,-4.1882,16.1525,24088.0,23393.74,4678.75,3,4,8058.14
TATASTEEL26JUNFUT,0.05,0.0005,1.0,0.3,1.0,1.0,0.4,0.0,0.0,0.0,0.0,0.0,0,4,0.0
TATASTEEL26JUNFUT,0.05,0.0005,1.0,0.3,1.0,1.0,0.5,0.0,0.0,0.0,0.0,0.0,0,4,0.0
TATASTEEL26JUNFUT,0.05,0.0005,1.0,0.3,1.0,1.0,0.6,0.0,0.0,0.0,0.0,0.0,0,4,0.0
TATASTEEL26JUNFUT,0.05,0.0005,1.0,0.3,1.0,1.5,0.4,0.5379,0.0,4929.51,4929.51,985.9,2,4,2031.52
TATASTEEL26JUNFUT,0.05,0.0005,1.0,0.3,1.0,1.5,0.5,0.5379,0.0,4929.51,4929.51,985.9,2,4,2031.52
TATASTEEL26JUNFUT,0.05,0.0005,1.0,0.3,1.0,1.5,0.6,0.5379,0.0,4929.51,4929.51,985.9,2,4,2031.52
TATASTEEL26JUNFUT,0.05,0.0005,1.0,0.3,1.0,2.0,0.4,-4.1882,16.1525,24088.0,23393.74,4678.75,3,4,8058.14
TATASTEEL26JUNFUT,0.05,0.0005,1.0,0.3,1.0,2.0,0.5,-4.1882,16.1525,24088.0,23393.74,4678.75,3,4,8058.14
TATASTEEL26JUNFUT,0.05,0.0005,1.0,0.3,1.0,2.0,0.6,-4.1882,16.1525,24088.0,23393.74,4678.75,3,4,8058.14
TATASTEEL26JUNFUT,0.05,0.0005,1.0,0.5,0.3,1.0,0.4,0.0,0.0,0.0,0.0,0.0,0,4,0.0
TATASTEEL26JUNFUT,0.05,0.0005,1.0,0.5,0.3,1.0,0.5,0.0,0.0,0.0,0.0,0.0,0,4,0.0
TATASTEEL26JUNFUT,0.05,0.0005,1.0,0.5,0.3,1.0,0.6,0.0,0.0,0.0,0.0,0.0,0,4,0.0
TATASTEEL26JUNFUT,0.05,0.0005,1.0,0.5,0.3,1.5,0.4,0.5379,0.0,4929.51,4929.51,985.9,2,4,2031.52
TATASTEEL26JUNFUT,0.05,0.0005,1.0,0.5,0.3,1.5,0.5,0.5379,0.0,4929.51,4929.51,985.9,2,4,2031.52
TATASTEEL26JUNFUT,0.05,0.0005,1.0,0.5,0.3,1.5,0.6,0.5379,0.0,4929.51,4929.51,985.9,2,4,2031.52
TATASTEEL26JUNFUT,0.05,0.0005,1.0,0.5,0.3,2.0,0.4,-4.1882,16.1525,24088.0,23393.74,4678.75,3,4,8058.14
TATASTEEL26JUNFUT,0.05,0.0005,1.0,0.5,0.3,2.0,0.5,-4.1882,16.1525,24088.0,23393.74,4678.75,3,4,8058.14
TATASTEEL26JUNFUT,0.05,0.0005,1.0,0.5,0.3,2.0,0.6,-4.1882,16.1525,24088.0,23393.74,4678.75,3,4,8058.14
TATASTEEL26JUNFUT,0.05,0.0005,1.0,0.5,0.5,1.0,0.4,0.0,0.0,0.0,0.0,0.0,0,4,0.0
TATASTEEL26JUNFUT,0.05,0.0005,1.0,0.5,0.5,1.0,0.5,0.0,0.0,0.0,0.0,0.0,0,4,0.0
TATASTEEL26JUNFUT,0.05,0.0005,1.0,0.5,0.5,1.0,0.6,0.0,0.0,0.0,0.0,0.0,0,4,0.0
TATASTEEL26JUNFUT,0.05,0.0005,1.0,0.5,0.5,1.5,0.4,0.5379,0.0,4929.51,4929.51,985.9,2,4,2031.52
TATASTEEL26JUNFUT,0.05,0.0005,1.0,0.5,0.5,1.5,0.5,0.5379,0.0,4929.51,4929.51,985.9,2,4,2031.52
TATASTEEL26JUNFUT,0.05,0.0005,1.0,0.5,0.5,1.5,0.6,0.5379,0.0,4929.51,4929.51,985.9,2,4,2031.52
TATASTEEL26JUNFUT,0.05,0.0005,1.0,0.5,0.5,2.0,0.4,-4.1882,16.1525,24088.0,23393.74,4678.75,3,4,8058.14
TATASTEEL26JUNFUT,0.05,0.0005,1.0,0.5,0.5,2.0,0.5,-4.1882,16.1525,24088.0,23393.74,4678.75,3,4,8058.14
TATASTEEL26JUNFUT,0.05,0.0005,1.0,0.5,0.5,2.0,0.6,-4.1882,16.1525,24088.0,23393.74,4678.75,3,4,8058.14
TATASTEEL26JUNFUT,0.05,0.0005,1.0,0.5,1.0,1.0,0.4,0.0,0.0,0.0,0.0,0.0,0,4,0.0
TATASTEEL26JUNFUT,0.05,0.0005,1.0,0.5,1.0,1.0,0.5,0.0,0.0,0.0,0.0,0.0,0,4,0.0
TATASTEEL26JUNFUT,0.05,0.0005,1.0,0.5,1.0,1.0,0.6,0.0,0.0,0.0,0.0,0.0,0,4,0.0
TATASTEEL26JUNFUT,0.05,0.0005,1.0,0.5,1.0,1.5,0.4,0.5379,0.0,4929.51,4929.51,985.9,2,4,2031.52
TATASTEEL26JUNFUT,0.05,0.0005,1.0,0.5,1.0,1.5,0.5,0.5379,0.0,4929.51,4929.51,985.9,2,4,2031.52
TATASTEEL26JUNFUT,0.05,0.0005,1.0,0.5,1.0,1.5,0.6,0.5379,0.0,4929.51,4929.51,985.9,2,4,2031.52
TATASTEEL26JUNFUT,0.05,0.0005,1.0,0.5,1.0,2.0,0.4,-4.1882,16.1525,24088.0,23393.74,4678.75,3,4,8058.14
TATASTEEL26JUNFUT,0.05,0.0005,1.0,0.5,1.0,2.0,0.5,-4.1882,16.1525,24088.0,23393.74,4678.75,3,4,8058.14
TATASTEEL26JUNFUT,0.05,0.0005,1.0,0.5,1.0,2.0,0.6,-4.1882,16.1525,24088.0,23393.74,4678.75,3,4,8058.14
SUNPHARMA26JUNFUT,0.1,0.001,2.0,0.2,0.3,1.0,0.4,14.321,4.725,-57724.46,-54015.76,-10803.15,2,4,18849.08
SUNPHARMA26JUNFUT,0.1,0.001,2.0,0.2,0.3,1.0,0.5,12.0046,4.77,-58665.9,-54953.71,-10990.74,2,4,18356.61
SUNPHARMA26JUNFUT,0.1,0.001,2.0,0.2,0.3,1.0,0.6,25.5359,5.335,-28145.05,-24432.86,-4886.57,3,4,17821.59
SUNPHARMA26JUNFUT,0.1,0.001,2.0,0.2,0.3,1.5,0.4,-2.9809,5.71,-81893.81,-63061.26,-12612.25,2,4,22878.89
SUNPHARMA26JUNFUT,0.1,0.001,2.0,0.2,0.3,1.5,0.5,-3.3779,5.745,-87343.6,-68511.05,-13702.21,2,4,23774.83
SUNPHARMA26JUNFUT,0.1,0.001,2.0,0.2,0.3,1.5,0.6,-2.1418,6.0,-74583.83,-55737.29,-11147.46,2,4,23750.13
SUNPHARMA26JUNFUT,0.1,0.001,2.0,0.2,0.3,2.0,0.4,-14.4392,6.4625,-81703.64,-85024.56,-17004.91,1,4,25043.54
SUNPHARMA26JUNFUT,0.1,0.001,2.0,0.2,0.3,2.0,0.5,-14.1765,6.51,-83601.29,-86922.21,-17384.44,1,4,26464.71
SUNPHARMA26JUNFUT,0.1,0.001,2.0,0.2,0.3,2.0,0.6,-16.5849,6.5025,-88349.67,-92184.82,-18436.96,1,4,27555.93
SUNPHARMA26JUNFUT,0.1,0.001,2.0,0.2,0.5,1.0,0.4,15.6807,4.7825,-56143.51,-52434.82,-10486.96,3,4,18913.08
SUNPHARMA26JUNFUT,0.1,0.001,2.0,0.2,0.5,1.0,0.5,12.7152,4.835,-56694.32,-52982.13,-10596.43,2,4,18338.23
SUNPHARMA26JUNFUT,0.1,0.001,2.0,0.2,0.5,1.0,0.6,25.5089,5.335,-28141.55,-24429.36,-4885.87,3,4,17822.0
SUNPHARMA26JUNFUT,0.1,0.001,2.0,0.2,0.5,1.5,0.4,-2.9891,5.705,-81993.75,-63161.2,-12632.24,2,4,22896.59
SUNPHARMA26JUNFUT,0.1,0.001,2.0,0.2,0.5,1.5,0.5,-3.3795,5.7375,-87863.56,-69031.02,-13806.2,2,4,23884.43
SUNPHARMA26JUNFUT,0.1,0.001,2.0,0.2,0.5,1.5,0.6,-2.259,5.9775,-76997.37,-58150.83,-11630.17,2,4,24240.73
SUNPHARMA26JUNFUT,0.1,0.001,2.0,0.2,0.5,2.0,0.4,-14.4266,6.4625,-81745.62,-85066.55,-17013.31,1,4,25042.06
SUNPHARMA26JUNFUT,0.1,0.001,2.0,0.2,0.5,2.0,0.5,-14.1634,6.51,-83636.27,-86957.2,-17391.44,1,4,26460.98
SUNPHARMA26JUNFUT,0.1,0.001,2.0,0.2,0.5,2.0,0.6,-16.5185,6.5025,-88391.65,-92223.3,-18444.66,1,4,27553.23
SUNPHARMA26JUNFUT,0.1,0.001,2.0,0.2,1.0,1.0,0.4,15.6603,4.7575,-56433.03,-52724.34,-10544.87,3,4,18944.06
SUNPHARMA26JUNFUT,0.1,0.001,2.0,0.2,1.0,1.0,0.5,12.6955,4.8075,-56987.33,-53275.14,-10655.03,2,4,18359.45
SUNPHARMA26JUNFUT,0.1,0.001,2.0,0.2,1.0,1.0,0.6,25.5089,5.335,-28141.55,-24429.36,-4885.87,3,4,17822.0
SUNPHARMA26JUNFUT,0.1,0.001,2.0,0.2,1.0,1.5,0.4,-2.9897,5.6825,-83814.74,-64982.19,-12996.44,2,4,23310.17
SUNPHARMA26JUNFUT,0.1,0.001,2.0,0.2,1.0,1.5,0.5,-3.3796,5.7175,-89684.55,-70852.0,-14170.4,2,4,24283.64
SUNPHARMA26JUNFUT,0.1,0.001,2.0,0.2,1.0,1.5,0.6,-2.2594,5.975,-77004.37,-58157.83,-11631.57,2,4,24240.7
SUNPHARMA26JUNFUT,0.1,0.001,2.0,0.2,1.0,2.0,0.4,-14.4266,6.4625,-81742.13,-85063.05,-17012.61,1,4,25040.94
SUNPHARMA26JUNFUT,0.1,0.001,2.0,0.2,1.0,2.0,0.5,-14.1634,6.51,-83643.27,-86964.2,-17392.84,1,4,26463.21
SUNPHARMA26JUNFUT,0.1,0.001,2.0,0.2,1.0,2.0,0.6,-16.5185,6.5025,-88391.66,-92223.31,-18444.66,1,4,27553.23
SUNPHARMA26JUNFUT,0.1,0.001,2.0,0.3,0.3,1.0,0.4,14.321,4.725,-57724.46,-54015.76,-10803.15,2,4,18849.08
SUNPHARMA26JUNFUT,0.1,0.001,2.0,0.3,0.3,1.0,0.5,12.0046,4.77,-58665.9,-54953.71,-10990.74,2,4,18356.61
SUNPHARMA26JUNFUT,0.1,0.001,2.0,0.3,0.3,1.0,0.6,25.5359,5.335,-28145.05,-24432.86,-4886.57,3,4,17821.59
SUNPHARMA26JUNFUT,0.1,0.001,2.0,0.3,0.3,1.5,0.4,-2.9809,5.71,-81893.81,-63061.26,-12612.25,2,4,22878.89
SUNPHARMA26JUNFUT,0.1,0.001,2.0,0.3,0.3,1.5,0.5,-3.3779,5.745,-87343.6,-68511.05,-13702.21,2,4,23774.83
SUNPHARMA26JUNFUT,0.1,0.001,2.0,0.3,0.3,1.5,0.6,-2.1418,6.0,-74583.83,-55737.29,-11147.46,2,4,23750.13
SUNPHARMA26JUNFUT,0.1,0.001,2.0,0.3,0.3,2.0,0.4,-14.4392,6.4625,-81703.64,-85024.56,-17004.91,1,4,25043.54
SUNPHARMA26JUNFUT,0.1,0.001,2.0,0.3,0.3,2.0,0.5,-14.1765,6.51,-83601.29,-86922.21,-17384.44,1,4,26464.71
SUNPHARMA26JUNFUT,0.1,0.001,2.0,0.3,0.3,2.0,0.6,-16.5849,6.5025,-88349.67,-92184.82,-18436.96,1,4,27555.93
SUNPHARMA26JUNFUT,0.1,0.001,2.0,0.3,0.5,1.0,0.4,15.6807,4.7825,-56143.51,-52434.82,-10486.96,3,4,18913.08
SUNPHARMA26JUNFUT,0.1,0.001,2.0,0.3,0.5,1.0,0.5,12.7152,4.835,-56694.32,-52982.13,-10596.43,2,4,18338.23
SUNPHARMA26JUNFUT,0.1,0.001,2.0,0.3,0.5,1.0,0.6,25.5089,5.335,-28141.55,-24429.36,-4885.87,3,4,17822.0
SUNPHARMA26JUNFUT,0.1,0.001,2.0,0.3,0.5,1.5,0.4,-2.9891,5.705,-81993.75,-63161.2,-12632.24,2,4,22896.59
SUNPHARMA26JUNFUT,0.1,0.001,2.0,0.3,0.5,1.5,0.5,-3.3795,5.7375,-87863.56,-69031.02,-13806.2,2,4,23884.43
SUNPHARMA26JUNFUT,0.1,0.001,2.0,0.3,0.5,1.5,0.6,-2.259,5.9775,-76997.37,-58150.83,-11630.17,2,4,24240.73
SUNPHARMA26JUNFUT,0.1,0.001,2.0,0.3,0.5,2.0,0.4,-14.4266,6.4625,-81745.62,-85066.55,-17013.31,1,4,25042.06
SUNPHARMA26JUNFUT,0.1,0.001,2.0,0.3,0.5,2.0,0.5,-14.1634,6.51,-83636.27,-86957.2,-17391.44,1,4,26460.98
SUNPHARMA26JUNFUT,0.1,0.001,2.0,0.3,0.5,2.0,0.6,-16.5185,6.5025,-88391.65,-92223.3,-18444.66,1,4,27553.23
SUNPHARMA26JUNFUT,0.1,0.001,2.0,0.3,1.0,1.0,0.4,15.6603,4.7575,-56433.03,-52724.34,-10544.87,3,4,18944.06
SUNPHARMA26JUNFUT,0.1,0.001,2.0,0.3,1.0,1.0,0.5,12.6955,4.8075,-56987.33,-53275.14,-10655.03,2,4,18359.45
SUNPHARMA26JUNFUT,0.1,0.001,2.0,0.3,1.0,1.0,0.6,25.5089,5.335,-28141.55,-24429.36,-4885.87,3,4,17822.0
SUNPHARMA26JUNFUT,0.1,0.001,2.0,0.3,1.0,1.5,0.4,-2.9897,5.6825,-83814.74,-64982.19,-12996.44,2,4,23310.17
SUNPHARMA26JUNFUT,0.1,0.001,2.0,0.3,1.0,1.5,0.5,-3.3796,5.7175,-89684.55,-70852.0,-14170.4,2,4,24283.64
SUNPHARMA26JUNFUT,0.1,0.001,2.0,0.3,1.0,1.5,0.6,-2.2594,5.975,-77004.37,-58157.83,-11631.57,2,4,24240.7
SUNPHARMA26JUNFUT,0.1,0.001,2.0,0.3,1.0,2.0,0.4,-14.4266,6.4625,-81742.13,-85063.05,-17012.61,1,4,25040.94
SUNPHARMA26JUNFUT,0.1,0.001,2.0,0.3,1.0,2.0,0.5,-14.1634,6.51,-83643.27,-86964.2,-17392.84,1,4,26463.21
SUNPHARMA26JUNFUT,0.1,0.001,2.0,0.3,1.0,2.0,0.6,-16.5185,6.5025,-88391.66,-92223.31,-18444.66,1,4,27553.23
SUNPHARMA26JUNFUT,0.1,0.001,2.0,0.5,0.3,1.0,0.4,14.321,4.725,-57724.46,-54015.76,-10803.15,2,4,18849.08
SUNPHARMA26JUNFUT,0.1,0.001,2.0,0.5,0.3,1.0,0.5,12.0046,4.77,-58665.9,-54953.71,-10990.74,2,4,18356.61
SUNPHARMA26JUNFUT,0.1,0.001,2.0,0.5,0.3,1.0,0.6,25.5359,5.335,-28145.05,-24432.86,-4886.57,3,4,17821.59
SUNPHARMA26JUNFUT,0.1,0.001,2.0,0.5,0.3,1.5,0.4,-2.9809,5.71,-81893.81,-63061.26,-12612.25,2,4,22878.89
SUNPHARMA26JUNFUT,0.1,0.001,2.0,0.5,0.3,1.5,0.5,-3.3779,5.745,-87343.6,-68511.05,-13702.21,2,4,23774.83
SUNPHARMA26JUNFUT,0.1,0.001,2.0,0.5,0.3,1.5,0.6,-2.1418,6.0,-74583.83,-55737.29,-11147.46,2,4,23750.13
SUNPHARMA26JUNFUT,0.1,0.001,2.0,0.5,0.3,2.0,0.4,-14.4392,6.4625,-81703.64,-85024.56,-17004.91,1,4,25043.54
SUNPHARMA26JUNFUT,0.1,0.001,2.0,0.5,0.3,2.0,0.5,-14.1765,6.51,-83601.29,-86922.21,-17384.44,1,4,26464.71
SUNPHARMA26JUNFUT,0.1,0.001,2.0,0.5,0.3,2.0,0.6,-16.5849,6.5025,-88349.67,-92184.82,-18436.96,1,4,27555.93
SUNPHARMA26JUNFUT,0.1,0.001,2.0,0.5,0.5,1.0,0.4,15.6807,4.7825,-56143.51,-52434.82,-10486.96,3,4,18913.08
SUNPHARMA26JUNFUT,0.1,0.001,2.0,0.5,0.5,1.0,0.5,12.7153,4.835,-56694.32,-52982.13,-10596.43,2,4,18338.23
SUNPHARMA26JUNFUT,0.1,0.001,2.0,0.5,0.5,1.0,0.6,25.5089,5.335,-28141.55,-24429.36,-4885.87,3,4,17822.0
SUNPHARMA26JUNFUT,0.1,0.001,2.0,0.5,0.5,1.5,0.4,-2.9891,5.705,-81993.75,-63161.2,-12632.24,2,4,22896.59
SUNPHARMA26JUNFUT,0.1,0.001,2.0,0.5,0.5,1.5,0.5,-3.3795,5.7375,-87863.56,-69031.02,-13806.2,2,4,23884.43
SUNPHARMA26JUNFUT,0.1,0.001,2.0,0.5,0.5,1.5,0.6,-2.259,5.9775,-76997.37,-58150.83,-11630.17,2,4,24240.73
SUNPHARMA26JUNFUT,0.1,0.001,2.0,0.5,0.5,2.0,0.4,-14.4266,6.4625,-81745.62,-85066.55,-17013.31,1,4,25042.06
SUNPHARMA26JUNFUT,0.1,0.001,2.0,0.5,0.5,2.0,0.5,-14.1634,6.51,-83636.27,-86957.2,-17391.44,1,4,26460.98
SUNPHARMA26JUNFUT,0.1,0.001,2.0,0.5,0.5,2.0,0.6,-16.5185,6.5025,-88391.65,-92223.3,-18444.66,1,4,27553.23
SUNPHARMA26JUNFUT,0.1,0.001,2.0,0.5,1.0,1.0,0.4,15.6603,4.7575,-56433.03,-52724.34,-10544.87,3,4,18944.06
SUNPHARMA26JUNFUT,0.1,0.001,2.0,0.5,1.0,1.0,0.5,12.6955,4.8075,-56987.33,-53275.14,-10655.03,2,4,18359.45
SUNPHARMA26JUNFUT,0.1,0.001,2.0,0.5,1.0,1.0,0.6,25.5089,5.335,-28141.55,-24429.36,-4885.87,3,4,17822.0
SUNPHARMA26JUNFUT,0.1,0.001,2.0,0.5,1.0,1.5,0.4,-2.9897,5.6825,-83814.74,-64982.19,-12996.44,2,4,23310.17
SUNPHARMA26JUNFUT,0.1,0.001,2.0,0.5,1.0,1.5,0.5,-3.3796,5.7175,-89684.55,-70852.0,-14170.4,2,4,24283.64
SUNPHARMA26JUNFUT,0.1,0.001,2.0,0.5,1.0,1.5,0.6,-2.2594,5.975,-77004.37,-58157.83,-11631.57,2,4,24240.7
SUNPHARMA26JUNFUT,0.1,0.001,2.0,0.5,1.0,2.0,0.4,-14.4266,6.4625,-81742.13,-85063.05,-17012.61,1,4,25040.94
SUNPHARMA26JUNFUT,0.1,0.001,2.0,0.5,1.0,2.0,0.5,-14.1634,6.51,-83643.27,-86964.2,-17392.84,1,4,26463.21
SUNPHARMA26JUNFUT,0.1,0.001,2.0,0.5,1.0,2.0,0.6,-16.5185,6.5025,-88391.66,-92223.31,-18444.66,1,4,27553.23
TECHM26JUNFUT,0.05,0.005,1.5,0.2,0.3,1.0,0.4,13.0767,8.755,87875.93,86104.69,17220.94,3,4,69363.3
TECHM26JUNFUT,0.05,0.005,1.5,0.2,0.3,1.0,0.5,13.6296,8.8125,76276.39,75147.96,15029.59,3,4,62709.17
TECHM26JUNFUT,0.05,0.005,1.5,0.2,0.3,1.0,0.6,10.727,8.2825,71310.68,65379.67,13075.93,3,4,59995.55
TECHM26JUNFUT,0.05,0.005,1.5,0.2,0.3,1.5,0.4,4.2101,8.1875,171904.04,132664.16,26532.83,3,4,52564.53
TECHM26JUNFUT,0.05,0.005,1.5,0.2,0.3,1.5,0.5,4.1228,8.6075,167319.36,124983.58,24996.72,3,4,64393.73
TECHM26JUNFUT,0.05,0.005,1.5,0.2,0.3,1.5,0.6,4.8567,8.315,165754.14,126341.5,25268.3,3,4,62102.71
TECHM26JUNFUT,0.05,0.005,1.5,0.2,0.3,2.0,0.4,-6.7058,7.1675,-111705.41,-164434.8,-32886.96,2,4,65686.59
TECHM26JUNFUT,0.05,0.005,1.5,0.2,0.3,2.0,0.5,-6.3371,7.31,-103314.43,-151276.3,-30255.26,2,4,67943.4
TECHM26JUNFUT,0.05,0.005,1.5,0.2,0.3,2.0,0.6,-6.123,7.225,-114935.55,-166580.12,-33316.02,2,4,66977.3
TECHM26JUNFUT,0.05,0.005,1.5,0.2,0.5,1.0,0.4,13.0671,8.76,88158.04,86380.81,17276.16,3,4,69450.65
TECHM26JUNFUT,0.05,0.005,1.5,0.2,0.5,1.0,0.5,13.6273,8.8075,76204.41,75069.97,15013.99,3,4,62686.48
TECHM26JUNFUT,0.05,0.005,1.5,0.2,0.5,1.0,0.6,10.7271,8.2825,71298.68,65367.67,13073.53,3,4,59995.91
TECHM26JUNFUT,0.05,0.005,1.5,0.2,0.5,1.5,0.4,4.2108,8.1975,173230.47,133984.6,26796.92,3,4,52393.32
TECHM26JUNFUT,0.05,0.005,1.5,0.2,0.5,1.5,0.5,4.1838,8.6325,169089.59,126753.81,25350.76,3,4,64132.33
TECHM26JUNFUT,0.05,0.005,1.5,0.2,0.5,1.5,0.6,4.9065,8.33,166329.92,126917.28,25383.46,3,4,62136.56
TECHM26JUNFUT,0.05,0.005,1.5,0.2,0.5,2.0,0.4,-6.6997,7.17,-111434.35,-164163.74,-32832.75,2,4,65755.26
TECHM26JUNFUT,0.05,0.005,1.5,0.2,0.5,2.0,0.5,-6.3381,7.31,-103314.44,-151270.31,-30254.06,2,4,67938.81
TECHM26JUNFUT,0.05,0.005,1.5,0.2,0.5,2.0,0.6,-6.123,7.225,-114929.56,-166574.13,-33314.83,2,4,66975.26
TECHM26JUNFUT,0.05,0.005,1.5,0.2,1.0,1.0,0.4,13.0744,8.78,88926.05,87148.82,17429.76,3,4,69501.32
TECHM26JUNFUT,0.05,0.005,1.5,0.2,1.0,1.0,0.5,13.65,8.83,76966.42,75831.99,15166.4,3,4,62731.77
TECHM26JUNFUT,0.05,0.005,1.5,0.2,1.0,1.0,0.6,10.7265,8.2825,71298.67,65367.67,13073.53,3,4,59996.15
TECHM26JUNFUT,0.05,0.005,1.5,0.2,1.0,1.5,0.4,4.1208,8.1725,171560.56,132089.5,26417.9,3,4,52268.5
TECHM26JUNFUT,0.05,0.005,1.5,0.2,1.0,1.5,0.5,4.1272,8.595,167431.69,125032.66,25006.53,3,4,63938.01
TECHM26JUNFUT,0.05,0.005,1.5,0.2,1.0,1.5,0.6,4.8385,8.3075,164618.02,125211.38,25042.28,3,4,62024.21
TECHM26JUNFUT,0.05,0.005,1.5,0.2,1.0,2.0,0.4,-5.7282,7.1625,-107818.93,-160542.32,-32108.46,2,4,65833.29
TECHM26JUNFUT,0.05,0.005,1.5,0.2,1.0,2.0,0.5,-5.2711,7.305,-98348.96,-146304.82,-29260.96,2,4,68292.74
TECHM26JUNFUT,0.05,0.005,1.5,0.2,1.0,2.0,0.6,-6.1231,7.2275,-114371.76,-166016.33,-33203.27,2,4,66781.34
TECHM26JUNFUT,0.05,0.005,1.5,0.3,0.3,1.0,0.4,13.0767,8.755,87875.93,86104.69,17220.94,3,4,69363.3
TECHM26JUNFUT,0.05,0.005,1.5,0.3,0.3,1.0,0.5,13.6296,8.8125,76276.39,75147.96,15029.59,3,4,62709.17
TECHM26JUNFUT,0.05,0.005,1.5,0.3,0.3,1.0,0.6,10.727,8.2825,71310.68,65379.67,13075.93,3,4,59995.55
TECHM26JUNFUT,0.05,0.005,1.5,0.3,0.3,1.5,0.4,4.2101,8.1875,171904.04,132664.16,26532.83,3,4,52564.53
TECHM26JUNFUT,0.05,0.005,1.5,0.3,0.3,1.5,0.5,4.1228,8.6075,167319.36,124983.58,24996.72,3,4,64393.73
TECHM26JUNFUT,0.05,0.005,1.5,0.3,0.3,1.5,0.6,4.8567,8.315,165754.14,126341.5,25268.3,3,4,62102.71
TECHM26JUNFUT,0.05,0.005,1.5,0.3,0.3,2.0,0.4,-6.7058,7.1675,-111705.41,-164434.8,-32886.96,2,4,65686.59
TECHM26JUNFUT,0.05,0.005,1.5,0.3,0.3,2.0,0.5,-6.3371,7.31,-103314.43,-151276.3,-30255.26,2,4,67943.4
TECHM26JUNFUT,0.05,0.005,1.5,0.3,0.3,2.0,0.6,-6.123,7.225,-114935.55,-166580.12,-33316.02,2,4,66977.3
TECHM26JUNFUT,0.05,0.005,1.5,0.3,0.5,1.0,0.4,13.0672,8.76,88164.04,86386.8,17277.36,3,4,69451.08
TECHM26JUNFUT,0.05,0.005,1.5,0.3,0.5,1.0,0.5,13.6273,8.8075,76204.41,75069.97,15013.99,3,4,62686.48
TECHM26JUNFUT,0.05,0.005,1.5,0.3,0.5,1.0,0.6,10.7271,8.2825,71298.68,65367.67,13073.53,3,4,59995.91
TECHM26JUNFUT,0.05,0.005,1.5,0.3,0.5,1.5,0.4,4.2108,8.1975,173230.47,133984.6,26796.92,3,4,52393.32
TECHM26JUNFUT,0.05,0.005,1.5,0.3,0.5,1.5,0.5,4.1838,8.6325,169089.59,126753.81,25350.76,3,4,64132.33
TECHM26JUNFUT,0.05,0.005,1.5,0.3,0.5,1.5,0.6,4.9065,8.33,166329.92,126917.28,25383.46,3,4,62136.56
TECHM26JUNFUT,0.05,0.005,1.5,0.3,0.5,2.0,0.4,-6.6997,7.17,-111434.35,-164163.74,-32832.75,2,4,65755.26
TECHM26JUNFUT,0.05,0.005,1.5,0.3,0.5,2.0,0.5,-6.3381,7.31,-103314.44,-151270.31,-30254.06,2,4,67938.81
TECHM26JUNFUT,0.05,0.005,1.5,0.3,0.5,2.0,0.6,-6.123,7.225,-114929.56,-166574.13,-33314.83,2,4,66975.26
TECHM26JUNFUT,0.05,0.005,1.5,0.3,1.0,1.0,0.4,13.0744,8.78,88926.05,87148.82,17429.76,3,4,69501.32
TECHM26JUNFUT,0.05,0.005,1.5,0.3,1.0,1.0,0.5,13.6503,8.83,76972.42,75837.99,15167.6,3,4,62732.12
TECHM26JUNFUT,0.05,0.005,1.5,0.3,1.0,1.0,0.6,10.7273,8.2825,71304.68,65373.67,13074.73,3,4,59996.4
TECHM26JUNFUT,0.05,0.005,1.5,0.3,1.0,1.5,0.4,4.1208,8.1725,171560.56,132089.5,26417.9,3,4,52268.5
TECHM26JUNFUT,0.05,0.005,1.5,0.3,1.0,1.5,0.5,4.1272,8.595,167431.69,125032.66,25006.53,3,4,63938.01
TECHM26JUNFUT,0.05,0.005,1.5,0.3,1.0,1.5,0.6,4.8385,8.3075,164618.02,125211.38,25042.28,3,4,62024.21
TECHM26JUNFUT,0.05,0.005,1.5,0.3,1.0,2.0,0.4,-5.7281,7.1625,-107812.93,-160536.32,-32107.26,2,4,65834.74
TECHM26JUNFUT,0.05,0.005,1.5,0.3,1.0,2.0,0.5,-5.2711,7.305,-98516.87,-146472.73,-29294.55,2,4,68349.31
TECHM26JUNFUT,0.05,0.005,1.5,0.3,1.0,2.0,0.6,-6.1231,7.225,-114539.67,-166184.25,-33236.85,2,4,66838.63
TECHM26JUNFUT,0.05,0.005,1.5,0.5,0.3,1.0,0.4,13.0767,8.755,87875.93,86104.69,17220.94,3,4,69363.3
TECHM26JUNFUT,0.05,0.005,1.5,0.5,0.3,1.0,0.5,13.6296,8.8125,76276.39,75147.96,15029.59,3,4,62709.17
TECHM26JUNFUT,0.05,0.005,1.5,0.5,0.3,1.0,0.6,10.727,8.2825,71310.68,65379.67,13075.93,3,4,59995.55
TECHM26JUNFUT,0.05,0.005,1.5,0.5,0.3,1.5,0.4,4.2101,8.1875,171904.04,132664.16,26532.83,3,4,52564.53
TECHM26JUNFUT,0.05,0.005,1.5,0.5,0.3,1.5,0.5,4.1228,8.6075,167319.36,124983.58,24996.72,3,4,64393.73
TECHM26JUNFUT,0.05,0.005,1.5,0.5,0.3,1.5,0.6,4.8567,8.315,165754.14,126341.5,25268.3,3,4,62102.71
TECHM26JUNFUT,0.05,0.005,1.5,0.5,0.3,2.0,0.4,-6.7058,7.1675,-111705.41,-164434.8,-32886.96,2,4,65686.59
TECHM26JUNFUT,0.05,0.005,1.5,0.5,0.3,2.0,0.5,-6.3371,7.31,-103314.43,-151276.3,-30255.26,2,4,67943.4
TECHM26JUNFUT,0.05,0.005,1.5,0.5,0.3,2.0,0.6,-6.123,7.225,-114935.55,-166580.12,-33316.02,2,4,66977.3
TECHM26JUNFUT,0.05,0.005,1.5,0.5,0.5,1.0,0.4,13.0672,8.76,88164.04,86386.8,17277.36,3,4,69451.08
TECHM26JUNFUT,0.05,0.005,1.5,0.5,0.5,1.0,0.5,13.6273,8.8075,76204.41,75069.97,15013.99,3,4,62686.48
TECHM26JUNFUT,0.05,0.005,1.5,0.5,0.5,1.0,0.6,10.7271,8.2825,71298.68,65367.67,13073.53,3,4,59995.91
TECHM26JUNFUT,0.05,0.005,1.5,0.5,0.5,1.5,0.4,4.2108,8.1975,173230.47,133984.6,26796.92,3,4,52393.32
TECHM26JUNFUT,0.05,0.005,1.5,0.5,0.5,1.5,0.5,4.1838,8.6325,169089.59,126753.81,25350.76,3,4,64132.33
TECHM26JUNFUT,0.05,0.005,1.5,0.5,0.5,1.5,0.6,4.9065,8.33,166329.92,126917.28,25383.46,3,4,62136.56
TECHM26JUNFUT,0.05,0.005,1.5,0.5,0.5,2.0,0.4,-6.6997,7.17,-111434.35,-164163.74,-32832.75,2,4,65755.26
TECHM26JUNFUT,0.05,0.005,1.5,0.5,0.5,2.0,0.5,-6.3381,7.31,-103314.44,-151270.31,-30254.06,2,4,67938.81
TECHM26JUNFUT,0.05,0.005,1.5,0.5,0.5,2.0,0.6,-6.123,7.225,-114929.56,-166574.13,-33314.83,2,4,66975.26
TECHM26JUNFUT,0.05,0.005,1.5,0.5,1.0,1.0,0.4,13.0749,8.7825,88932.05,87154.82,17430.96,3,4,69501.58
TECHM26JUNFUT,0.05,0.005,1.5,0.5,1.0,1.0,0.5,13.6503,8.83,76972.42,75837.98,15167.6,3,4,62732.12
TECHM26JUNFUT,0.05,0.005,1.5,0.5,1.0,1.0,0.6,10.7273,8.2825,71304.67,65373.66,13074.73,3,4,59996.4
TECHM26JUNFUT,0.05,0.005,1.5,0.5,1.0,1.5,0.4,4.1208,8.1725,171560.56,132089.5,26417.9,3,4,52268.5
TECHM26JUNFUT,0.05,0.005,1.5,0.5,1.0,1.5,0.5,4.1272,8.595,167431.69,125032.66,25006.53,3,4,63938.01
TECHM26JUNFUT,0.05,0.005,1.5,0.5,1.0,1.5,0.6,4.8385,8.3075,164618.02,125211.38,25042.28,3,4,62024.21
TECHM26JUNFUT,0.05,0.005,1.5,0.5,1.0,2.0,0.4,-5.7281,7.1625,-107812.93,-160536.32,-32107.26,2,4,65834.74
TECHM26JUNFUT,0.05,0.005,1.5,0.5,1.0,2.0,0.5,-5.2707,7.305,-98510.87,-146466.74,-29293.35,2,4,68349.34
TECHM26JUNFUT,0.05,0.005,1.5,0.5,1.0,2.0,0.6,-6.1231,7.225,-114539.67,-166184.25,-33236.85,2,4,66838.63
TCS26JUNFUT,0.1,0.001,2.0,0.2,0.3,1.0,0.4,-10.6775,1.21,-192477.27,-189730.63,-37946.13,2,4,52781.43
TCS26JUNFUT,0.1,0.001,2.0,0.2,0.3,1.0,0.5,-9.6097,1.5625,-156048.69,-151342.24,-30268.45,2,4,55003.1
TCS26JUNFUT,0.1,0.001,2.0,0.2,0.3,1.0,0.6,-9.4881,1.14,-188190.5,-183104.94,-36620.99,2,4,61572.37
TCS26JUNFUT,0.1,0.001,2.0,0.2,0.3,1.5,0.4,-8.8687,2.855,-167451.73,-172562.37,-34512.47,1,4,107185.07
TCS26JUNFUT,0.1,0.001,2.0,0.2,0.3,1.5,0.5,-9.0534,2.51,-197256.68,-201861.09,-40372.22,1,4,110479.04
TCS26JUNFUT,0.1,0.001,2.0,0.2,0.3,1.5,0.6,-8.8914,2.5975,-195849.93,-200782.41,-40156.48,1,4,108337.76
TCS26JUNFUT,0.1,0.001,2.0,0.2,0.3,2.0,0.4,-10.0795,3.055,-221930.87,-236674.41,-47334.88,1,4,104125.84
TCS26JUNFUT,0.1,0.001,2.0,0.2,0.3,2.0,0.5,-10.0428,2.9375,-226899.96,-240976.81,-48195.36,1,4,106443.45
TCS26JUNFUT,0.1,0.001,2.0,0.2,0.3,2.0,0.6,-10.1473,2.8775,-230177.96,-244452.24,-48890.45,1,4,107446.52
TCS26JUNFUT,0.1,0.001,2.0,0.2,0.5,1.0,0.4,-10.6507,1.38,-181299.94,-178555.55,-35711.11,2,4,51320.57
TCS26JUNFUT,0.1,0.001,2.0,0.2,0.5,1.0,0.5,-9.6103,1.5575,-155974.33,-151270.13,-30254.03,2,4,54988.32
TCS26JUNFUT,0.1,0.001,2.0,0.2,0.5,1.0,0.6,-9.4882,1.14,-188409.04,-183323.49,-36664.7,2,4,61625.58
TCS26JUNFUT,0.1,0.001,2.0,0.2,0.5,1.5,0.4,-8.8601,2.865,-166630.47,-171741.11,-34348.22,1,4,107471.31
TCS26JUNFUT,0.1,0.001,2.0,0.2,0.5,1.5,0.5,-9.0534,2.51,-196786.09,-201390.5,-40278.1,1,4,110373.55
TCS26JUNFUT,0.1,0.001,2.0,0.2,0.5,1.5,0.6,-8.8914,2.5925,-196257.43,-201189.91,-40237.98,1,4,108422.98
TCS26JUNFUT,0.1,0.001,2.0,0.2,0.5,2.0,0.4,-10.0857,3.0825,-220415.27,-235156.56,-47031.31,1,4,103592.2
TCS26JUNFUT,0.1,0.001,2.0,0.2,0.5,2.0,0.5,-10.0429,2.96,-225224.59,-239299.19,-47859.84,1,4,106107.55
TCS26JUNFUT,0.1,0.001,2.0,0.2,0.5,2.0,0.6,-10.1475,2.8975,-228498.09,-242772.37,-48554.47,1,4,107106.4
TCS26JUNFUT,0.1,0.001,2.0,0.2,1.0,1.0,0.4,-10.432,1.42,-178703.34,-174890.51,-34978.1,2,4,51088.48
TCS26JUNFUT,0.1,0.001,2.0,0.2,1.0,1.0,0.5,-9.6109,1.5575,-155974.34,-151272.39,-30254.48,2,4,54986.68
TCS26JUNFUT,0.1,0.001,2.0,0.2,1.0,1.0,0.6,-9.4882,1.14,-188413.55,-183327.99,-36665.6,2,4,61626.68
TCS26JUNFUT,0.1,0.001,2.0,0.2,1.0,1.5,0.4,-8.8748,2.8075,-173521.25,-178634.14,-35726.83,1,4,108561.72
TCS26JUNFUT,0.1,0.001,2.0,0.2,1.0,1.5,0.5,-9.0314,2.48,-201677.09,-206283.75,-41256.75,1,4,111274.14
TCS26JUNFUT,0.1,0.001,2.0,0.2,1.0,1.5,0.6,-8.8914,2.5925,-196252.94,-201185.42,-40237.08,1,4,108419.55
TCS26JUNFUT,0.1,0.001,2.0,0.2,1.0,2.0,0.4,-10.0789,3.07,-220556.85,-235295.9,-47059.18,1,4,103647.57
TCS26JUNFUT,0.1,0.001,2.0,0.2,1.0,2.0,0.5,-9.9882,2.9625,-221511.76,-235584.11,-47116.82,1,4,107446.03
TCS26JUNFUT,0.1,0.001,2.0,0.2,1.0,2.0,0.6,-10.1607,2.9025,-227309.88,-241584.16,-48316.83,1,4,106859.73
TCS26JUNFUT,0.1,0.001,2.0,0.3,0.3,1.0,0.4,-10.6775,1.21,-192477.27,-189730.63,-37946.13,2,4,52781.43
TCS26JUNFUT,0.1,0.001,2.0,0.3,0.3,1.0,0.5,-9.6097,1.5625,-156048.69,-151342.24,-30268.45,2,4,55003.1
TCS26JUNFUT,0.1,0.001,2.0,0.3,0.3,1.0,0.6,-9.4881,1.14,-188190.5,-183104.94,-36620.99,2,4,61572.37
TCS26JUNFUT,0.1,0.001,2.0,0.3,0.3,1.5,0.4,-8.8687,2.855,-167451.73,-172562.37,-34512.47,1,4,107185.07
TCS26JUNFUT,0.1,0.001,2.0,0.3,0.3,1.5,0.5,-9.0534,2.51,-197256.68,-201861.09,-40372.22,1,4,110479.04
TCS26JUNFUT,0.1,0.001,2.0,0.3,0.3,1.5,0.6,-8.8914,2.5975,-195849.93,-200782.41,-40156.48,1,4,108337.76
TCS26JUNFUT,0.1,0.001,2.0,0.3,0.3,2.0,0.4,-10.0795,3.055,-221930.87,-236674.41,-47334.88,1,4,104125.84
TCS26JUNFUT,0.1,0.001,2.0,0.3,0.3,2.0,0.5,-10.0428,2.9375,-226899.96,-240976.81,-48195.36,1,4,106443.45
TCS26JUNFUT,0.1,0.001,2.0,0.3,0.3,2.0,0.6,-10.1473,2.8775,-230177.96,-244452.24,-48890.45,1,4,107446.52
TCS26JUNFUT,0.1,0.001,2.0,0.3,0.5,1.0,0.4,-10.6507,1.38,-181299.94,-178555.55,-35711.11,2,4,51320.57
TCS26JUNFUT,0.1,0.001,2.0,0.3,0.5,1.0,0.5,-9.6103,1.5575,-155974.33,-151270.13,-30254.03,2,4,54988.32
TCS26JUNFUT,0.1,0.001,2.0,0.3,0.5,1.0,0.6,-9.4882,1.14,-188409.04,-183323.49,-36664.7,2,4,61625.58
TCS26JUNFUT,0.1,0.001,2.0,0.3,0.5,1.5,0.4,-8.8601,2.865,-166630.47,-171741.11,-34348.22,1,4,107471.31
TCS26JUNFUT,0.1,0.001,2.0,0.3,0.5,1.5,0.5,-9.0534,2.51,-196786.09,-201390.5,-40278.1,1,4,110373.55
TCS26JUNFUT,0.1,0.001,2.0,0.3,0.5,1.5,0.6,-8.8914,2.5925,-196257.43,-201189.91,-40237.98,1,4,108422.98
TCS26JUNFUT,0.1,0.001,2.0,0.3,0.5,2.0,0.4,-10.0857,3.0825,-220415.27,-235156.56,-47031.31,1,4,103592.2
TCS26JUNFUT,0.1,0.001,2.0,0.3,0.5,2.0,0.5,-10.0429,2.96,-225224.59,-239299.19,-47859.84,1,4,106107.55
TCS26JUNFUT,0.1,0.001,2.0,0.3,0.5,2.0,0.6,-10.1475,2.8975,-228498.09,-242772.37,-48554.47,1,4,107106.4
TCS26JUNFUT,0.1,0.001,2.0,0.3,1.0,1.0,0.4,-10.432,1.42,-178701.09,-174888.26,-34977.65,2,4,51088.13
TCS26JUNFUT,0.1,0.001,2.0,0.3,1.0,1.0,0.5,-9.6109,1.5575,-155974.34,-151272.39,-30254.48,2,4,54986.68
TCS26JUNFUT,0.1,0.001,2.0,0.3,1.0,1.0,0.6,-9.4882,1.14,-188413.55,-183327.99,-36665.6,2,4,61626.68
TCS26JUNFUT,0.1,0.001,2.0,0.3,1.0,1.5,0.4,-8.8748,2.8075,-173521.25,-178634.14,-35726.83,1,4,108561.72
TCS26JUNFUT,0.1,0.001,2.0,0.3,1.0,1.5,0.5,-9.0314,2.48,-201677.09,-206283.75,-41256.75,1,4,111274.14
TCS26JUNFUT,0.1,0.001,2.0,0.3,1.0,1.5,0.6,-8.8914,2.5925,-196252.94,-201185.42,-40237.08,1,4,108419.55
TCS26JUNFUT,0.1,0.001,2.0,0.3,1.0,2.0,0.4,-10.0789,3.07,-220556.85,-235295.9,-47059.18,1,4,103647.57
TCS26JUNFUT,0.1,0.001,2.0,0.3,1.0,2.0,0.5,-9.9882,2.9625,-221511.76,-235584.11,-47116.82,1,4,107446.03
TCS26JUNFUT,0.1,0.001,2.0,0.3,1.0,2.0,0.6,-10.1607,2.9025,-227309.88,-241584.16,-48316.83,1,4,106859.73
TCS26JUNFUT,0.1,0.001,2.0,0.5,0.3,1.0,0.4,-10.6775,1.21,-192477.27,-189730.63,-37946.13,2,4,52781.43
TCS26JUNFUT,0.1,0.001,2.0,0.5,0.3,1.0,0.5,-9.6097,1.5625,-156048.69,-151342.24,-30268.45,2,4,55003.1
TCS26JUNFUT,0.1,0.001,2.0,0.5,0.3,1.0,0.6,-9.4881,1.14,-188190.5,-183104.94,-36620.99,2,4,61572.37
TCS26JUNFUT,0.1,0.001,2.0,0.5,0.3,1.5,0.4,-8.8687,2.855,-167451.73,-172562.37,-34512.47,1,4,107185.07
TCS26JUNFUT,0.1,0.001,2.0,0.5,0.3,1.5,0.5,-9.0534,2.51,-197256.68,-201861.09,-40372.22,1,4,110479.04
TCS26JUNFUT,0.1,0.001,2.0,0.5,0.3,1.5,0.6,-8.8914,2.5975,-195849.93,-200782.41,-40156.48,1,4,108337.76
TCS26JUNFUT,0.1,0.001,2.0,0.5,0.3,2.0,0.4,-10.0795,3.055,-221930.87,-236674.41,-47334.88,1,4,104125.84
TCS26JUNFUT,0.1,0.001,2.0,0.5,0.3,2.0,0.5,-10.0428,2.9375,-226899.96,-240976.81,-48195.36,1,4,106443.45
TCS26JUNFUT,0.1,0.001,2.0,0.5,0.3,2.0,0.6,-10.1473,2.8775,-230177.96,-244452.24,-48890.45,1,4,107446.52
TCS26JUNFUT,0.1,0.001,2.0,0.5,0.5,1.0,0.4,-10.6507,1.38,-181299.94,-178555.55,-35711.11,2,4,51320.57
TCS26JUNFUT,0.1,0.001,2.0,0.5,0.5,1.0,0.5,-9.6103,1.5575,-155974.33,-151270.13,-30254.03,2,4,54988.32
TCS26JUNFUT,0.1,0.001,2.0,0.5,0.5,1.0,0.6,-9.4882,1.14,-188409.04,-183323.49,-36664.7,2,4,61625.58
TCS26JUNFUT,0.1,0.001,2.0,0.5,0.5,1.5,0.4,-8.8601,2.865,-166630.47,-171741.11,-34348.22,1,4,107471.31
TCS26JUNFUT,0.1,0.001,2.0,0.5,0.5,1.5,0.5,-9.0534,2.51,-196786.09,-201390.5,-40278.1,1,4,110373.55
TCS26JUNFUT,0.1,0.001,2.0,0.5,0.5,1.5,0.6,-8.8914,2.5925,-196257.43,-201189.91,-40237.98,1,4,108422.98
TCS26JUNFUT,0.1,0.001,2.0,0.5,0.5,2.0,0.4,-10.0857,3.0825,-220413.02,-235154.31,-47030.86,1,4,103592.95
TCS26JUNFUT,0.1,0.001,2.0,0.5,0.5,2.0,0.5,-10.0429,2.96,-225224.59,-239299.19,-47859.84,1,4,106107.55
TCS26JUNFUT,0.1,0.001,2.0,0.5,0.5,2.0,0.6,-10.1475,2.8975,-228498.09,-242772.37,-48554.47,1,4,107106.4
TCS26JUNFUT,0.1,0.001,2.0,0.5,1.0,1.0,0.4,-10.432,1.42,-178701.09,-174888.26,-34977.65,2,4,51088.13
TCS26JUNFUT,0.1,0.001,2.0,0.5,1.0,1.0,0.5,-9.6109,1.5575,-155974.34,-151272.39,-30254.48,2,4,54986.68
TCS26JUNFUT,0.1,0.001,2.0,0.5,1.0,1.0,0.6,-9.4882,1.14,-188413.55,-183327.99,-36665.6,2,4,61626.68
TCS26JUNFUT,0.1,0.001,2.0,0.5,1.0,1.5,0.4,-8.8748,2.8075,-173521.25,-178634.14,-35726.83,1,4,108561.72
TCS26JUNFUT,0.1,0.001,2.0,0.5,1.0,1.5,0.5,-9.0314,2.48,-201677.09,-206283.75,-41256.75,1,4,111274.14
TCS26JUNFUT,0.1,0.001,2.0,0.5,1.0,1.5,0.6,-8.8914,2.5925,-196252.94,-201185.42,-40237.08,1,4,108419.55
TCS26JUNFUT,0.1,0.001,2.0,0.5,1.0,2.0,0.4,-10.0789,3.07,-220556.85,-235295.9,-47059.18,1,4,103647.57
TCS26JUNFUT,0.1,0.001,2.0,0.5,1.0,2.0,0.5,-9.9882,2.9625,-221511.76,-235584.11,-47116.82,1,4,107446.03
TCS26JUNFUT,0.1,0.001,2.0,0.5,1.0,2.0,0.6,-10.1607,2.9025,-227309.88,-241584.16,-48316.83,1,4,106859.73
TITAN26JUNFUT,0.1,0.001,2.0,0.2,0.3,1.0,0.4,-20.2547,6.495,-65836.24,-142334.86,-28466.97,1,4,30289.03
TITAN26JUNFUT,0.1,0.001,2.0,0.2,0.3,1.0,0.5,-18.9684,6.51,-62043.0,-138374.89,-27674.98,1,4,30326.47
TITAN26JUNFUT,0.1,0.001,2.0,0.2,0.3,1.0,0.6,-18.8556,6.4875,-59841.54,-135872.79,-27174.56,1,4,31620.15
TITAN26JUNFUT,0.1,0.001,2.0,0.2,0.3,1.5,0.4,-46.5534,5.3225,-121817.69,-198966.12,-39793.22,1,4,32138.03
TITAN26JUNFUT,0.1,0.001,2.0,0.2,0.3,1.5,0.5,-46.4028,5.295,-120312.64,-197461.07,-39492.21,1,4,32661.08
TITAN26JUNFUT,0.1,0.001,2.0,0.2,0.3,1.5,0.6,-52.7436,5.14,-126165.15,-201009.56,-40201.91,1,4,32415.4
TITAN26JUNFUT,0.1,0.001,2.0,0.2,0.3,2.0,0.4,-39.3394,5.4425,-118407.12,-186565.27,-37313.05,1,4,30867.28
TITAN26JUNFUT,0.1,0.001,2.0,0.2,0.3,2.0,0.5,-39.3394,5.4425,-118407.12,-186565.27,-37313.05,1,4,30867.28
TITAN26JUNFUT,0.1,0.001,2.0,0.2,0.3,2.0,0.6,-39.3899,5.4525,-118026.5,-186182.89,-37236.58,1,4,30804.8
TITAN26JUNFUT,0.1,0.001,2.0,0.2,0.5,1.0,0.4,-20.2561,6.495,-65846.75,-142343.62,-28468.72,1,4,30287.17
TITAN26JUNFUT,0.1,0.001,2.0,0.2,0.5,1.0,0.5,-18.8175,6.485,-59675.52,-136005.67,-27201.13,1,4,31054.23
TITAN26JUNFUT,0.1,0.001,2.0,0.2,0.5,1.0,0.6,-18.8557,6.4875,-59843.29,-135874.54,-27174.91,1,4,31619.59
TITAN26JUNFUT,0.1,0.001,2.0,0.2,0.5,1.5,0.4,-46.5505,5.3225,-121814.19,-198962.62,-39792.52,1,4,32137.97
TITAN26JUNFUT,0.1,0.001,2.0,0.2,0.5,1.5,0.5,-46.4028,5.295,-120312.64,-197461.07,-39492.21,1,4,32661.08
TITAN26JUNFUT,0.1,0.001,2.0,0.2,0.5,1.5,0.6,-52.7436,5.14,-126165.15,-201009.56,-40201.91,1,4,32415.4
TITAN26JUNFUT,0.1,0.001,2.0,0.2,0.5,2.0,0.4,-39.3394,5.4425,-118407.12,-186565.27,-37313.05,1,4,30867.28
TITAN26JUNFUT,0.1,0.001,2.0,0.2,0.5,2.0,0.5,-39.3394,5.4425,-118407.12,-186565.27,-37313.05,1,4,30867.28
TITAN26JUNFUT,0.1,0.001,2.0,0.2,0.5,2.0,0.6,-39.3899,5.4525,-118026.5,-186182.89,-37236.58,1,4,30804.8
TITAN26JUNFUT,0.1,0.001,2.0,0.2,1.0,1.0,0.4,-20.2549,6.495,-65846.75,-142345.37,-28469.07,1,4,30287.67
TITAN26JUNFUT,0.1,0.001,2.0,0.2,1.0,1.0,0.5,-18.8178,6.485,-59677.27,-136005.67,-27201.13,1,4,31053.62
TITAN26JUNFUT,0.1,0.001,2.0,0.2,1.0,1.0,0.6,-18.8557,6.4875,-59843.29,-135874.54,-27174.91,1,4,31619.59
TITAN26JUNFUT,0.1,0.001,2.0,0.2,1.0,1.5,0.4,-46.5505,5.3225,-121814.19,-198962.62,-39792.52,1,4,32137.97
TITAN26JUNFUT,0.1,0.001,2.0,0.2,1.0,1.5,0.5,-46.4028,5.295,-120312.64,-197461.07,-39492.21,1,4,32661.08
TITAN26JUNFUT,0.1,0.001,2.0,0.2,1.0,1.5,0.6,-52.7436,5.14,-126168.65,-201013.06,-40202.61,1,4,32415.25
TITAN26JUNFUT,0.1,0.001,2.0,0.2,1.0,2.0,0.4,-39.3379,5.4425,-118407.12,-186567.02,-37313.4,1,4,30867.63
TITAN26JUNFUT,0.1,0.001,2.0,0.2,1.0,2.0,0.5,-39.3379,5.4425,-118407.12,-186567.02,-37313.4,1,4,30867.63
TITAN26JUNFUT,0.1,0.001,2.0,0.2,1.0,2.0,0.6,-39.3899,5.4525,-118026.5,-186182.89,-37236.58,1,4,30804.8
TITAN26JUNFUT,0.1,0.001,2.0,0.3,0.3,1.0,0.4,-20.2547,6.495,-65836.24,-142334.86,-28466.97,1,4,30289.03
TITAN26JUNFUT,0.1,0.001,2.0,0.3,0.3,1.0,0.5,-18.9684,6.51,-62043.0,-138374.89,-27674.98,1,4,30326.47
TITAN26JUNFUT,0.1,0.001,2.0,0.3,0.3,1.0,0.6,-18.8556,6.4875,-59841.54,-135872.79,-27174.56,1,4,31620.15
TITAN26JUNFUT,0.1,0.001,2.0,0.3,0.3,1.5,0.4,-46.5534,5.3225,-121817.69,-198966.12,-39793.22,1,4,32138.03
TITAN26JUNFUT,0.1,0.001,2.0,0.3,0.3,1.5,0.5,-46.4028,5.295,-120312.64,-197461.07,-39492.21,1,4,32661.08
TITAN26JUNFUT,0.1,0.001,2.0,0.3,0.3,1.5,0.6,-52.7436,5.14,-126165.15,-201009.56,-40201.91,1,4,32415.4
TITAN26JUNFUT,0.1,0.001,2.0,0.3,0.3,2.0,0.4,-39.3394,5.4425,-118407.12,-186565.27,-37313.05,1,4,30867.28
TITAN26JUNFUT,0.1,0.001,2.0,0.3,0.3,2.0,0.5,-39.3394,5.4425,-118407.12,-186565.27,-37313.05,1,4,30867.28
TITAN26JUNFUT,0.1,0.001,2.0,0.3,0.3,2.0,0.6,-39.3899,5.4525,-118026.5,-186182.89,-37236.58,1,4,30804.8
TITAN26JUNFUT,0.1,0.001,2.0,0.3,0.5,1.0,0.4,-20.2561,6.495,-65846.75,-142343.62,-28468.72,1,4,30287.17
TITAN26JUNFUT,0.1,0.001,2.0,0.3,0.5,1.0,0.5,-18.8175,6.485,-59675.52,-136005.67,-27201.13,1,4,31054.23
TITAN26JUNFUT,0.1,0.001,2.0,0.3,0.5,1.0,0.6,-18.8557,6.4875,-59843.29,-135874.54,-27174.91,1,4,31619.59
TITAN26JUNFUT,0.1,0.001,2.0,0.3,0.5,1.5,0.4,-46.5505,5.3225,-121814.19,-198962.62,-39792.52,1,4,32137.97
TITAN26JUNFUT,0.1,0.001,2.0,0.3,0.5,1.5,0.5,-46.4028,5.295,-120312.64,-197461.07,-39492.21,1,4,32661.08
TITAN26JUNFUT,0.1,0.001,2.0,0.3,0.5,1.5,0.6,-52.7436,5.14,-126165.15,-201009.56,-40201.91,1,4,32415.4
TITAN26JUNFUT,0.1,0.001,2.0,0.3,0.5,2.0,0.4,-39.3394,5.4425,-118407.12,-186565.27,-37313.05,1,4,30867.28
TITAN26JUNFUT,0.1,0.001,2.0,0.3,0.5,2.0,0.5,-39.3394,5.4425,-118407.12,-186565.27,-37313.05,1,4,30867.28
TITAN26JUNFUT,0.1,0.001,2.0,0.3,0.5,2.0,0.6,-39.3899,5.4525,-118026.5,-186182.89,-37236.58,1,4,30804.8
TITAN26JUNFUT,0.1,0.001,2.0,0.3,1.0,1.0,0.4,-20.2549,6.495,-65846.75,-142345.37,-28469.07,1,4,30287.67
TITAN26JUNFUT,0.1,0.001,2.0,0.3,1.0,1.0,0.5,-18.8178,6.485,-59677.27,-136005.67,-27201.13,1,4,31053.62
TITAN26JUNFUT,0.1,0.001,2.0,0.3,1.0,1.0,0.6,-18.8557,6.4875,-59843.29,-135874.54,-27174.91,1,4,31619.59
TITAN26JUNFUT,0.1,0.001,2.0,0.3,1.0,1.5,0.4,-46.5505,5.3225,-121814.19,-198962.62,-39792.52,1,4,32137.97
TITAN26JUNFUT,0.1,0.001,2.0,0.3,1.0,1.5,0.5,-46.4028,5.295,-120312.64,-197461.07,-39492.21,1,4,32661.08
TITAN26JUNFUT,0.1,0.001,2.0,0.3,1.0,1.5,0.6,-52.7436,5.14,-126168.65,-201013.06,-40202.61,1,4,32415.25
TITAN26JUNFUT,0.1,0.001,2.0,0.3,1.0,2.0,0.4,-39.3379,5.4425,-118407.12,-186567.02,-37313.4,1,4,30867.63
TITAN26JUNFUT,0.1,0.001,2.0,0.3,1.0,2.0,0.5,-39.3379,5.4425,-118407.12,-186567.02,-37313.4,1,4,30867.63
TITAN26JUNFUT,0.1,0.001,2.0,0.3,1.0,2.0,0.6,-39.3899,5.4525,-118026.5,-186182.89,-37236.58,1,4,30804.8
TITAN26JUNFUT,0.1,0.001,2.0,0.5,0.3,1.0,0.4,-20.2547,6.495,-65836.24,-142334.86,-28466.97,1,4,30289.03
TITAN26JUNFUT,0.1,0.001,2.0,0.5,0.3,1.0,0.5,-18.9684,6.51,-62043.0,-138374.89,-27674.98,1,4,30326.47
TITAN26JUNFUT,0.1,0.001,2.0,0.5,0.3,1.0,0.6,-18.8556,6.4875,-59841.54,-135872.79,-27174.56,1,4,31620.15
TITAN26JUNFUT,0.1,0.001,2.0,0.5,0.3,1.5,0.4,-46.5534,5.3225,-121817.69,-198966.12,-39793.22,1,4,32138.03
TITAN26JUNFUT,0.1,0.001,2.0,0.5,0.3,1.5,0.5,-46.4028,5.295,-120312.64,-197461.07,-39492.21,1,4,32661.08
TITAN26JUNFUT,0.1,0.001,2.0,0.5,0.3,1.5,0.6,-52.7436,5.14,-126165.15,-201009.56,-40201.91,1,4,32415.4
TITAN26JUNFUT,0.1,0.001,2.0,0.5,0.3,2.0,0.4,-39.3394,5.4425,-118407.12,-186565.27,-37313.05,1,4,30867.28
TITAN26JUNFUT,0.1,0.001,2.0,0.5,0.3,2.0,0.5,-39.3394,5.4425,-118407.12,-186565.27,-37313.05,1,4,30867.28
TITAN26JUNFUT,0.1,0.001,2.0,0.5,0.3,2.0,0.6,-39.3899,5.4525,-118026.5,-186182.89,-37236.58,1,4,30804.8
TITAN26JUNFUT,0.1,0.001,2.0,0.5,0.5,1.0,0.4,-20.2561,6.495,-65846.75,-142343.62,-28468.72,1,4,30287.17
TITAN26JUNFUT,0.1,0.001,2.0,0.5,0.5,1.0,0.5,-18.8175,6.485,-59675.52,-136005.67,-27201.13,1,4,31054.23
TITAN26JUNFUT,0.1,0.001,2.0,0.5,0.5,1.0,0.6,-18.8557,6.4875,-59843.29,-135874.54,-27174.91,1,4,31619.59
TITAN26JUNFUT,0.1,0.001,2.0,0.5,0.5,1.5,0.4,-46.5505,5.3225,-121814.19,-198962.62,-39792.52,1,4,32137.97
TITAN26JUNFUT,0.1,0.001,2.0,0.5,0.5,1.5,0.5,-46.4028,5.295,-120312.64,-197461.07,-39492.21,1,4,32661.08
TITAN26JUNFUT,0.1,0.001,2.0,0.5,0.5,1.5,0.6,-52.7436,5.14,-126165.15,-201009.56,-40201.91,1,4,32415.4
TITAN26JUNFUT,0.1,0.001,2.0,0.5,0.5,2.0,0.4,-39.3394,5.4425,-118407.12,-186565.27,-37313.05,1,4,30867.28
TITAN26JUNFUT,0.1,0.001,2.0,0.5,0.5,2.0,0.5,-39.3394,5.4425,-118407.12,-186565.27,-37313.05,1,4,30867.28
TITAN26JUNFUT,0.1,0.001,2.0,0.5,0.5,2.0,0.6,-39.3899,5.4525,-118026.5,-186182.89,-37236.58,1,4,30804.8
TITAN26JUNFUT,0.1,0.001,2.0,0.5,1.0,1.0,0.4,-20.2549,6.495,-65846.75,-142345.37,-28469.07,1,4,30287.67
TITAN26JUNFUT,0.1,0.001,2.0,0.5,1.0,1.0,0.5,-18.8178,6.485,-59677.27,-136005.67,-27201.13,1,4,31053.62
TITAN26JUNFUT,0.1,0.001,2.0,0.5,1.0,1.0,0.6,-18.8557,6.4875,-59843.29,-135874.54,-27174.91,1,4,31619.59
TITAN26JUNFUT,0.1,0.001,2.0,0.5,1.0,1.5,0.4,-46.5505,5.3225,-121814.19,-198962.62,-39792.52,1,4,32137.97
TITAN26JUNFUT,0.1,0.001,2.0,0.5,1.0,1.5,0.5,-46.4028,5.295,-120312.64,-197461.07,-39492.21,1,4,32661.08
TITAN26JUNFUT,0.1,0.001,2.0,0.5,1.0,1.5,0.6,-52.7436,5.14,-126168.65,-201013.06,-40202.61,1,4,32415.25
TITAN26JUNFUT,0.1,0.001,2.0,0.5,1.0,2.0,0.4,-39.3379,5.4425,-118407.12,-186567.02,-37313.4,1,4,30867.63
TITAN26JUNFUT,0.1,0.001,2.0,0.5,1.0,2.0,0.5,-39.3379,5.4425,-118407.12,-186567.02,-37313.4,1,4,30867.63
TITAN26JUNFUT,0.1,0.001,2.0,0.5,1.0,2.0,0.6,-39.3899,5.4525,-118026.5,-186182.89,-37236.58,1,4,30804.8
TVSMOTOR26JUNFUT,0.1,0.001,2.0,0.2,0.3,1.0,0.4,-11.4365,4.6175,-96672.52,-98589.39,-19717.88,1,4,41258.28
TVSMOTOR26JUNFUT,0.1,0.001,2.0,0.2,0.3,1.0,0.5,-11.3235,4.68,-87572.6,-89489.47,-17897.89,1,4,40401.94
TVSMOTOR26JUNFUT,0.1,0.001,2.0,0.2,0.3,1.0,0.6,-11.7576,4.645,-91996.84,-94873.97,-18974.79,1,4,40752.48
TVSMOTOR26JUNFUT,0.1,0.001,2.0,0.2,0.3,1.5,0.4,-6.6916,3.69,-115704.76,-102065.76,-20413.15,2,4,49445.54
TVSMOTOR26JUNFUT,0.1,0.001,2.0,0.2,0.3,1.5,0.5,-6.6013,3.645,-116735.63,-103096.64,-20619.33,2,4,49822.53
TVSMOTOR26JUNFUT,0.1,0.001,2.0,0.2,0.3,1.5,0.6,-5.8332,3.675,-114799.54,-97108.47,-19421.69,2,4,51826.59
TVSMOTOR26JUNFUT,0.1,0.001,2.0,0.2,0.3,2.0,0.4,-8.0761,3.735,-123617.42,-115255.0,-23051.0,2,4,49995.08
TVSMOTOR26JUNFUT,0.1,0.001,2.0,0.2,0.3,2.0,0.5,-8.0763,3.7325,-123615.67,-115253.26,-23050.65,2,4,49993.7
TVSMOTOR26JUNFUT,0.1,0.001,2.0,0.2,0.3,2.0,0.6,-8.0748,3.7325,-123603.43,-115234.01,-23046.8,2,4,49991.77
TVSMOTOR26JUNFUT,0.1,0.001,2.0,0.2,0.5,1.0,0.4,-11.4372,4.6175,-96674.28,-98592.89,-19718.58,1,4,41258.51
TVSMOTOR26JUNFUT,0.1,0.001,2.0,0.2,0.5,1.0,0.5,-11.3242,4.68,-87570.86,-89489.47,-17897.89,1,4,40401.61
TVSMOTOR26JUNFUT,0.1,0.001,2.0,0.2,0.5,1.0,0.6,-11.7569,4.645,-91995.1,-94870.47,-18974.09,1,4,40754.16
TVSMOTOR26JUNFUT,0.1,0.001,2.0,0.2,0.5,1.5,0.4,-6.6918,3.69,-115708.26,-102069.27,-20413.85,2,4,49445.65
TVSMOTOR26JUNFUT,0.1,0.001,2.0,0.2,0.5,1.5,0.5,-6.6014,3.645,-116739.13,-103100.14,-20620.03,2,4,49822.04
TVSMOTOR26JUNFUT,0.1,0.001,2.0,0.2,0.5,1.5,0.6,-5.8334,3.675,-114803.04,-97111.97,-19422.39,2,4,51826.11
TVSMOTOR26JUNFUT,0.1,0.001,2.0,0.2,0.5,2.0,0.4,-8.0761,3.735,-123617.42,-115255.0,-23051.0,2,4,49995.08
TVSMOTOR26JUNFUT,0.1,0.001,2.0,0.2,0.5,2.0,0.5,-8.0763,3.7325,-123615.67,-115253.26,-23050.65,2,4,49993.7
TVSMOTOR26JUNFUT,0.1,0.001,2.0,0.2,0.5,2.0,0.6,-8.0748,3.7325,-123603.43,-115234.01,-23046.8,2,4,49991.77
TVSMOTOR26JUNFUT,0.1,0.001,2.0,0.2,1.0,1.0,0.4,-11.4605,4.6175,-96677.78,-98661.15,-19732.23,1,4,41252.51
TVSMOTOR26JUNFUT,0.1,0.001,2.0,0.2,1.0,1.0,0.5,-11.3491,4.68,-87574.36,-89557.73,-17911.55,1,4,40396.08
TVSMOTOR26JUNFUT,0.1,0.001,2.0,0.2,1.0,1.0,0.6,-11.7569,4.645,-91996.85,-94872.22,-18974.44,1,4,40754.45
TVSMOTOR26JUNFUT,0.1,0.001,2.0,0.2,1.0,1.5,0.4,-6.692,3.69,-115711.76,-102072.77,-20414.55,2,4,49445.75
TVSMOTOR26JUNFUT,0.1,0.001,2.0,0.2,1.0,1.5,0.5,-6.6015,3.645,-116740.88,-103101.89,-20620.38,2,4,49821.51
TVSMOTOR26JUNFUT,0.1,0.001,2.0,0.2,1.0,1.5,0.6,-5.8334,3.675,-114803.04,-97111.97,-19422.39,2,4,51826.11
TVSMOTOR26JUNFUT,0.1,0.001,2.0,0.2,1.0,2.0,0.4,-8.0761,3.735,-123619.17,-115256.75,-23051.35,2,4,49995.48
TVSMOTOR26JUNFUT,0.1,0.001,2.0,0.2,1.0,2.0,0.5,-8.0763,3.7325,-123617.42,-115255.01,-23051.0,2,4,49994.11
TVSMOTOR26JUNFUT,0.1,0.001,2.0,0.2,1.0,2.0,0.6,-8.0748,3.7325,-123603.43,-115234.01,-23046.8,2,4,49992.73
TVSMOTOR26JUNFUT,0.1,0.001,2.0,0.3,0.3,1.0,0.4,-11.4365,4.6175,-96672.52,-98589.39,-19717.88,1,4,41258.28
TVSMOTOR26JUNFUT,0.1,0.001,2.0,0.3,0.3,1.0,0.5,-11.3235,4.68,-87572.6,-89489.47,-17897.89,1,4,40401.94
TVSMOTOR26JUNFUT,0.1,0.001,2.0,0.3,0.3,1.0,0.6,-11.7576,4.645,-91996.84,-94873.97,-18974.79,1,4,40752.48
TVSMOTOR26JUNFUT,0.1,0.001,2.0,0.3,0.3,1.5,0.4,-6.6916,3.69,-115704.76,-102065.76,-20413.15,2,4,49445.54
TVSMOTOR26JUNFUT,0.1,0.001,2.0,0.3,0.3,1.5,0.5,-6.6013,3.645,-116735.63,-103096.64,-20619.33,2,4,49822.53
TVSMOTOR26JUNFUT,0.1,0.001,2.0,0.3,0.3,1.5,0.6,-5.8332,3.675,-114799.54,-97108.47,-19421.69,2,4,51826.59
TVSMOTOR26JUNFUT,0.1,0.001,2.0,0.3,0.3,2.0,0.4,-8.0761,3.735,-123617.42,-115255.0,-23051.0,2,4,49995.08
TVSMOTOR26JUNFUT,0.1,0.001,2.0,0.3,0.3,2.0,0.5,-8.0763,3.7325,-123615.67,-115253.26,-23050.65,2,4,49993.7
TVSMOTOR26JUNFUT,0.1,0.001,2.0,0.3,0.3,2.0,0.6,-8.0748,3.7325,-123603.43,-115234.01,-23046.8,2,4,49991.77
TVSMOTOR26JUNFUT,0.1,0.001,2.0,0.3,0.5,1.0,0.4,-11.4372,4.6175,-96674.28,-98592.89,-19718.58,1,4,41258.51
TVSMOTOR26JUNFUT,0.1,0.001,2.0,0.3,0.5,1.0,0.5,-11.3242,4.68,-87570.86,-89489.47,-17897.89,1,4,40401.61
TVSMOTOR26JUNFUT,0.1,0.001,2.0,0.3,0.5,1.0,0.6,-11.7569,4.645,-91995.1,-94870.47,-18974.09,1,4,40754.16
TVSMOTOR26JUNFUT,0.1,0.001,2.0,0.3,0.5,1.5,0.4,-6.6918,3.69,-115708.26,-102069.27,-20413.85,2,4,49445.65
TVSMOTOR26JUNFUT,0.1,0.001,2.0,0.3,0.5,1.5,0.5,-6.6014,3.645,-116739.13,-103100.14,-20620.03,2,4,49822.04
TVSMOTOR26JUNFUT,0.1,0.001,2.0,0.3,0.5,1.5,0.6,-5.8334,3.675,-114803.04,-97111.97,-19422.39,2,4,51826.11
TVSMOTOR26JUNFUT,0.1,0.001,2.0,0.3,0.5,2.0,0.4,-8.0761,3.735,-123617.42,-115255.0,-23051.0,2,4,49995.08
TVSMOTOR26JUNFUT,0.1,0.001,2.0,0.3,0.5,2.0,0.5,-8.0763,3.7325,-123615.67,-115253.26,-23050.65,2,4,49993.7
TVSMOTOR26JUNFUT,0.1,0.001,2.0,0.3,0.5,2.0,0.6,-8.0748,3.7325,-123603.43,-115234.01,-23046.8,2,4,49991.77
TVSMOTOR26JUNFUT,0.1,0.001,2.0,0.3,1.0,1.0,0.4,-11.4605,4.6175,-96677.78,-98661.15,-19732.23,1,4,41252.51
TVSMOTOR26JUNFUT,0.1,0.001,2.0,0.3,1.0,1.0,0.5,-11.3491,4.68,-87574.36,-89557.73,-17911.55,1,4,40396.08
TVSMOTOR26JUNFUT,0.1,0.001,2.0,0.3,1.0,1.0,0.6,-11.7569,4.645,-91996.85,-94872.22,-18974.44,1,4,40754.45
TVSMOTOR26JUNFUT,0.1,0.001,2.0,0.3,1.0,1.5,0.4,-6.692,3.69,-115711.76,-102072.77,-20414.55,2,4,49445.75
TVSMOTOR26JUNFUT,0.1,0.001,2.0,0.3,1.0,1.5,0.5,-6.6015,3.645,-116740.88,-103101.89,-20620.38,2,4,49821.51
TVSMOTOR26JUNFUT,0.1,0.001,2.0,0.3,1.0,1.5,0.6,-5.8334,3.675,-114803.04,-97111.97,-19422.39,2,4,51826.11
TVSMOTOR26JUNFUT,0.1,0.001,2.0,0.3,1.0,2.0,0.4,-8.0761,3.735,-123619.17,-115256.75,-23051.35,2,4,49995.48
TVSMOTOR26JUNFUT,0.1,0.001,2.0,0.3,1.0,2.0,0.5,-8.0763,3.7325,-123617.42,-115255.01,-23051.0,2,4,49994.11
TVSMOTOR26JUNFUT,0.1,0.001,2.0,0.3,1.0,2.0,0.6,-8.0748,3.7325,-123603.43,-115234.01,-23046.8,2,4,49992.73
TVSMOTOR26JUNFUT,0.1,0.001,2.0,0.5,0.3,1.0,0.4,-11.4365,4.6175,-96672.52,-98589.39,-19717.88,1,4,41258.28
TVSMOTOR26JUNFUT,0.1,0.001,2.0,0.5,0.3,1.0,0.5,-11.3235,4.68,-87572.6,-89489.47,-17897.89,1,4,40401.94
TVSMOTOR26JUNFUT,0.1,0.001,2.0,0.5,0.3,1.0,0.6,-11.7576,4.645,-91996.84,-94873.97,-18974.79,1,4,40752.48
TVSMOTOR26JUNFUT,0.1,0.001,2.0,0.5,0.3,1.5,0.4,-6.6916,3.69,-115704.76,-102065.76,-20413.15,2,4,49445.54
TVSMOTOR26JUNFUT,0.1,0.001,2.0,0.5,0.3,1.5,0.5,-6.6013,3.645,-116735.63,-103096.64,-20619.33,2,4,49822.53
TVSMOTOR26JUNFUT,0.1,0.001,2.0,0.5,0.3,1.5,0.6,-5.8332,3.675,-114799.54,-97108.47,-19421.69,2,4,51826.59
TVSMOTOR26JUNFUT,0.1,0.001,2.0,0.5,0.3,2.0,0.4,-8.0761,3.735,-123617.42,-115255.0,-23051.0,2,4,49995.08
TVSMOTOR26JUNFUT,0.1,0.001,2.0,0.5,0.3,2.0,0.5,-8.0763,3.7325,-123615.67,-115253.26,-23050.65,2,4,49993.7
TVSMOTOR26JUNFUT,0.1,0.001,2.0,0.5,0.3,2.0,0.6,-8.0748,3.7325,-123603.43,-115234.01,-23046.8,2,4,49991.77
TVSMOTOR26JUNFUT,0.1,0.001,2.0,0.5,0.5,1.0,0.4,-11.4372,4.6175,-96674.28,-98592.89,-19718.58,1,4,41258.51
TVSMOTOR26JUNFUT,0.1,0.001,2.0,0.5,0.5,1.0,0.5,-11.3242,4.68,-87570.86,-89489.47,-17897.89,1,4,40401.61
TVSMOTOR26JUNFUT,0.1,0.001,2.0,0.5,0.5,1.0,0.6,-11.7569,4.645,-91995.1,-94870.47,-18974.09,1,4,40754.16
TVSMOTOR26JUNFUT,0.1,0.001,2.0,0.5,0.5,1.5,0.4,-6.6918,3.69,-115708.26,-102069.27,-20413.85,2,4,49445.65
TVSMOTOR26JUNFUT,0.1,0.001,2.0,0.5,0.5,1.5,0.5,-6.6014,3.645,-116739.13,-103100.14,-20620.03,2,4,49822.04
TVSMOTOR26JUNFUT,0.1,0.001,2.0,0.5,0.5,1.5,0.6,-5.8334,3.675,-114803.04,-97111.97,-19422.39,2,4,51826.11
TVSMOTOR26JUNFUT,0.1,0.001,2.0,0.5,0.5,2.0,0.4,-8.0761,3.735,-123617.42,-115255.0,-23051.0,2,4,49995.08
TVSMOTOR26JUNFUT,0.1,0.001,2.0,0.5,0.5,2.0,0.5,-8.0763,3.7325,-123615.67,-115253.26,-23050.65,2,4,49993.7
TVSMOTOR26JUNFUT,0.1,0.001,2.0,0.5,0.5,2.0,0.6,-8.0748,3.7325,-123603.43,-115234.01,-23046.8,2,4,49991.77
TVSMOTOR26JUNFUT,0.1,0.001,2.0,0.5,1.0,1.0,0.4,-11.4605,4.6175,-96677.78,-98661.15,-19732.23,1,4,41252.51
TVSMOTOR26JUNFUT,0.1,0.001,2.0,0.5,1.0,1.0,0.5,-11.3491,4.68,-87574.36,-89557.73,-17911.55,1,4,40396.08
TVSMOTOR26JUNFUT,0.1,0.001,2.0,0.5,1.0,1.0,0.6,-11.7569,4.645,-91996.85,-94872.22,-18974.44,1,4,40754.45
TVSMOTOR26JUNFUT,0.1,0.001,2.0,0.5,1.0,1.5,0.4,-6.692,3.69,-115711.76,-102072.77,-20414.55,2,4,49445.75
TVSMOTOR26JUNFUT,0.1,0.001,2.0,0.5,1.0,1.5,0.5,-6.6015,3.645,-116740.88,-103101.89,-20620.38,2,4,49821.51
TVSMOTOR26JUNFUT,0.1,0.001,2.0,0.5,1.0,1.5,0.6,-5.8334,3.675,-114803.04,-97111.97,-19422.39,2,4,51826.11
TVSMOTOR26JUNFUT,0.1,0.001,2.0,0.5,1.0,2.0,0.4,-8.0761,3.735,-123619.17,-115256.75,-23051.35,2,4,49995.48
TVSMOTOR26JUNFUT,0.1,0.001,2.0,0.5,1.0,2.0,0.5,-8.0763,3.7325,-123617.42,-115255.01,-23051.0,2,4,49994.11
TVSMOTOR26JUNFUT,0.1,0.001,2.0,0.5,1.0,2.0,0.6,-8.0748,3.7325,-123603.43,-115234.01,-23046.8,2,4,49992.73
TORNTPHARM26JUNFUT,0.1,0.001,2.0,0.2,0.3,1.0,0.4,-2.3549,3.5775,-83868.72,-28064.13,-5612.83,2,4,41649.18
TORNTPHARM26JUNFUT,0.1,0.001,2.0,0.2,0.3,1.0,0.5,-2.4194,3.5775,-85665.46,-29329.8,-5865.96,2,4,42243.92
TORNTPHARM26JUNFUT,0.1,0.001,2.0,0.2,0.3,1.0,0.6,-1.8493,3.72,-77320.81,-20983.9,-4196.78,2,4,40578.04
TORNTPHARM26JUNFUT,0.1,0.001,2.0,0.2,0.3,1.5,0.4,-3.8232,3.1275,-108711.59,-64558.35,-12911.67,2,4,45205.52
TORNTPHARM26JUNFUT,0.1,0.001,2.0,0.2,0.3,1.5,0.5,-3.8219,3.1275,-108711.59,-64548.35,-12909.67,2,4,45208.05
TORNTPHARM26JUNFUT,0.1,0.001,2.0,0.2,0.3,1.5,0.6,-3.8121,3.1325,-108296.91,-64133.67,-12826.73,2,4,45200.3
TORNTPHARM26JUNFUT,0.1,0.001,2.0,0.2,0.3,2.0,0.4,-4.0652,3.0575,-115810.27,-69763.89,-13952.78,2,4,44582.86
TORNTPHARM26JUNFUT,0.1,0.001,2.0,0.2,0.3,2.0,0.5,-4.0652,3.0575,-115810.27,-69763.89,-13952.78,2,4,44582.86
TORNTPHARM26JUNFUT,0.1,0.001,2.0,0.2,0.3,2.0,0.6,-4.0651,3.0575,-115809.02,-69762.64,-13952.53,2,4,44582.85
TORNTPHARM26JUNFUT,0.1,0.001,2.0,0.2,0.5,1.0,0.4,-2.4793,3.5575,-86797.59,-30993.01,-6198.6,2,4,42087.05
TORNTPHARM26JUNFUT,0.1,0.001,2.0,0.2,0.5,1.0,0.5,-2.4195,3.5775,-85666.72,-29331.05,-5866.21,2,4,42243.95
TORNTPHARM26JUNFUT,0.1,0.001,2.0,0.2,0.5,1.0,0.6,-1.8494,3.72,-77322.06,-20985.15,-4197.03,2,4,40578.32
TORNTPHARM26JUNFUT,0.1,0.001,2.0,0.2,0.5,1.5,0.4,-3.8232,3.1275,-108712.84,-64559.6,-12911.92,2,4,45205.54
TORNTPHARM26JUNFUT,0.1,0.001,2.0,0.2,0.5,1.5,0.5,-3.8219,3.1275,-108711.59,-64548.35,-12909.67,2,4,45208.05
TORNTPHARM26JUNFUT,0.1,0.001,2.0,0.2,0.5,1.5,0.6,-3.8121,3.1325,-108296.91,-64133.67,-12826.73,2,4,45200.3
TORNTPHARM26JUNFUT,0.1,0.001,2.0,0.2,0.5,2.0,0.4,-4.0652,3.0575,-115810.27,-69763.89,-13952.78,2,4,44582.86
TORNTPHARM26JUNFUT,0.1,0.001,2.0,0.2,0.5,2.0,0.5,-4.0652,3.0575,-115810.27,-69763.89,-13952.78,2,4,44582.86
TORNTPHARM26JUNFUT,0.1,0.001,2.0,0.2,0.5,2.0,0.6,-4.0651,3.0575,-115809.02,-69762.64,-13952.53,2,4,44582.85
TORNTPHARM26JUNFUT,0.1,0.001,2.0,0.2,1.0,1.0,0.4,-2.4245,3.5575,-86798.84,-30488.18,-6097.64,2,4,42236.18
TORNTPHARM26JUNFUT,0.1,0.001,2.0,0.2,1.0,1.0,0.5,-2.4195,3.5775,-85670.47,-29334.81,-5866.96,2,4,42243.9
TORNTPHARM26JUNFUT,0.1,0.001,2.0,0.2,1.0,1.0,0.6,-1.8494,3.72,-77322.06,-20985.15,-4197.03,2,4,40578.21
TORNTPHARM26JUNFUT,0.1,0.001,2.0,0.2,1.0,1.5,0.4,-3.8232,3.1275,-108712.84,-64559.6,-12911.92,2,4,45205.54
TORNTPHARM26JUNFUT,0.1,0.001,2.0,0.2,1.0,1.5,0.5,-3.8219,3.1275,-108711.59,-64548.35,-12909.67,2,4,45208.05
TORNTPHARM26JUNFUT,0.1,0.001,2.0,0.2,1.0,1.5,0.6,-3.8121,3.1325,-108296.91,-64133.67,-12826.73,2,4,45200.3
TORNTPHARM26JUNFUT,0.1,0.001,2.0,0.2,1.0,2.0,0.4,-4.0652,3.0575,-115810.27,-69763.89,-13952.78,2,4,44582.86
TORNTPHARM26JUNFUT,0.1,0.001,2.0,0.2,1.0,2.0,0.5,-4.0652,3.0575,-115810.27,-69763.89,-13952.78,2,4,44582.86
TORNTPHARM26JUNFUT,0.1,0.001,2.0,0.2,1.0,2.0,0.6,-4.0651,3.0575,-115809.02,-69762.64,-13952.53,2,4,44582.85
TORNTPHARM26JUNFUT,0.1,0.001,2.0,0.3,0.3,1.0,0.4,-2.3549,3.5775,-83868.72,-28064.13,-5612.83,2,4,41649.18
TORNTPHARM26JUNFUT,0.1,0.001,2.0,0.3,0.3,1.0,0.5,-2.4194,3.5775,-85665.46,-29329.8,-5865.96,2,4,42243.92
TORNTPHARM26JUNFUT,0.1,0.001,2.0,0.3,0.3,1.0,0.6,-1.8493,3.72,-77320.81,-20983.9,-4196.78,2,4,40578.04
TORNTPHARM26JUNFUT,0.1,0.001,2.0,0.3,0.3,1.5,0.4,-3.8232,3.1275,-108711.59,-64558.35,-12911.67,2,4,45205.52
TORNTPHARM26JUNFUT,0.1,0.001,2.0,0.3,0.3,1.5,0.5,-3.8219,3.1275,-108711.59,-64548.35,-12909.67,2,4,45208.05
TORNTPHARM26JUNFUT,0.1,0.001,2.0,0.3,0.3,1.5,0.6,-3.8121,3.1325,-108296.91,-64133.67,-12826.73,2,4,45200.3
TORNTPHARM26JUNFUT,0.1,0.001,2.0,0.3,0.3,2.0,0.4,-4.0652,3.0575,-115810.27,-69763.89,-13952.78,2,4,44582.86
TORNTPHARM26JUNFUT,0.1,0.001,2.0,0.3,0.3,2.0,0.5,-4.0652,3.0575,-115810.27,-69763.89,-13952.78,2,4,44582.86
TORNTPHARM26JUNFUT,0.1,0.001,2.0,0.3,0.3,2.0,0.6,-4.0651,3.0575,-115809.02,-69762.64,-13952.53,2,4,44582.85
TORNTPHARM26JUNFUT,0.1,0.001,2.0,0.3,0.5,1.0,0.4,-2.4793,3.5575,-86797.59,-30993.01,-6198.6,2,4,42087.05
TORNTPHARM26JUNFUT,0.1,0.001,2.0,0.3,0.5,1.0,0.5,-2.4195,3.5775,-85666.72,-29331.05,-5866.21,2,4,42243.95
TORNTPHARM26JUNFUT,0.1,0.001,2.0,0.3,0.5,1.0,0.6,-1.8494,3.72,-77322.06,-20985.15,-4197.03,2,4,40578.32
TORNTPHARM26JUNFUT,0.1,0.001,2.0,0.3,0.5,1.5,0.4,-3.8232,3.1275,-108712.84,-64559.6,-12911.92,2,4,45205.54
TORNTPHARM26JUNFUT,0.1,0.001,2.0,0.3,0.5,1.5,0.5,-3.8219,3.1275,-108711.59,-64548.35,-12909.67,2,4,45208.05
TORNTPHARM26JUNFUT,0.1,0.001,2.0,0.3,0.5,1.5,0.6,-3.8121,3.1325,-108296.91,-64133.67,-12826.73,2,4,45200.3
TORNTPHARM26JUNFUT,0.1,0.001,2.0,0.3,0.5,2.0,0.4,-4.0652,3.0575,-115810.27,-69763.89,-13952.78,2,4,44582.86
TORNTPHARM26JUNFUT,0.1,0.001,2.0,0.3,0.5,2.0,0.5,-4.0652,3.0575,-115810.27,-69763.89,-13952.78,2,4,44582.86
TORNTPHARM26JUNFUT,0.1,0.001,2.0,0.3,0.5,2.0,0.6,-4.0651,3.0575,-115809.02,-69762.64,-13952.53,2,4,44582.85
TORNTPHARM26JUNFUT,0.1,0.001,2.0,0.3,1.0,1.0,0.4,-2.4245,3.5575,-86798.84,-30488.18,-6097.64,2,4,42236.18
TORNTPHARM26JUNFUT,0.1,0.001,2.0,0.3,1.0,1.0,0.5,-2.4195,3.5775,-85670.47,-29334.81,-5866.96,2,4,42243.9
TORNTPHARM26JUNFUT,0.1,0.001,2.0,0.3,1.0,1.0,0.6,-1.8494,3.72,-77322.06,-20985.15,-4197.03,2,4,40578.21
TORNTPHARM26JUNFUT,0.1,0.001,2.0,0.3,1.0,1.5,0.4,-3.8232,3.1275,-108712.84,-64559.6,-12911.92,2,4,45205.54
TORNTPHARM26JUNFUT,0.1,0.001,2.0,0.3,1.0,1.5,0.5,-3.8219,3.1275,-108711.59,-64548.35,-12909.67,2,4,45208.05
TORNTPHARM26JUNFUT,0.1,0.001,2.0,0.3,1.0,1.5,0.6,-3.8121,3.1325,-108296.91,-64133.67,-12826.73,2,4,45200.3
TORNTPHARM26JUNFUT,0.1,0.001,2.0,0.3,1.0,2.0,0.4,-4.0652,3.0575,-115810.27,-69763.89,-13952.78,2,4,44582.86
TORNTPHARM26JUNFUT,0.1,0.001,2.0,0.3,1.0,2.0,0.5,-4.0652,3.0575,-115810.27,-69763.89,-13952.78,2,4,44582.86
TORNTPHARM26JUNFUT,0.1,0.001,2.0,0.3,1.0,2.0,0.6,-4.0651,3.0575,-115809.02,-69762.64,-13952.53,2,4,44582.85
TORNTPHARM26JUNFUT,0.1,0.001,2.0,0.5,0.3,1.0,0.4,-2.3549,3.5775,-83868.72,-28064.13,-5612.83,2,4,41649.18
TORNTPHARM26JUNFUT,0.1,0.001,2.0,0.5,0.3,1.0,0.5,-2.4194,3.5775,-85665.46,-29329.8,-5865.96,2,4,42243.92
TORNTPHARM26JUNFUT,0.1,0.001,2.0,0.5,0.3,1.0,0.6,-1.8493,3.72,-77320.81,-20983.9,-4196.78,2,4,40578.04
TORNTPHARM26JUNFUT,0.1,0.001,2.0,0.5,0.3,1.5,0.4,-3.8232,3.1275,-108711.59,-64558.35,-12911.67,2,4,45205.52
TORNTPHARM26JUNFUT,0.1,0.001,2.0,0.5,0.3,1.5,0.5,-3.8219,3.1275,-108711.59,-64548.35,-12909.67,2,4,45208.05
TORNTPHARM26JUNFUT,0.1,0.001,2.0,0.5,0.3,1.5,0.6,-3.8121,3.1325,-108296.91,-64133.67,-12826.73,2,4,45200.3
TORNTPHARM26JUNFUT,0.1,0.001,2.0,0.5,0.3,2.0,0.4,-4.0652,3.0575,-115810.27,-69763.89,-13952.78,2,4,44582.86
TORNTPHARM26JUNFUT,0.1,0.001,2.0,0.5,0.3,2.0,0.5,-4.0652,3.0575,-115810.27,-69763.89,-13952.78,2,4,44582.86
TORNTPHARM26JUNFUT,0.1,0.001,2.0,0.5,0.3,2.0,0.6,-4.0651,3.0575,-115809.02,-69762.64,-13952.53,2,4,44582.85
TORNTPHARM26JUNFUT,0.1,0.001,2.0,0.5,0.5,1.0,0.4,-2.4793,3.5575,-86797.59,-30993.01,-6198.6,2,4,42087.05
TORNTPHARM26JUNFUT,0.1,0.001,2.0,0.5,0.5,1.0,0.5,-2.4195,3.5775,-85666.72,-29331.05,-5866.21,2,4,42243.95
TORNTPHARM26JUNFUT,0.1,0.001,2.0,0.5,0.5,1.0,0.6,-1.8494,3.72,-77322.06,-20985.15,-4197.03,2,4,40578.32
TORNTPHARM26JUNFUT,0.1,0.001,2.0,0.5,0.5,1.5,0.4,-3.8232,3.1275,-108712.84,-64559.6,-12911.92,2,4,45205.54
TORNTPHARM26JUNFUT,0.1,0.001,2.0,0.5,0.5,1.5,0.5,-3.8219,3.1275,-108711.59,-64548.35,-12909.67,2,4,45208.05
TORNTPHARM26JUNFUT,0.1,0.001,2.0,0.5,0.5,1.5,0.6,-3.8121,3.1325,-108296.91,-64133.67,-12826.73,2,4,45200.3
TORNTPHARM26JUNFUT,0.1,0.001,2.0,0.5,0.5,2.0,0.4,-4.0652,3.0575,-115810.27,-69763.89,-13952.78,2,4,44582.86
TORNTPHARM26JUNFUT,0.1,0.001,2.0,0.5,0.5,2.0,0.5,-4.0652,3.0575,-115810.27,-69763.89,-13952.78,2,4,44582.86
TORNTPHARM26JUNFUT,0.1,0.001,2.0,0.5,0.5,2.0,0.6,-4.0651,3.0575,-115809.02,-69762.64,-13952.53,2,4,44582.85
TORNTPHARM26JUNFUT,0.1,0.001,2.0,0.5,1.0,1.0,0.4,-2.4245,3.5575,-86798.84,-30488.18,-6097.64,2,4,42236.18
TORNTPHARM26JUNFUT,0.1,0.001,2.0,0.5,1.0,1.0,0.5,-2.4195,3.5775,-85670.47,-29334.81,-5866.96,2,4,42243.9
TORNTPHARM26JUNFUT,0.1,0.001,2.0,0.5,1.0,1.0,0.6,-1.8494,3.72,-77322.06,-20985.15,-4197.03,2,4,40578.21
TORNTPHARM26JUNFUT,0.1,0.001,2.0,0.5,1.0,1.5,0.4,-3.8232,3.1275,-108712.84,-64559.6,-12911.92,2,4,45205.54
TORNTPHARM26JUNFUT,0.1,0.001,2.0,0.5,1.0,1.5,0.5,-3.8219,3.1275,-108711.59,-64548.35,-12909.67,2,4,45208.05
TORNTPHARM26JUNFUT,0.1,0.001,2.0,0.5,1.0,1.5,0.6,-3.8121,3.1325,-108296.91,-64133.67,-12826.73,2,4,45200.3
TORNTPHARM26JUNFUT,0.1,0.001,2.0,0.5,1.0,2.0,0.4,-4.0652,3.0575,-115810.27,-69763.89,-13952.78,2,4,44582.86
TORNTPHARM26JUNFUT,0.1,0.001,2.0,0.5,1.0,2.0,0.5,-4.0652,3.0575,-115810.27,-69763.89,-13952.78,2,4,44582.86
TORNTPHARM26JUNFUT,0.1,0.001,2.0,0.5,1.0,2.0,0.6,-4.0651,3.0575,-115809.02,-69762.64,-13952.53,2,4,44582.85
VEDL26JUNFUT,0.05,0.005,1.0,0.2,0.3,1.0,0.4,4.5351,0.745,2021.23,1195.56,239.11,1,4,2418.93
VEDL26JUNFUT,0.05,0.005,1.0,0.2,0.3,1.0,0.5,2.2033,0.745,-1056.48,-1882.16,-376.43,1,4,3094.27
VEDL26JUNFUT,0.05,0.005,1.0,0.2,0.3,1.0,0.6,2.3494,0.745,-803.62,-1629.29,-325.86,1,4,3025.61
VEDL26JUNFUT,0.05,0.005,1.0,0.2,0.3,1.5,0.4,18.7447,5.295,34689.31,41345.3,8269.06,4,4,12003.14
VEDL26JUNFUT,0.05,0.005,1.0,0.2,0.3,1.5,0.5,11.9113,-0.0175,15605.25,22261.24,4452.25,3,4,10431.35
VEDL26JUNFUT,0.05,0.005,1.0,0.2,0.3,1.5,0.6,11.492,0.065,16516.34,23172.33,4634.47,3,4,10321.49
VEDL26JUNFUT,0.05,0.005,1.0,0.2,0.3,2.0,0.4,13.1069,-2.8675,-34968.16,-7708.81,-1541.76,3,4,25652.01
VEDL26JUNFUT,0.05,0.005,1.0,0.2,0.3,2.0,0.5,12.6918,-3.0875,-38427.41,-11075.39,-2215.08,3,4,27571.61
VEDL26JUNFUT,0.05,0.005,1.0,0.2,0.3,2.0,0.6,24.5616,-2.8625,-32347.06,-4983.56,-996.71,3,4,28290.93
VEDL26JUNFUT,0.05,0.005,1.0,0.2,0.5,1.0,0.4,4.5351,0.745,2021.23,1195.56,239.11,1,4,2418.93
VEDL26JUNFUT,0.05,0.005,1.0,0.2,0.5,1.0,0.5,2.2033,0.745,-1056.48,-1882.16,-376.43,1,4,3094.27
VEDL26JUNFUT,0.05,0.005,1.0,0.2,0.5,1.0,0.6,2.3494,0.745,-803.62,-1629.29,-325.86,1,4,3025.61
VEDL26JUNFUT,0.05,0.005,1.0,0.2,0.5,1.5,0.4,12.8305,4.1075,26148.36,32804.35,6560.87,3,4,11352.44
VEDL26JUNFUT,0.05,0.005,1.0,0.2,0.5,1.5,0.5,11.9113,-0.0175,15605.25,22261.24,4452.25,3,4,10431.35
VEDL26JUNFUT,0.05,0.005,1.0,0.2,0.5,1.5,0.6,11.492,0.065,16516.34,23172.33,4634.47,3,4,10321.49
VEDL26JUNFUT,0.05,0.005,1.0,0.2,0.5,2.0,0.4,13.1042,-2.87,-35014.17,-7754.82,-1550.96,3,4,25657.41
VEDL26JUNFUT,0.05,0.005,1.0,0.2,0.5,2.0,0.5,12.6914,-3.09,-38438.92,-11086.9,-2217.38,3,4,27570.36
VEDL26JUNFUT,0.05,0.005,1.0,0.2,0.5,2.0,0.6,24.5616,-2.8625,-32347.06,-4983.56,-996.71,3,4,28290.93
VEDL26JUNFUT,0.05,0.005,1.0,0.2,1.0,1.0,0.4,4.5351,0.745,2021.23,1195.56,239.11,1,4,2418.93
VEDL26JUNFUT,0.05,0.005,1.0,0.2,1.0,1.0,0.5,2.2033,0.745,-1056.48,-1882.16,-376.43,1,4,3094.27
VEDL26JUNFUT,0.05,0.005,1.0,0.2,1.0,1.0,0.6,2.3494,0.745,-803.62,-1629.29,-325.86,1,4,3025.61
VEDL26JUNFUT,0.05,0.005,1.0,0.2,1.0,1.5,0.4,12.8304,4.1125,26159.85,32815.83,6563.17,3,4,11350.53
VEDL26JUNFUT,0.05,0.005,1.0,0.2,1.0,1.5,0.5,11.9113,-0.0175,15605.25,22261.24,4452.25,3,4,10431.35
VEDL26JUNFUT,0.05,0.005,1.0,0.2,1.0,1.5,0.6,11.492,0.065,16516.34,23172.33,4634.47,3,4,10321.49
VEDL26JUNFUT,0.05,0.005,1.0,0.2,1.0,2.0,0.4,13.1067,-2.8675,-34991.19,-7731.84,-1546.37,3,4,25644.78
VEDL26JUNFUT,0.05,0.005,1.0,0.2,1.0,2.0,0.5,12.693,-3.0875,-38415.93,-11063.91,-2212.78,3,4,27562.49
VEDL26JUNFUT,0.05,0.005,1.0,0.2,1.0,2.0,0.6,24.5607,-2.8625,-32358.56,-4995.06,-999.01,3,4,28294.85
VEDL26JUNFUT,0.05,0.005,1.0,0.3,0.3,1.0,0.4,4.5351,0.745,2021.23,1195.56,239.11,1,4,2418.93
VEDL26JUNFUT,0.05,0.005,1.0,0.3,0.3,1.0,0.5,2.2033,0.745,-1056.48,-1882.16,-376.43,1,4,3094.27
VEDL26JUNFUT,0.05,0.005,1.0,0.3,0.3,1.0,0.6,2.3494,0.745,-803.62,-1629.29,-325.86,1,4,3025.61
VEDL26JUNFUT,0.05,0.005,1.0,0.3,0.3,1.5,0.4,18.7447,5.295,34689.31,41345.3,8269.06,4,4,12003.14
VEDL26JUNFUT,0.05,0.005,1.0,0.3,0.3,1.5,0.5,11.9113,-0.0175,15605.25,22261.24,4452.25,3,4,10431.35
VEDL26JUNFUT,0.05,0.005,1.0,0.3,0.3,1.5,0.6,11.492,0.065,16516.34,23172.33,4634.47,3,4,10321.49
VEDL26JUNFUT,0.05,0.005,1.0,0.3,0.3,2.0,0.4,13.1069,-2.8675,-34968.16,-7708.81,-1541.76,3,4,25652.01
VEDL26JUNFUT,0.05,0.005,1.0,0.3,0.3,2.0,0.5,12.6918,-3.0875,-38427.41,-11075.39,-2215.08,3,4,27571.61
VEDL26JUNFUT,0.05,0.005,1.0,0.3,0.3,2.0,0.6,24.5616,-2.8625,-32347.06,-4983.56,-996.71,3,4,28290.93
VEDL26JUNFUT,0.05,0.005,1.0,0.3,0.5,1.0,0.4,4.5351,0.745,2021.23,1195.56,239.11,1,4,2418.93
VEDL26JUNFUT,0.05,0.005,1.0,0.3,0.5,1.0,0.5,2.2033,0.745,-1056.48,-1882.16,-376.43,1,4,3094.27
VEDL26JUNFUT,0.05,0.005,1.0,0.3,0.5,1.0,0.6,2.3494,0.745,-803.62,-1629.29,-325.86,1,4,3025.61
VEDL26JUNFUT,0.05,0.005,1.0,0.3,0.5,1.5,0.4,12.8305,4.1075,26148.36,32804.35,6560.87,3,4,11352.44
VEDL26JUNFUT,0.05,0.005,1.0,0.3,0.5,1.5,0.5,11.9113,-0.0175,15605.25,22261.24,4452.25,3,4,10431.35
VEDL26JUNFUT,0.05,0.005,1.0,0.3,0.5,1.5,0.6,11.492,0.065,16516.34,23172.33,4634.47,3,4,10321.49
VEDL26JUNFUT,0.05,0.005,1.0,0.3,0.5,2.0,0.4,13.1042,-2.87,-35014.17,-7754.82,-1550.96,3,4,25657.41
VEDL26JUNFUT,0.05,0.005,1.0,0.3,0.5,2.0,0.5,12.6914,-3.09,-38438.92,-11086.9,-2217.38,3,4,27570.36
VEDL26JUNFUT,0.05,0.005,1.0,0.3,0.5,2.0,0.6,24.5616,-2.8625,-32347.06,-4983.56,-996.71,3,4,28290.93
VEDL26JUNFUT,0.05,0.005,1.0,0.3,1.0,1.0,0.4,4.5351,0.745,2021.23,1195.56,239.11,1,4,2418.93
VEDL26JUNFUT,0.05,0.005,1.0,0.3,1.0,1.0,0.5,2.2033,0.745,-1056.48,-1882.16,-376.43,1,4,3094.27
VEDL26JUNFUT,0.05,0.005,1.0,0.3,1.0,1.0,0.6,2.3494,0.745,-803.62,-1629.29,-325.86,1,4,3025.61
VEDL26JUNFUT,0.05,0.005,1.0,0.3,1.0,1.5,0.4,12.8304,4.1125,26159.85,32815.83,6563.17,3,4,11350.53
VEDL26JUNFUT,0.05,0.005,1.0,0.3,1.0,1.5,0.5,11.9113,-0.0175,15605.25,22261.24,4452.25,3,4,10431.35
VEDL26JUNFUT,0.05,0.005,1.0,0.3,1.0,1.5,0.6,11.492,0.065,16516.34,23172.33,4634.47,3,4,10321.49
VEDL26JUNFUT,0.05,0.005,1.0,0.3,1.0,2.0,0.4,13.1067,-2.8675,-34991.19,-7731.84,-1546.37,3,4,25644.78
VEDL26JUNFUT,0.05,0.005,1.0,0.3,1.0,2.0,0.5,12.693,-3.0875,-38415.93,-11063.91,-2212.78,3,4,27562.49
VEDL26JUNFUT,0.05,0.005,1.0,0.3,1.0,2.0,0.6,24.5607,-2.8625,-32358.56,-4995.06,-999.01,3,4,28294.85
VEDL26JUNFUT,0.05,0.005,1.0,0.5,0.3,1.0,0.4,4.5351,0.745,2021.23,1195.56,239.11,1,4,2418.93
VEDL26JUNFUT,0.05,0.005,1.0,0.5,0.3,1.0,0.5,2.2033,0.745,-1056.48,-1882.16,-376.43,1,4,3094.27
VEDL26JUNFUT,0.05,0.005,1.0,0.5,0.3,1.0,0.6,2.3494,0.745,-803.62,-1629.29,-325.86,1,4,3025.61
VEDL26JUNFUT,0.05,0.005,1.0,0.5,0.3,1.5,0.4,18.7447,5.295,34689.31,41345.3,8269.06,4,4,12003.14
VEDL26JUNFUT,0.05,0.005,1.0,0.5,0.3,1.5,0.5,11.9113,-0.0175,15605.25,22261.24,4452.25,3,4,10431.35
VEDL26JUNFUT,0.05,0.005,1.0,0.5,0.3,1.5,0.6,11.492,0.065,16516.34,23172.33,4634.47,3,4,10321.49
VEDL26JUNFUT,0.05,0.005,1.0,0.5,0.3,2.0,0.4,13.1069,-2.8675,-34968.16,-7708.81,-1541.76,3,4,25652.01
VEDL26JUNFUT,0.05,0.005,1.0,0.5,0.3,2.0,0.5,12.6918,-3.0875,-38427.41,-11075.39,-2215.08,3,4,27571.61
VEDL26JUNFUT,0.05,0.005,1.0,0.5,0.3,2.0,0.6,24.5616,-2.8625,-32347.06,-4983.56,-996.71,3,4,28290.93
VEDL26JUNFUT,0.05,0.005,1.0,0.5,0.5,1.0,0.4,4.5351,0.745,2021.23,1195.56,239.11,1,4,2418.93
VEDL26JUNFUT,0.05,0.005,1.0,0.5,0.5,1.0,0.5,2.2033,0.745,-1056.48,-1882.16,-376.43,1,4,3094.27
VEDL26JUNFUT,0.05,0.005,1.0,0.5,0.5,1.0,0.6,2.3494,0.745,-803.62,-1629.29,-325.86,1,4,3025.61
VEDL26JUNFUT,0.05,0.005,1.0,0.5,0.5,1.5,0.4,12.8305,4.1075,26148.36,32804.35,6560.87,3,4,11352.44
VEDL26JUNFUT,0.05,0.005,1.0,0.5,0.5,1.5,0.5,11.9113,-0.0175,15605.25,22261.24,4452.25,3,4,10431.35
VEDL26JUNFUT,0.05,0.005,1.0,0.5,0.5,1.5,0.6,11.492,0.065,16516.34,23172.33,4634.47,3,4,10321.49
VEDL26JUNFUT,0.05,0.005,1.0,0.5,0.5,2.0,0.4,13.1042,-2.87,-35014.17,-7754.82,-1550.96,3,4,25657.41
VEDL26JUNFUT,0.05,0.005,1.0,0.5,0.5,2.0,0.5,12.6914,-3.09,-38438.92,-11086.9,-2217.38,3,4,27570.36
VEDL26JUNFUT,0.05,0.005,1.0,0.5,0.5,2.0,0.6,24.5616,-2.8625,-32347.06,-4983.56,-996.71,3,4,28290.93
VEDL26JUNFUT,0.05,0.005,1.0,0.5,1.0,1.0,0.4,4.5351,0.745,2021.23,1195.56,239.11,1,4,2418.93
VEDL26JUNFUT,0.05,0.005,1.0,0.5,1.0,1.0,0.5,2.2033,0.745,-1056.48,-1882.16,-376.43,1,4,3094.27
VEDL26JUNFUT,0.05,0.005,1.0,0.5,1.0,1.0,0.6,2.3494,0.745,-803.62,-1629.29,-325.86,1,4,3025.61
VEDL26JUNFUT,0.05,0.005,1.0,0.5,1.0,1.5,0.4,12.8304,4.1125,26159.85,32815.83,6563.17,3,4,11350.53
VEDL26JUNFUT,0.05,0.005,1.0,0.5,1.0,1.5,0.5,11.9113,-0.0175,15605.25,22261.24,4452.25,3,4,10431.35
VEDL26JUNFUT,0.05,0.005,1.0,0.5,1.0,1.5,0.6,11.492,0.065,16516.34,23172.33,4634.47,3,4,10321.49
VEDL26JUNFUT,0.05,0.005,1.0,0.5,1.0,2.0,0.4,13.1067,-2.8675,-34991.19,-7731.84,-1546.37,3,4,25644.78
VEDL26JUNFUT,0.05,0.005,1.0,0.5,1.0,2.0,0.5,12.693,-3.0875,-38415.93,-11063.91,-2212.78,3,4,27562.49
VEDL26JUNFUT,0.05,0.005,1.0,0.5,1.0,2.0,0.6,24.5607,-2.8625,-32358.56,-4995.06,-999.01,3,4,28294.85
ULTRACEMCO26JUNFUT,0.1,0.001,2.0,0.2,0.3,1.0,0.4,-23.5636,1.4425,-112985.82,-132194.59,-26438.92,1,4,36864.25
ULTRACEMCO26JUNFUT,0.1,0.001,2.0,0.2,0.3,1.0,0.5,-23.5636,1.4425,-112985.82,-132194.59,-26438.92,1,4,36864.25
ULTRACEMCO26JUNFUT,0.1,0.001,2.0,0.2,0.3,1.0,0.6,-23.5636,1.4425,-112985.82,-132194.59,-26438.92,1,4,36864.25
ULTRACEMCO26JUNFUT,0.1,0.001,2.0,0.2,0.3,1.5,0.4,-23.5639,1.4425,-112991.32,-132200.09,-26440.02,1,4,36862.75
ULTRACEMCO26JUNFUT,0.1,0.001,2.0,0.2,0.3,1.5,0.5,-23.5639,1.4425,-112991.32,-132200.09,-26440.02,1,4,36862.75
ULTRACEMCO26JUNFUT,0.1,0.001,2.0,0.2,0.3,1.5,0.6,-23.5639,1.4425,-112991.32,-132200.09,-26440.02,1,4,36862.75
ULTRACEMCO26JUNFUT,0.1,0.001,2.0,0.2,0.3,2.0,0.4,-23.5639,1.4425,-112991.32,-132200.09,-26440.02,1,4,36862.75
ULTRACEMCO26JUNFUT,0.1,0.001,2.0,0.2,0.3,2.0,0.5,-23.5639,1.4425,-112991.32,-132200.09,-26440.02,1,4,36862.75
ULTRACEMCO26JUNFUT,0.1,0.001,2.0,0.2,0.3,2.0,0.6,-23.5639,1.4425,-112991.32,-132200.09,-26440.02,1,4,36862.75
ULTRACEMCO26JUNFUT,0.1,0.001,2.0,0.2,0.5,1.0,0.4,-23.5636,1.4425,-112985.82,-132194.59,-26438.92,1,4,36864.25
ULTRACEMCO26JUNFUT,0.1,0.001,2.0,0.2,0.5,1.0,0.5,-23.5636,1.4425,-112985.82,-132194.59,-26438.92,1,4,36864.25
ULTRACEMCO26JUNFUT,0.1,0.001,2.0,0.2,0.5,1.0,0.6,-23.5636,1.4425,-112985.82,-132194.59,-26438.92,1,4,36864.25
ULTRACEMCO26JUNFUT,0.1,0.001,2.0,0.2,0.5,1.5,0.4,-23.5639,1.4425,-112991.32,-132200.09,-26440.02,1,4,36862.75
ULTRACEMCO26JUNFUT,0.1,0.001,2.0,0.2,0.5,1.5,0.5,-23.5639,1.4425,-112991.32,-132200.09,-26440.02,1,4,36862.75
ULTRACEMCO26JUNFUT,0.1,0.001,2.0,0.2,0.5,1.5,0.6,-23.5639,1.4425,-112991.32,-132200.09,-26440.02,1,4,36862.75
ULTRACEMCO26JUNFUT,0.1,0.001,2.0,0.2,0.5,2.0,0.4,-23.5639,1.4425,-112991.32,-132200.09,-26440.02,1,4,36862.75
ULTRACEMCO26JUNFUT,0.1,0.001,2.0,0.2,0.5,2.0,0.5,-23.5639,1.4425,-112991.32,-132200.09,-26440.02,1,4,36862.75
ULTRACEMCO26JUNFUT,0.1,0.001,2.0,0.2,0.5,2.0,0.6,-23.5639,1.4425,-112991.32,-132200.09,-26440.02,1,4,36862.75
ULTRACEMCO26JUNFUT,0.1,0.001,2.0,0.2,1.0,1.0,0.4,-23.5636,1.4425,-112985.82,-132194.59,-26438.92,1,4,36864.25
ULTRACEMCO26JUNFUT,0.1,0.001,2.0,0.2,1.0,1.0,0.5,-23.5636,1.4425,-112985.82,-132194.59,-26438.92,1,4,36864.25
ULTRACEMCO26JUNFUT,0.1,0.001,2.0,0.2,1.0,1.0,0.6,-23.5636,1.4425,-112985.82,-132194.59,-26438.92,1,4,36864.25
ULTRACEMCO26JUNFUT,0.1,0.001,2.0,0.2,1.0,1.5,0.4,-23.5639,1.4425,-112991.32,-132200.09,-26440.02,1,4,36862.75
ULTRACEMCO26JUNFUT,0.1,0.001,2.0,0.2,1.0,1.5,0.5,-23.5639,1.4425,-112991.32,-132200.09,-26440.02,1,4,36862.75
ULTRACEMCO26JUNFUT,0.1,0.001,2.0,0.2,1.0,1.5,0.6,-23.5639,1.4425,-112991.32,-132200.09,-26440.02,1,4,36862.75
ULTRACEMCO26JUNFUT,0.1,0.001,2.0,0.2,1.0,2.0,0.4,-23.5639,1.4425,-112991.32,-132200.09,-26440.02,1,4,36862.75
ULTRACEMCO26JUNFUT,0.1,0.001,2.0,0.2,1.0,2.0,0.5,-23.5639,1.4425,-112991.32,-132200.09,-26440.02,1,4,36862.75
ULTRACEMCO26JUNFUT,0.1,0.001,2.0,0.2,1.0,2.0,0.6,-23.5639,1.4425,-112991.32,-132200.09,-26440.02,1,4,36862.75
ULTRACEMCO26JUNFUT,0.1,0.001,2.0,0.3,0.3,1.0,0.4,-23.5636,1.4425,-112985.82,-132194.59,-26438.92,1,4,36864.25
ULTRACEMCO26JUNFUT,0.1,0.001,2.0,0.3,0.3,1.0,0.5,-23.5636,1.4425,-112985.82,-132194.59,-26438.92,1,4,36864.25
ULTRACEMCO26JUNFUT,0.1,0.001,2.0,0.3,0.3,1.0,0.6,-23.5636,1.4425,-112985.82,-132194.59,-26438.92,1,4,36864.25
ULTRACEMCO26JUNFUT,0.1,0.001,2.0,0.3,0.3,1.5,0.4,-23.5639,1.4425,-112991.32,-132200.09,-26440.02,1,4,36862.75
ULTRACEMCO26JUNFUT,0.1,0.001,2.0,0.3,0.3,1.5,0.5,-23.5639,1.4425,-112991.32,-132200.09,-26440.02,1,4,36862.75
ULTRACEMCO26JUNFUT,0.1,0.001,2.0,0.3,0.3,1.5,0.6,-23.5639,1.4425,-112991.32,-132200.09,-26440.02,1,4,36862.75
ULTRACEMCO26JUNFUT,0.1,0.001,2.0,0.3,0.3,2.0,0.4,-23.5639,1.4425,-112991.32,-132200.09,-26440.02,1,4,36862.75
ULTRACEMCO26JUNFUT,0.1,0.001,2.0,0.3,0.3,2.0,0.5,-23.5639,1.4425,-112991.32,-132200.09,-26440.02,1,4,36862.75
ULTRACEMCO26JUNFUT,0.1,0.001,2.0,0.3,0.3,2.0,0.6,-23.5639,1.4425,-112991.32,-132200.09,-26440.02,1,4,36862.75
ULTRACEMCO26JUNFUT,0.1,0.001,2.0,0.3,0.5,1.0,0.4,-23.5636,1.4425,-112985.82,-132194.59,-26438.92,1,4,36864.25
ULTRACEMCO26JUNFUT,0.1,0.001,2.0,0.3,0.5,1.0,0.5,-23.5636,1.4425,-112985.82,-132194.59,-26438.92,1,4,36864.25
ULTRACEMCO26JUNFUT,0.1,0.001,2.0,0.3,0.5,1.0,0.6,-23.5636,1.4425,-112985.82,-132194.59,-26438.92,1,4,36864.25
ULTRACEMCO26JUNFUT,0.1,0.001,2.0,0.3,0.5,1.5,0.4,-23.5639,1.4425,-112991.32,-132200.09,-26440.02,1,4,36862.75
ULTRACEMCO26JUNFUT,0.1,0.001,2.0,0.3,0.5,1.5,0.5,-23.5639,1.4425,-112991.32,-132200.09,-26440.02,1,4,36862.75
ULTRACEMCO26JUNFUT,0.1,0.001,2.0,0.3,0.5,1.5,0.6,-23.5639,1.4425,-112991.32,-132200.09,-26440.02,1,4,36862.75
ULTRACEMCO26JUNFUT,0.1,0.001,2.0,0.3,0.5,2.0,0.4,-23.5639,1.4425,-112991.32,-132200.09,-26440.02,1,4,36862.75
ULTRACEMCO26JUNFUT,0.1,0.001,2.0,0.3,0.5,2.0,0.5,-23.5639,1.4425,-112991.32,-132200.09,-26440.02,1,4,36862.75
ULTRACEMCO26JUNFUT,0.1,0.001,2.0,0.3,0.5,2.0,0.6,-23.5639,1.4425,-112991.32,-132200.09,-26440.02,1,4,36862.75
ULTRACEMCO26JUNFUT,0.1,0.001,2.0,0.3,1.0,1.0,0.4,-23.5636,1.4425,-112985.82,-132194.59,-26438.92,1,4,36864.25
ULTRACEMCO26JUNFUT,0.1,0.001,2.0,0.3,1.0,1.0,0.5,-23.5636,1.4425,-112985.82,-132194.59,-26438.92,1,4,36864.25
ULTRACEMCO26JUNFUT,0.1,0.001,2.0,0.3,1.0,1.0,0.6,-23.5636,1.4425,-112985.82,-132194.59,-26438.92,1,4,36864.25
ULTRACEMCO26JUNFUT,0.1,0.001,2.0,0.3,1.0,1.5,0.4,-23.5639,1.4425,-112991.32,-132200.09,-26440.02,1,4,36862.75
ULTRACEMCO26JUNFUT,0.1,0.001,2.0,0.3,1.0,1.5,0.5,-23.5639,1.4425,-112991.32,-132200.09,-26440.02,1,4,36862.75
ULTRACEMCO26JUNFUT,0.1,0.001,2.0,0.3,1.0,1.5,0.6,-23.5639,1.4425,-112991.32,-132200.09,-26440.02,1,4,36862.75
ULTRACEMCO26JUNFUT,0.1,0.001,2.0,0.3,1.0,2.0,0.4,-23.5639,1.4425,-112991.32,-132200.09,-26440.02,1,4,36862.75
ULTRACEMCO26JUNFUT,0.1,0.001,2.0,0.3,1.0,2.0,0.5,-23.5639,1.4425,-112991.32,-132200.09,-26440.02,1,4,36862.75
ULTRACEMCO26JUNFUT,0.1,0.001,2.0,0.3,1.0,2.0,0.6,-23.5639,1.4425,-112991.32,-132200.09,-26440.02,1,4,36862.75
ULTRACEMCO26JUNFUT,0.1,0.001,2.0,0.5,0.3,1.0,0.4,-23.5636,1.4425,-112985.82,-132194.59,-26438.92,1,4,36864.25
ULTRACEMCO26JUNFUT,0.1,0.001,2.0,0.5,0.3,1.0,0.5,-23.5636,1.4425,-112985.82,-132194.59,-26438.92,1,4,36864.25
ULTRACEMCO26JUNFUT,0.1,0.001,2.0,0.5,0.3,1.0,0.6,-23.5636,1.4425,-112985.82,-132194.59,-26438.92,1,4,36864.25
ULTRACEMCO26JUNFUT,0.1,0.001,2.0,0.5,0.3,1.5,0.4,-23.5639,1.4425,-112991.32,-132200.09,-26440.02,1,4,36862.75
ULTRACEMCO26JUNFUT,0.1,0.001,2.0,0.5,0.3,1.5,0.5,-23.5639,1.4425,-112991.32,-132200.09,-26440.02,1,4,36862.75
ULTRACEMCO26JUNFUT,0.1,0.001,2.0,0.5,0.3,1.5,0.6,-23.5639,1.4425,-112991.32,-132200.09,-26440.02,1,4,36862.75
ULTRACEMCO26JUNFUT,0.1,0.001,2.0,0.5,0.3,2.0,0.4,-23.5639,1.4425,-112991.32,-132200.09,-26440.02,1,4,36862.75
ULTRACEMCO26JUNFUT,0.1,0.001,2.0,0.5,0.3,2.0,0.5,-23.5639,1.4425,-112991.32,-132200.09,-26440.02,1,4,36862.75
ULTRACEMCO26JUNFUT,0.1,0.001,2.0,0.5,0.3,2.0,0.6,-23.5639,1.4425,-112991.32,-132200.09,-26440.02,1,4,36862.75
ULTRACEMCO26JUNFUT,0.1,0.001,2.0,0.5,0.5,1.0,0.4,-23.5636,1.4425,-112985.82,-132194.59,-26438.92,1,4,36864.25
ULTRACEMCO26JUNFUT,0.1,0.001,2.0,0.5,0.5,1.0,0.5,-23.5636,1.4425,-112985.82,-132194.59,-26438.92,1,4,36864.25
ULTRACEMCO26JUNFUT,0.1,0.001,2.0,0.5,0.5,1.0,0.6,-23.5636,1.4425,-112985.82,-132194.59,-26438.92,1,4,36864.25
ULTRACEMCO26JUNFUT,0.1,0.001,2.0,0.5,0.5,1.5,0.4,-23.5639,1.4425,-112991.32,-132200.09,-26440.02,1,4,36862.75
ULTRACEMCO26JUNFUT,0.1,0.001,2.0,0.5,0.5,1.5,0.5,-23.5639,1.4425,-112991.32,-132200.09,-26440.02,1,4,36862.75
ULTRACEMCO26JUNFUT,0.1,0.001,2.0,0.5,0.5,1.5,0.6,-23.5639,1.4425,-112991.32,-132200.09,-26440.02,1,4,36862.75
ULTRACEMCO26JUNFUT,0.1,0.001,2.0,0.5,0.5,2.0,0.4,-23.5639,1.4425,-112991.32,-132200.09,-26440.02,1,4,36862.75
ULTRACEMCO26JUNFUT,0.1,0.001,2.0,0.5,0.5,2.0,0.5,-23.5639,1.4425,-112991.32,-132200.09,-26440.02,1,4,36862.75
ULTRACEMCO26JUNFUT,0.1,0.001,2.0,0.5,0.5,2.0,0.6,-23.5639,1.4425,-112991.32,-132200.09,-26440.02,1,4,36862.75
ULTRACEMCO26JUNFUT,0.1,0.001,2.0,0.5,1.0,1.0,0.4,-23.5636,1.4425,-112985.82,-132194.59,-26438.92,1,4,36864.25
ULTRACEMCO26JUNFUT,0.1,0.001,2.0,0.5,1.0,1.0,0.5,-23.5636,1.4425,-112985.82,-132194.59,-26438.92,1,4,36864.25
ULTRACEMCO26JUNFUT,0.1,0.001,2.0,0.5,1.0,1.0,0.6,-23.5636,1.4425,-112985.82,-132194.59,-26438.92,1,4,36864.25
ULTRACEMCO26JUNFUT,0.1,0.001,2.0,0.5,1.0,1.5,0.4,-23.5639,1.4425,-112991.32,-132200.09,-26440.02,1,4,36862.75
ULTRACEMCO26JUNFUT,0.1,0.001,2.0,0.5,1.0,1.5,0.5,-23.5639,1.4425,-112991.32,-132200.09,-26440.02,1,4,36862.75
ULTRACEMCO26JUNFUT,0.1,0.001,2.0,0.5,1.0,1.5,0.6,-23.5639,1.4425,-112991.32,-132200.09,-26440.02,1,4,36862.75
ULTRACEMCO26JUNFUT,0.1,0.001,2.0,0.5,1.0,2.0,0.4,-23.5639,1.4425,-112991.32,-132200.09,-26440.02,1,4,36862.75
ULTRACEMCO26JUNFUT,0.1,0.001,2.0,0.5,1.0,2.0,0.5,-23.5639,1.4425,-112991.32,-132200.09,-26440.02,1,4,36862.75
ULTRACEMCO26JUNFUT,0.1,0.001,2.0,0.5,1.0,2.0,0.6,-23.5639,1.4425,-112991.32,-132200.09,-26440.02,1,4,36862.75
VOLTAS26JUNFUT,0.05,0.005,1.0,0.2,0.3,1.0,0.4,-10.0646,4.075,51590.45,42375.99,8475.2,2,4,41561.84
VOLTAS26JUNFUT,0.05,0.005,1.0,0.2,0.3,1.0,0.5,-8.6573,4.145,56871.13,49741.49,9948.3,2,4,42521.6
VOLTAS26JUNFUT,0.05,0.005,1.0,0.2,0.3,1.0,0.6,-10.9844,4.6325,74046.01,69576.64,13915.33,2,4,51972.61
VOLTAS26JUNFUT,0.05,0.005,1.0,0.2,0.3,1.5,0.4,0.7504,4.725,15844.75,33275.72,6655.14,3,4,23413.52
VOLTAS26JUNFUT,0.05,0.005,1.0,0.2,0.3,1.5,0.5,0.2163,4.685,11936.19,29695.94,5939.19,3,4,23919.04
VOLTAS26JUNFUT,0.05,0.005,1.0,0.2,0.3,1.5,0.6,0.0299,4.6525,5525.16,22924.62,4584.92,3,4,21516.32
VOLTAS26JUNFUT,0.05,0.005,1.0,0.2,0.3,2.0,0.4,-37.1155,3.75,-60132.65,-106665.57,-21333.11,2,4,29327.05
VOLTAS26JUNFUT,0.05,0.005,1.0,0.2,0.3,2.0,0.5,-37.0855,3.7225,-60766.71,-107280.88,-21456.18,2,4,29076.91
VOLTAS26JUNFUT,0.05,0.005,1.0,0.2,0.3,2.0,0.6,-37.8109,3.6925,-61403.73,-108521.31,-21704.26,2,4,28942.6
VOLTAS26JUNFUT,0.05,0.005,1.0,0.2,0.5,1.0,0.4,-9.9119,4.0925,51946.95,42732.5,8546.5,2,4,41916.69
VOLTAS26JUNFUT,0.05,0.005,1.0,0.2,0.5,1.0,0.5,-8.3943,4.185,57937.9,50808.25,10161.65,2,4,42854.76
VOLTAS26JUNFUT,0.05,0.005,1.0,0.2,0.5,1.0,0.6,-10.7696,4.645,75230.39,70764.76,14152.95,2,4,51842.05
VOLTAS26JUNFUT,0.05,0.005,1.0,0.2,0.5,1.5,0.4,0.6378,4.7175,16826.34,34253.56,6850.71,3,4,23341.05
VOLTAS26JUNFUT,0.05,0.005,1.0,0.2,0.5,1.5,0.5,0.1942,4.695,13352.7,31108.7,6221.74,3,4,23740.81
VOLTAS26JUNFUT,0.05,0.005,1.0,0.2,0.5,1.5,0.6,0.0299,4.6525,5521.41,22920.87,4584.17,3,4,21516.73
VOLTAS26JUNFUT,0.05,0.005,1.0,0.2,0.5,2.0,0.4,-37.2303,3.74,-60839.17,-107372.09,-21474.42,2,4,29141.75
VOLTAS26JUNFUT,0.05,0.005,1.0,0.2,0.5,2.0,0.5,-37.1856,3.72,-60919.73,-107433.91,-21486.78,2,4,29025.34
VOLTAS26JUNFUT,0.05,0.005,1.0,0.2,0.5,2.0,0.6,-37.7758,3.7,-60736.58,-107854.17,-21570.83,2,4,29093.23
VOLTAS26JUNFUT,0.05,0.005,1.0,0.2,1.0,1.0,0.4,-9.6063,4.13,52820.23,43605.78,8721.16,2,4,41949.07
VOLTAS26JUNFUT,0.05,0.005,1.0,0.2,1.0,1.0,0.5,-7.7982,4.2625,60587.55,53457.91,10691.58,2,4,42847.77
VOLTAS26JUNFUT,0.05,0.005,1.0,0.2,1.0,1.0,0.6,-10.7041,4.64,74904.38,70438.76,14087.75,2,4,51895.31
VOLTAS26JUNFUT,0.05,0.005,1.0,0.2,1.0,1.5,0.4,0.6402,4.715,16840.05,34267.27,6853.45,3,4,23336.82
VOLTAS26JUNFUT,0.05,0.005,1.0,0.2,1.0,1.5,0.5,0.1963,4.6875,13366.4,31122.41,6224.48,3,4,23736.51
VOLTAS26JUNFUT,0.05,0.005,1.0,0.2,1.0,1.5,0.6,0.0299,4.6525,5521.41,22920.87,4584.17,3,4,21516.73
VOLTAS26JUNFUT,0.05,0.005,1.0,0.2,1.0,2.0,0.4,-37.1873,3.74,-60660.88,-107190.05,-21438.01,2,4,29186.67
VOLTAS26JUNFUT,0.05,0.005,1.0,0.2,1.0,2.0,0.5,-37.1495,3.7225,-60741.44,-107251.87,-21450.37,2,4,29064.8
VOLTAS26JUNFUT,0.05,0.005,1.0,0.2,1.0,2.0,0.6,-37.7752,3.7,-60732.83,-107850.42,-21570.08,2,4,29094.02
VOLTAS26JUNFUT,0.05,0.005,1.0,0.3,0.3,1.0,0.4,-10.0646,4.075,51590.45,42375.99,8475.2,2,4,41561.84
VOLTAS26JUNFUT,0.05,0.005,1.0,0.3,0.3,1.0,0.5,-8.6573,4.145,56871.13,49741.49,9948.3,2,4,42521.6
VOLTAS26JUNFUT,0.05,0.005,1.0,0.3,0.3,1.0,0.6,-10.9844,4.6325,74046.01,69576.64,13915.33,2,4,51972.61
VOLTAS26JUNFUT,0.05,0.005,1.0,0.3,0.3,1.5,0.4,0.7509,4.725,15848.5,33279.47,6655.89,3,4,23413.49
VOLTAS26JUNFUT,0.05,0.005,1.0,0.3,0.3,1.5,0.5,0.2167,4.685,11939.94,29699.69,5939.94,3,4,23919.01
VOLTAS26JUNFUT,0.05,0.005,1.0,0.3,0.3,1.5,0.6,0.0299,4.6525,5525.16,22924.62,4584.92,3,4,21516.32
VOLTAS26JUNFUT,0.05,0.005,1.0,0.3,0.3,2.0,0.4,-37.1155,3.75,-60132.65,-106665.57,-21333.11,2,4,29327.05
VOLTAS26JUNFUT,0.05,0.005,1.0,0.3,0.3,2.0,0.5,-37.0855,3.7225,-60766.71,-107280.88,-21456.18,2,4,29076.91
VOLTAS26JUNFUT,0.05,0.005,1.0,0.3,0.3,2.0,0.6,-37.8109,3.6925,-61403.73,-108521.31,-21704.26,2,4,28942.6
VOLTAS26JUNFUT,0.05,0.005,1.0,0.3,0.5,1.0,0.4,-9.9119,4.0925,51946.95,42732.5,8546.5,2,4,41916.69
VOLTAS26JUNFUT,0.05,0.005,1.0,0.3,0.5,1.0,0.5,-8.3943,4.185,57937.9,50808.25,10161.65,2,4,42854.76
VOLTAS26JUNFUT,0.05,0.005,1.0,0.3,0.5,1.0,0.6,-10.7696,4.645,75230.39,70764.76,14152.95,2,4,51842.05
VOLTAS26JUNFUT,0.05,0.005,1.0,0.3,0.5,1.5,0.4,0.6378,4.7175,16826.34,34253.56,6850.71,3,4,23341.05
VOLTAS26JUNFUT,0.05,0.005,1.0,0.3,0.5,1.5,0.5,0.1942,4.695,13352.7,31108.7,6221.74,3,4,23740.81
VOLTAS26JUNFUT,0.05,0.005,1.0,0.3,0.5,1.5,0.6,0.0299,4.6525,5521.41,22920.87,4584.17,3,4,21516.73
VOLTAS26JUNFUT,0.05,0.005,1.0,0.3,0.5,2.0,0.4,-37.2303,3.74,-60839.17,-107372.09,-21474.42,2,4,29141.75
VOLTAS26JUNFUT,0.05,0.005,1.0,0.3,0.5,2.0,0.5,-37.1856,3.72,-60919.73,-107433.91,-21486.78,2,4,29025.34
VOLTAS26JUNFUT,0.05,0.005,1.0,0.3,0.5,2.0,0.6,-37.7758,3.7,-60736.58,-107854.17,-21570.83,2,4,29093.23
VOLTAS26JUNFUT,0.05,0.005,1.0,0.3,1.0,1.0,0.4,-9.6063,4.13,52820.23,43605.78,8721.16,2,4,41949.07
VOLTAS26JUNFUT,0.05,0.005,1.0,0.3,1.0,1.0,0.5,-7.7982,4.2625,60587.55,53457.91,10691.58,2,4,42847.77
VOLTAS26JUNFUT,0.05,0.005,1.0,0.3,1.0,1.0,0.6,-10.7041,4.64,74904.38,70438.76,14087.75,2,4,51895.31
VOLTAS26JUNFUT,0.05,0.005,1.0,0.3,1.0,1.5,0.4,0.6402,4.715,16840.05,34267.27,6853.45,3,4,23336.82
VOLTAS26JUNFUT,0.05,0.005,1.0,0.3,1.0,1.5,0.5,0.1963,4.6875,13366.4,31122.41,6224.48,3,4,23736.51
VOLTAS26JUNFUT,0.05,0.005,1.0,0.3,1.0,1.5,0.6,0.0299,4.6525,5521.41,22920.87,4584.17,3,4,21516.73
VOLTAS26JUNFUT,0.05,0.005,1.0,0.3,1.0,2.0,0.4,-37.1873,3.74,-60660.88,-107190.05,-21438.01,2,4,29186.67
VOLTAS26JUNFUT,0.05,0.005,1.0,0.3,1.0,2.0,0.5,-37.1495,3.7225,-60741.44,-107251.87,-21450.37,2,4,29064.8
VOLTAS26JUNFUT,0.05,0.005,1.0,0.3,1.0,2.0,0.6,-37.7824,3.7,-60729.08,-107846.67,-21569.33,2,4,29093.0
VOLTAS26JUNFUT,0.05,0.005,1.0,0.5,0.3,1.0,0.4,-10.0653,4.075,51594.19,42379.74,8475.95,2,4,41561.16
VOLTAS26JUNFUT,0.05,0.005,1.0,0.5,0.3,1.0,0.5,-8.6578,4.145,56874.88,49745.24,9949.05,2,4,42520.93
VOLTAS26JUNFUT,0.05,0.005,1.0,0.5,0.3,1.0,0.6,-10.9844,4.6325,74046.01,69576.64,13915.33,2,4,51972.61
VOLTAS26JUNFUT,0.05,0.005,1.0,0.5,0.3,1.5,0.4,0.7509,4.725,15848.5,33279.47,6655.89,3,4,23413.49
VOLTAS26JUNFUT,0.05,0.005,1.0,0.5,0.3,1.5,0.5,0.2167,4.685,11939.94,29699.69,5939.94,3,4,23919.01
VOLTAS26JUNFUT,0.05,0.005,1.0,0.5,0.3,1.5,0.6,0.0299,4.6525,5525.16,22924.62,4584.92,3,4,21516.32
VOLTAS26JUNFUT,0.05,0.005,1.0,0.5,0.3,2.0,0.4,-37.1155,3.75,-60132.65,-106665.57,-21333.11,2,4,29327.05
VOLTAS26JUNFUT,0.05,0.005,1.0,0.5,0.3,2.0,0.5,-37.0855,3.7225,-60766.71,-107280.88,-21456.18,2,4,29076.91
VOLTAS26JUNFUT,0.05,0.005,1.0,0.5,0.3,2.0,0.6,-37.8109,3.6925,-61403.73,-108521.31,-21704.26,2,4,28942.6
VOLTAS26JUNFUT,0.05,0.005,1.0,0.5,0.5,1.0,0.4,-9.9119,4.0925,51946.95,42732.5,8546.5,2,4,41916.69
VOLTAS26JUNFUT,0.05,0.005,1.0,0.5,0.5,1.0,0.5,-8.3943,4.185,57937.9,50808.25,10161.65,2,4,42854.76
VOLTAS26JUNFUT,0.05,0.005,1.0,0.5,0.5,1.0,0.6,-10.7696,4.645,75230.39,70764.76,14152.95,2,4,51842.05
VOLTAS26JUNFUT,0.05,0.005,1.0,0.5,0.5,1.5,0.4,0.6378,4.7175,16826.34,34253.56,6850.71,3,4,23341.05
VOLTAS26JUNFUT,0.05,0.005,1.0,0.5,0.5,1.5,0.5,0.1942,4.695,13352.7,31108.7,6221.74,3,4,23740.81
VOLTAS26JUNFUT,0.05,0.005,1.0,0.5,0.5,1.5,0.6,0.0299,4.6525,5521.41,22920.87,4584.17,3,4,21516.73
VOLTAS26JUNFUT,0.05,0.005,1.0,0.5,0.5,2.0,0.4,-37.2303,3.74,-60839.17,-107372.09,-21474.42,2,4,29141.75
VOLTAS26JUNFUT,0.05,0.005,1.0,0.5,0.5,2.0,0.5,-37.1856,3.72,-60919.73,-107433.91,-21486.78,2,4,29025.34
VOLTAS26JUNFUT,0.05,0.005,1.0,0.5,0.5,2.0,0.6,-37.7758,3.7,-60736.58,-107854.17,-21570.83,2,4,29093.23
VOLTAS26JUNFUT,0.05,0.005,1.0,0.5,1.0,1.0,0.4,-9.6063,4.13,52820.23,43605.78,8721.16,2,4,41949.07
VOLTAS26JUNFUT,0.05,0.005,1.0,0.5,1.0,1.0,0.5,-7.7982,4.2625,60587.55,53457.91,10691.58,2,4,42847.77
VOLTAS26JUNFUT,0.05,0.005,1.0,0.5,1.0,1.0,0.6,-10.7041,4.64,74904.38,70438.76,14087.75,2,4,51895.31
VOLTAS26JUNFUT,0.05,0.005,1.0,0.5,1.0,1.5,0.4,0.6402,4.715,16840.05,34267.27,6853.45,3,4,23336.82
VOLTAS26JUNFUT,0.05,0.005,1.0,0.5,1.0,1.5,0.5,0.1963,4.6875,13366.4,31122.41,6224.48,3,4,23736.51
VOLTAS26JUNFUT,0.05,0.005,1.0,0.5,1.0,1.5,0.6,0.0299,4.6525,5521.41,22920.87,4584.17,3,4,21516.73
VOLTAS26JUNFUT,0.05,0.005,1.0,0.5,1.0,2.0,0.4,-37.1873,3.74,-60660.88,-107190.05,-21438.01,2,4,29186.67
VOLTAS26JUNFUT,0.05,0.005,1.0,0.5,1.0,2.0,0.5,-37.1495,3.7225,-60741.44,-107251.87,-21450.37,2,4,29064.8
VOLTAS26JUNFUT,0.05,0.005,1.0,0.5,1.0,2.0,0.6,-37.7824,3.7,-60729.08,-107846.67,-21569.33,2,4,29093.0
WIPRO26JUNFUT,0.1,0.001,2.0,0.2,0.3,1.0,0.4,0.0,0.0,0.0,0.0,0.0,0,4,0.0
WIPRO26JUNFUT,0.1,0.001,2.0,0.2,0.3,1.0,0.5,0.0,0.0,0.0,0.0,0.0,0,4,0.0
WIPRO26JUNFUT,0.1,0.001,2.0,0.2,0.3,1.0,0.6,0.0,0.0,0.0,0.0,0.0,0,4,0.0
WIPRO26JUNFUT,0.1,0.001,2.0,0.2,0.3,1.5,0.4,-10.013,0.0,-1767.57,-1767.57,-353.51,0,4,517.97
WIPRO26JUNFUT,0.1,0.001,2.0,0.2,0.3,1.5,0.5,-10.013,0.0,-1767.57,-1767.57,-353.51,0,4,517.97
WIPRO26JUNFUT,0.1,0.001,2.0,0.2,0.3,1.5,0.6,-10.013,0.0,-1767.57,-1767.57,-353.51,0,4,517.97
WIPRO26JUNFUT,0.1,0.001,2.0,0.2,0.3,2.0,0.4,-9.827,0.0,-101.57,-101.57,-20.31,1,4,366.6
WIPRO26JUNFUT,0.1,0.001,2.0,0.2,0.3,2.0,0.5,-9.827,0.0,-101.57,-101.57,-20.31,1,4,366.6
WIPRO26JUNFUT,0.1,0.001,2.0,0.2,0.3,2.0,0.6,-9.827,0.0,-101.57,-101.57,-20.31,1,4,366.6
WIPRO26JUNFUT,0.1,0.001,2.0,0.2,0.5,1.0,0.4,0.0,0.0,0.0,0.0,0.0,0,4,0.0
WIPRO26JUNFUT,0.1,0.001,2.0,0.2,0.5,1.0,0.5,0.0,0.0,0.0,0.0,0.0,0,4,0.0
WIPRO26JUNFUT,0.1,0.001,2.0,0.2,0.5,1.0,0.6,0.0,0.0,0.0,0.0,0.0,0,4,0.0
WIPRO26JUNFUT,0.1,0.001,2.0,0.2,0.5,1.5,0.4,-10.013,0.0,-1767.57,-1767.57,-353.51,0,4,517.97
WIPRO26JUNFUT,0.1,0.001,2.0,0.2,0.5,1.5,0.5,-10.013,0.0,-1767.57,-1767.57,-353.51,0,4,517.97
WIPRO26JUNFUT,0.1,0.001,2.0,0.2,0.5,1.5,0.6,-10.013,0.0,-1767.57,-1767.57,-353.51,0,4,517.97
WIPRO26JUNFUT,0.1,0.001,2.0,0.2,0.5,2.0,0.4,-9.827,0.0,-101.57,-101.57,-20.31,1,4,366.6
WIPRO26JUNFUT,0.1,0.001,2.0,0.2,0.5,2.0,0.5,-9.827,0.0,-101.57,-101.57,-20.31,1,4,366.6
WIPRO26JUNFUT,0.1,0.001,2.0,0.2,0.5,2.0,0.6,-9.827,0.0,-101.57,-101.57,-20.31,1,4,366.6
WIPRO26JUNFUT,0.1,0.001,2.0,0.2,1.0,1.0,0.4,0.0,0.0,0.0,0.0,0.0,0,4,0.0
WIPRO26JUNFUT,0.1,0.001,2.0,0.2,1.0,1.0,0.5,0.0,0.0,0.0,0.0,0.0,0,4,0.0
WIPRO26JUNFUT,0.1,0.001,2.0,0.2,1.0,1.0,0.6,0.0,0.0,0.0,0.0,0.0,0,4,0.0
WIPRO26JUNFUT,0.1,0.001,2.0,0.2,1.0,1.5,0.4,-10.013,0.0,-1767.57,-1767.57,-353.51,0,4,517.97
WIPRO26JUNFUT,0.1,0.001,2.0,0.2,1.0,1.5,0.5,-10.013,0.0,-1767.57,-1767.57,-353.51,0,4,517.97
WIPRO26JUNFUT,0.1,0.001,2.0,0.2,1.0,1.5,0.6,-10.013,0.0,-1767.57,-1767.57,-353.51,0,4,517.97
WIPRO26JUNFUT,0.1,0.001,2.0,0.2,1.0,2.0,0.4,-9.827,0.0,-101.57,-101.57,-20.31,1,4,366.6
WIPRO26JUNFUT,0.1,0.001,2.0,0.2,1.0,2.0,0.5,-9.827,0.0,-101.57,-101.57,-20.31,1,4,366.6
WIPRO26JUNFUT,0.1,0.001,2.0,0.2,1.0,2.0,0.6,-9.827,0.0,-101.57,-101.57,-20.31,1,4,366.6
WIPRO26JUNFUT,0.1,0.001,2.0,0.3,0.3,1.0,0.4,0.0,0.0,0.0,0.0,0.0,0,4,0.0
WIPRO26JUNFUT,0.1,0.001,2.0,0.3,0.3,1.0,0.5,0.0,0.0,0.0,0.0,0.0,0,4,0.0
WIPRO26JUNFUT,0.1,0.001,2.0,0.3,0.3,1.0,0.6,0.0,0.0,0.0,0.0,0.0,0,4,0.0
WIPRO26JUNFUT,0.1,0.001,2.0,0.3,0.3,1.5,0.4,-10.013,0.0,-1767.57,-1767.57,-353.51,0,4,517.97
WIPRO26JUNFUT,0.1,0.001,2.0,0.3,0.3,1.5,0.5,-10.013,0.0,-1767.57,-1767.57,-353.51,0,4,517.97
WIPRO26JUNFUT,0.1,0.001,2.0,0.3,0.3,1.5,0.6,-10.013,0.0,-1767.57,-1767.57,-353.51,0,4,517.97
WIPRO26JUNFUT,0.1,0.001,2.0,0.3,0.3,2.0,0.4,-9.827,0.0,-101.57,-101.57,-20.31,1,4,366.6
WIPRO26JUNFUT,0.1,0.001,2.0,0.3,0.3,2.0,0.5,-9.827,0.0,-101.57,-101.57,-20.31,1,4,366.6
WIPRO26JUNFUT,0.1,0.001,2.0,0.3,0.3,2.0,0.6,-9.827,0.0,-101.57,-101.57,-20.31,1,4,366.6
WIPRO26JUNFUT,0.1,0.001,2.0,0.3,0.5,1.0,0.4,0.0,0.0,0.0,0.0,0.0,0,4,0.0
WIPRO26JUNFUT,0.1,0.001,2.0,0.3,0.5,1.0,0.5,0.0,0.0,0.0,0.0,0.0,0,4,0.0
WIPRO26JUNFUT,0.1,0.001,2.0,0.3,0.5,1.0,0.6,0.0,0.0,0.0,0.0,0.0,0,4,0.0
WIPRO26JUNFUT,0.1,0.001,2.0,0.3,0.5,1.5,0.4,-10.013,0.0,-1767.57,-1767.57,-353.51,0,4,517.97
WIPRO26JUNFUT,0.1,0.001,2.0,0.3,0.5,1.5,0.5,-10.013,0.0,-1767.57,-1767.57,-353.51,0,4,517.97
WIPRO26JUNFUT,0.1,0.001,2.0,0.3,0.5,1.5,0.6,-10.013,0.0,-1767.57,-1767.57,-353.51,0,4,517.97
WIPRO26JUNFUT,0.1,0.001,2.0,0.3,0.5,2.0,0.4,-9.827,0.0,-101.57,-101.57,-20.31,1,4,366.6
WIPRO26JUNFUT,0.1,0.001,2.0,0.3,0.5,2.0,0.5,-9.827,0.0,-101.57,-101.57,-20.31,1,4,366.6
WIPRO26JUNFUT,0.1,0.001,2.0,0.3,0.5,2.0,0.6,-9.827,0.0,-101.57,-101.57,-20.31,1,4,366.6
WIPRO26JUNFUT,0.1,0.001,2.0,0.3,1.0,1.0,0.4,0.0,0.0,0.0,0.0,0.0,0,4,0.0
WIPRO26JUNFUT,0.1,0.001,2.0,0.3,1.0,1.0,0.5,0.0,0.0,0.0,0.0,0.0,0,4,0.0
WIPRO26JUNFUT,0.1,0.001,2.0,0.3,1.0,1.0,0.6,0.0,0.0,0.0,0.0,0.0,0,4,0.0
WIPRO26JUNFUT,0.1,0.001,2.0,0.3,1.0,1.5,0.4,-10.013,0.0,-1767.57,-1767.57,-353.51,0,4,517.97
WIPRO26JUNFUT,0.1,0.001,2.0,0.3,1.0,1.5,0.5,-10.013,0.0,-1767.57,-1767.57,-353.51,0,4,517.97
WIPRO26JUNFUT,0.1,0.001,2.0,0.3,1.0,1.5,0.6,-10.013,0.0,-1767.57,-1767.57,-353.51,0,4,517.97
WIPRO26JUNFUT,0.1,0.001,2.0,0.3,1.0,2.0,0.4,-9.827,0.0,-101.57,-101.57,-20.31,1,4,366.6
WIPRO26JUNFUT,0.1,0.001,2.0,0.3,1.0,2.0,0.5,-9.827,0.0,-101.57,-101.57,-20.31,1,4,366.6
WIPRO26JUNFUT,0.1,0.001,2.0,0.3,1.0,2.0,0.6,-9.827,0.0,-101.57,-101.57,-20.31,1,4,366.6
WIPRO26JUNFUT,0.1,0.001,2.0,0.5,0.3,1.0,0.4,0.0,0.0,0.0,0.0,0.0,0,4,0.0
WIPRO26JUNFUT,0.1,0.001,2.0,0.5,0.3,1.0,0.5,0.0,0.0,0.0,0.0,0.0,0,4,0.0
WIPRO26JUNFUT,0.1,0.001,2.0,0.5,0.3,1.0,0.6,0.0,0.0,0.0,0.0,0.0,0,4,0.0
WIPRO26JUNFUT,0.1,0.001,2.0,0.5,0.3,1.5,0.4,-10.013,0.0,-1767.57,-1767.57,-353.51,0,4,517.97
WIPRO26JUNFUT,0.1,0.001,2.0,0.5,0.3,1.5,0.5,-10.013,0.0,-1767.57,-1767.57,-353.51,0,4,517.97
WIPRO26JUNFUT,0.1,0.001,2.0,0.5,0.3,1.5,0.6,-10.013,0.0,-1767.57,-1767.57,-353.51,0,4,517.97
WIPRO26JUNFUT,0.1,0.001,2.0,0.5,0.3,2.0,0.4,-9.827,0.0,-101.57,-101.57,-20.31,1,4,366.6
WIPRO26JUNFUT,0.1,0.001,2.0,0.5,0.3,2.0,0.5,-9.827,0.0,-101.57,-101.57,-20.31,1,4,366.6
WIPRO26JUNFUT,0.1,0.001,2.0,0.5,0.3,2.0,0.6,-9.827,0.0,-101.57,-101.57,-20.31,1,4,366.6
WIPRO26JUNFUT,0.1,0.001,2.0,0.5,0.5,1.0,0.4,0.0,0.0,0.0,0.0,0.0,0,4,0.0
WIPRO26JUNFUT,0.1,0.001,2.0,0.5,0.5,1.0,0.5,0.0,0.0,0.0,0.0,0.0,0,4,0.0
WIPRO26JUNFUT,0.1,0.001,2.0,0.5,0.5,1.0,0.6,0.0,0.0,0.0,0.0,0.0,0,4,0.0
WIPRO26JUNFUT,0.1,0.001,2.0,0.5,0.5,1.5,0.4,-10.013,0.0,-1767.57,-1767.57,-353.51,0,4,517.97
WIPRO26JUNFUT,0.1,0.001,2.0,0.5,0.5,1.5,0.5,-10.013,0.0,-1767.57,-1767.57,-353.51,0,4,517.97
WIPRO26JUNFUT,0.1,0.001,2.0,0.5,0.5,1.5,0.6,-10.013,0.0,-1767.57,-1767.57,-353.51,0,4,517.97
WIPRO26JUNFUT,0.1,0.001,2.0,0.5,0.5,2.0,0.4,-9.827,0.0,-101.57,-101.57,-20.31,1,4,366.6
WIPRO26JUNFUT,0.1,0.001,2.0,0.5,0.5,2.0,0.5,-9.827,0.0,-101.57,-101.57,-20.31,1,4,366.6
WIPRO26JUNFUT,0.1,0.001,2.0,0.5,0.5,2.0,0.6,-9.827,0.0,-101.57,-101.57,-20.31,1,4,366.6
WIPRO26JUNFUT,0.1,0.001,2.0,0.5,1.0,1.0,0.4,0.0,0.0,0.0,0.0,0.0,0,4,0.0
WIPRO26JUNFUT,0.1,0.001,2.0,0.5,1.0,1.0,0.5,0.0,0.0,0.0,0.0,0.0,0,4,0.0
WIPRO26JUNFUT,0.1,0.001,2.0,0.5,1.0,1.0,0.6,0.0,0.0,0.0,0.0,0.0,0,4,0.0
WIPRO26JUNFUT,0.1,0.001,2.0,0.5,1.0,1.5,0.4,-10.013,0.0,-1767.57,-1767.57,-353.51,0,4,517.97
WIPRO26JUNFUT,0.1,0.001,2.0,0.5,1.0,1.5,0.5,-10.013,0.0,-1767.57,-1767.57,-353.51,0,4,517.97
WIPRO26JUNFUT,0.1,0.001,2.0,0.5,1.0,1.5,0.6,-10.013,0.0,-1767.57,-1767.57,-353.51,0,4,517.97
WIPRO26JUNFUT,0.1,0.001,2.0,0.5,1.0,2.0,0.4,-9.827,0.0,-101.57,-101.57,-20.31,1,4,366.6
WIPRO26JUNFUT,0.1,0.001,2.0,0.5,1.0,2.0,0.5,-9.827,0.0,-101.57,-101.57,-20.31,1,4,366.6
WIPRO26JUNFUT,0.1,0.001,2.0,0.5,1.0,2.0,0.6,-9.827,0.0,-101.57,-101.57,-20.31,1,4,366.6
